,Unnamed: 0,Blocks,Fumble Returns,Interception,Opponent,Pass Yards Allowed,Point After,Points,Position,Rush Yards Allowed,Sack,Safety,Team,Total Yards,Touchdowns,Week,Year,Away Games
0,0,0,1,4,Eagles,306,17,22.0,DST,150,2.0,0,Browns,456,1,1,2012,0
1,1,0,1,1,Bengals,193,13,21.0,DST,129,4.0,0,Ravens,322,1,1,2012,0
2,2,0,1,3,Bills,195,28,20.0,DST,195,0.0,0,Jets,390,2,1,2012,0
3,3,0,1,1,Titans,264,13,19.0,DST,20,2.0,0,Patriots,284,1,1,2012,1
4,4,0,0,1,Steelers,209,19,17.0,DST,75,5.0,0,Broncos,284,1,1,2012,0
5,5,0,1,3,Dolphins,199,10,17.0,DST,76,2.0,0,Texans,275,0,1,2012,0
6,6,1,0,2,Panthers,291,10,16.0,DST,10,3.0,0,Buccaneers,301,0,1,2012,0
7,7,0,2,3,Colts,293,21,14.0,DST,63,3.0,0,Bears,356,0,1,2012,0
8,8,0,0,4,Browns,111,16,14.0,DST,99,2.0,0,Eagles,210,0,1,2012,1
9,9,0,0,3,Lions,346,27,14.0,DST,83,1.0,0,Rams,429,1,1,2012,1
10,10,1,1,1,Seahawks,139,16,13.0,DST,115,3.0,0,Cardinals,254,0,1,2012,0
11,11,1,1,0,Raiders,276,14,11.0,DST,45,3.0,0,Chargers,321,0,1,2012,1
12,12,0,1,2,Chiefs,241,24,10.0,DST,152,3.0,0,Falcons,393,0,1,2012,1
13,13,0,0,0,49ers,191,30,10.0,DST,186,4.0,0,Packers,377,1,1,2012,0
14,14,0,0,1,Bears,314,41,10.0,DST,114,2.0,0,Colts,428,1,1,2012,1
15,15,1,0,0,Redskins,306,40,10.0,DST,153,2.0,0,Saints,459,1,1,2012,0
16,16,0,1,0,Giants,187,17,9.0,DST,82,3.0,0,Cowboys,269,0,1,2012,1
17,17,0,1,1,Cardinals,210,20,9.0,DST,43,1.0,0,Seahawks,253,0,1,2012,1
18,18,0,0,0,Texans,254,30,8.0,DST,83,2.0,0,Dolphins,337,1,1,2012,1
19,19,1,1,0,Jaguars,242,23,7.0,DST,113,2.0,0,Vikings,355,0,1,2012,0
20,20,0,0,0,Buccaneers,128,16,6.0,DST,130,2.0,0,Panthers,258,0,1,2012,1
21,21,0,0,1,Packers,279,22,6.0,DST,45,3.0,0,49ers,324,0,1,2012,1
22,22,0,0,2,Saints,326,32,6.0,DST,32,2.0,0,Redskins,358,0,1,2012,1
23,23,0,0,0,Rams,173,23,5.0,DST,77,4.0,0,Lions,250,0,1,2012,0
24,24,0,1,0,Min,266,26,5.0,DST,123,2.0,0,Jaguars,389,0,1,2012,1
25,25,0,0,1,Cowboys,290,24,5.0,DST,143,2.0,0,Giants,433,0,1,2012,0
26,26,0,1,0,Broncos,240,31,4.0,DST,94,2.0,0,Steelers,334,0,1,2012,1
27,27,0,0,0,Ravens,308,44,3.0,DST,122,3.0,0,Bengals,430,0,1,2012,1
28,28,0,0,1,Jets,266,48,2.0,DST,118,0.0,0,Bills,384,0,1,2012,1
29,29,0,0,0,Chargers,226,22,2.0,DST,32,1.0,0,Raiders,258,0,1,2012,0
30,30,0,0,0,Falcons,292,40,1.0,DST,84,1.0,0,Chiefs,376,0,1,2012,0
31,31,0,0,0,Patriots,228,34,1.0,DST,162,1.0,0,Titans,390,0,1,2012,0
32,32,0,0,4,Bears,74,10,22.0,DST,94,7.0,0,Packers,168,0,2,2012,0
33,33,0,2,1,Chiefs,272,17,21.0,DST,150,5.0,0,Bills,422,1,2,2012,0
34,34,1,1,1,Cowboys,247,7,20.0,DST,49,1.0,0,Seahawks,296,1,2,2012,0
35,35,0,2,1,Rams,301,31,14.0,DST,151,2.0,0,Redskins,452,1,2,2012,1
36,36,1,0,1,Patriots,297,18,12.0,DST,90,4.0,0,Cardinals,387,0,2,2012,1
37,37,0,1,3,Broncos,218,21,12.0,DST,118,3.0,0,Falcons,336,0,2,2012,0
38,38,0,0,2,Saints,323,27,12.0,DST,163,1.0,0,Panthers,486,1,2,2012,0
39,39,0,1,0,Jaguars,52,7,12.0,DST,65,3.0,0,Texans,117,0,2,2012,1
40,40,0,0,3,Giants,510,41,12.0,DST,94,0.0,0,Buccaneers,604,1,2,2012,1
41,41,0,2,2,Eagles,357,24,11.0,DST,129,2.0,0,Ravens,486,0,2,2012,1
42,42,0,1,0,Browns,309,27,11.0,DST,130,2.0,0,Bengals,439,1,2,2012,0
43,43,0,1,0,Jets,129,10,11.0,DST,90,2.0,0,Steelers,219,0,2,2012,0
44,44,0,1,1,Packers,215,23,10.0,DST,106,5.0,0,Bears,321,0,2,2012,1
45,45,0,1,0,Min,232,20,10.0,DST,95,4.0,0,Colts,327,0,2,2012,0
46,46,0,2,0,Cardinals,140,20,10.0,DST,102,2.0,0,Patriots,242,0,2,2012,0
47,47,0,0,1,Raiders,373,13,9.0,DST,23,0.0,0,Dolphins,396,0,2,2012,0
48,48,0,0,1,Titans,174,10,9.0,DST,38,0.0,0,Chargers,212,0,2,2012,0
49,49,0,0,1,Bengals,295,34,8.0,DST,80,6.0,0,Browns,375,0,2,2012,1
50,50,0,0,1,Lions,214,19,8.0,DST,82,2.0,0,49ers,296,0,2,2012,0
51,51,0,1,1,Ravens,214,23,7.0,DST,111,2.0,0,Eagles,325,0,2,2012,0
52,52,0,1,0,49ers,201,27,6.0,DST,148,3.0,0,Lions,349,0,2,2012,1
53,53,0,0,2,Buccaneers,228,34,6.0,DST,79,2.0,0,Giants,307,0,2,2012,0
54,54,0,0,1,Chargers,268,38,6.0,DST,148,4.0,0,Titans,416,0,2,2012,1
55,55,1,0,1,Redskins,197,28,5.0,DST,176,1.0,0,Rams,373,0,2,2012,0
56,56,0,0,0,Steelers,265,27,4.0,DST,66,3.0,0,Jets,331,0,2,2012,1
57,57,0,0,0,Seahawks,133,27,3.0,DST,182,2.0,0,Cowboys,315,0,2,2012,1
58,58,0,0,0,Colts,194,23,3.0,DST,84,2.0,0,Vikings,278,0,2,2012,1
59,59,0,1,0,Panthers,244,35,3.0,DST,219,1.0,0,Saints,463,0,2,2012,1
60,60,0,0,0,Falcons,208,27,2.0,DST,67,1.0,0,Broncos,275,0,2,2012,1
61,61,0,0,0,Texans,195,27,1.0,DST,216,0.0,0,Jaguars,411,0,2,2012,0
62,62,0,0,0,Dolphins,189,35,1.0,DST,263,1.0,0,Raiders,452,0,2,2012,1
63,63,0,0,0,Bills,178,35,0.0,DST,201,0.0,0,Chiefs,379,0,2,2012,1
64,64,0,3,0,Eagles,194,6,27.0,DST,113,5.0,0,Cardinals,307,1,3,2012,0
65,65,0,0,2,Rams,101,6,26.0,DST,59,6.0,0,Bears,160,1,3,2012,0
66,66,0,1,0,Lions,442,41,21.0,DST,141,1.0,0,Titans,583,3,3,2012,0
67,67,0,2,2,Chargers,164,3,19.0,DST,116,1.0,0,Falcons,280,0,3,2012,1
68,68,0,2,3,Panthers,267,7,19.0,DST,60,2.0,0,Giants,327,0,3,2012,1
69,69,1,2,1,49ers,191,13,18.0,DST,89,3.0,0,Vikings,280,0,3,2012,0
70,70,0,0,0,Packers,184,12,15.0,DST,84,8.0,0,Seahawks,268,0,3,2012,0
71,71,0,1,1,Dolphins,196,20,14.0,DST,185,0.0,0,Jets,381,1,3,2012,1
72,72,0,2,1,Cowboys,259,16,14.0,DST,38,4.0,0,Buccaneers,297,0,3,2012,1
73,73,0,1,1,Buccaneers,91,10,13.0,DST,75,2.0,0,Cowboys,166,0,3,2012,0
74,74,0,0,2,Browns,207,14,12.0,DST,33,4.0,0,Bills,240,0,3,2012,1
75,75,0,1,1,Bengals,385,38,12.0,DST,93,2.0,0,Redskins,478,1,3,2012,0
76,76,0,2,1,Chiefs,237,27,10.0,DST,273,3.0,0,Saints,510,0,3,2012,0
77,77,0,0,1,Saints,205,24,9.0,DST,83,4.0,1,Chiefs,288,0,3,2012,1
78,78,0,1,0,Redskins,179,31,7.0,DST,202,5.0,0,Bengals,381,0,3,2012,1
79,79,0,1,1,Texans,284,31,7.0,DST,152,1.0,1,Broncos,436,0,3,2012,0
80,80,0,0,2,Jets,295,23,7.0,DST,93,2.0,0,Dolphins,388,0,3,2012,0
81,81,0,1,0,Broncos,316,25,6.0,DST,59,3.0,0,Texans,375,0,3,2012,1
82,82,0,0,1,Colts,313,17,6.0,DST,124,0.0,0,Jaguars,437,0,3,2012,1
83,83,0,0,0,Seahawks,111,14,5.0,DST,127,1.0,0,Packers,238,0,3,2012,1
84,84,0,2,0,Steelers,379,31,5.0,DST,54,1.0,0,Raiders,433,0,3,2012,0
85,85,0,0,1,Falcons,265,27,5.0,DST,119,2.0,0,Chargers,384,0,3,2012,0
86,86,0,2,0,Min,198,24,5.0,DST,146,0.0,0,49ers,344,0,3,2012,1
87,87,0,0,1,Bears,171,23,5.0,DST,103,2.0,0,Rams,274,0,3,2012,1
88,88,0,1,0,Bills,206,24,4.0,DST,138,1.0,0,Browns,344,0,3,2012,0
89,89,0,2,0,Titans,378,44,4.0,DST,59,0.0,0,Lions,437,0,3,2012,1
90,90,0,0,0,Cardinals,193,27,4.0,DST,99,3.0,0,Eagles,292,0,3,2012,1
91,91,0,0,1,Raiders,202,34,3.0,DST,119,1.0,0,Steelers,321,0,3,2012,1
92,92,0,0,0,Patriots,319,30,2.0,DST,77,2.0,0,Ravens,396,0,3,2012,0
93,93,0,0,0,Giants,280,36,2.0,DST,125,2.0,0,Panthers,405,0,3,2012,0
94,94,0,0,0,Jaguars,148,22,2.0,DST,185,1.0,0,Colts,333,0,3,2012,0
95,95,0,0,1,Ravens,382,31,2.0,DST,121,0.0,0,Patriots,503,0,3,2012,1
96,96,1,3,1,Jets,100,0,29.0,DST,45,3.0,0,49ers,145,1,4,2012,1
97,97,0,0,5,Cowboys,389,18,27.0,DST,41,1.0,0,Bears,430,2,4,2012,1
98,98,0,1,2,Titans,167,14,26.0,DST,158,4.0,0,Texans,325,2,4,2012,0
99,99,0,1,0,Lions,286,13,26.0,DST,55,5.0,0,Vikings,341,2,4,2012,1
100,100,0,3,3,Chiefs,234,20,24.0,DST,115,2.0,0,Chargers,349,1,4,2012,1
101,101,0,1,1,Jaguars,143,10,17.0,DST,69,6.0,0,Bengals,212,0,4,2012,1
102,102,0,1,1,Browns,314,16,15.0,DST,43,1.0,0,Ravens,357,1,4,2012,0
103,103,0,2,4,Bills,340,28,15.0,DST,98,3.0,0,Patriots,438,0,4,2012,1
104,104,0,0,3,Seahawks,140,13,15.0,DST,179,2.0,0,Rams,319,0,4,2012,0
105,105,0,2,2,Dolphins,394,21,13.0,DST,86,4.0,0,Cardinals,480,0,4,2012,0
106,106,0,0,0,Raiders,181,6,13.0,DST,56,3.0,0,Broncos,237,0,4,2012,0
107,107,0,0,2,Cardinals,269,24,13.0,DST,28,8.0,0,Dolphins,297,0,4,2012,1
108,108,0,0,1,Buccaneers,293,22,10.0,DST,80,1.0,0,Redskins,373,1,4,2012,1
109,109,0,0,1,Falcons,305,30,9.0,DST,121,7.0,0,Panthers,426,0,4,2012,1
110,110,0,0,1,Rams,211,19,8.0,DST,75,2.0,0,Seahawks,286,0,4,2012,1
111,111,0,0,1,Ravens,337,23,7.0,DST,101,4.0,0,Browns,438,0,4,2012,1
112,112,0,0,0,Min,100,20,6.0,DST,127,2.0,0,Lions,227,0,4,2012,0
113,113,0,0,0,Eagles,231,19,6.0,DST,191,2.0,0,Giants,422,0,4,2012,1
114,114,0,0,1,Giants,309,17,6.0,DST,57,0.0,0,Eagles,366,0,4,2012,0
115,115,0,1,0,Panthers,205,28,5.0,DST,199,3.0,0,Falcons,404,0,4,2012,0
116,116,0,2,0,Patriots,333,52,5.0,DST,247,1.0,0,Bills,580,0,4,2012,0
117,117,0,1,1,Bengals,244,27,5.0,DST,138,0.0,0,Jaguars,382,0,4,2012,0
118,118,0,0,1,Chargers,189,37,5.0,DST,104,3.0,0,Chiefs,293,0,4,2012,0
119,119,0,1,0,Bears,267,34,4.0,DST,93,2.0,0,Cowboys,360,0,4,2012,0
120,120,0,1,1,Packers,319,28,4.0,DST,102,0.0,0,Saints,421,0,4,2012,1
121,121,0,0,0,Saints,429,27,3.0,DST,45,2.0,0,Packers,474,0,4,2012,0
122,122,0,0,0,49ers,134,34,2.0,DST,247,2.0,0,Jets,381,0,4,2012,0
123,123,0,1,0,Broncos,338,37,2.0,DST,165,0.0,0,Raiders,503,0,4,2012,1
124,124,0,0,0,Redskins,321,24,2.0,DST,153,1.0,0,Buccaneers,474,0,4,2012,0
125,125,0,0,0,Texans,202,38,0.0,DST,95,0.0,0,Titans,297,0,4,2012,1
126,126,0,1,2,Jaguars,129,3,31.0,DST,60,3.0,0,Bears,189,2,5,2012,1
127,127,0,1,0,Cardinals,237,3,21.0,DST,45,9.0,0,Rams,282,0,5,2012,0
128,128,0,1,2,Seahawks,212,16,20.0,DST,98,2.0,1,Panthers,310,1,5,2012,0
129,129,0,2,2,Chiefs,124,6,18.0,DST,214,0.0,0,Ravens,338,0,5,2012,1
130,130,0,1,2,Bengals,218,13,16.0,DST,80,3.0,0,Dolphins,298,0,5,2012,1
131,131,0,1,1,Ravens,165,9,15.0,DST,133,4.0,0,Chiefs,298,0,5,2012,0
132,132,0,1,1,Bills,115,3,15.0,DST,89,1.0,0,49ers,204,0,5,2012,0
133,133,0,2,0,Panthers,108,12,15.0,DST,82,4.0,0,Seahawks,190,0,5,2012,1
134,134,0,1,1,Titans,215,7,13.0,DST,52,2.0,0,Vikings,267,0,5,2012,0
135,135,0,1,1,Falcons,338,24,12.0,DST,83,1.0,0,Redskins,421,1,5,2012,0
136,136,0,0,2,Redskins,187,17,11.0,DST,129,3.0,0,Falcons,316,0,5,2012,1
137,137,0,0,2,Jets,217,17,11.0,DST,69,3.0,0,Texans,286,0,5,2012,1
138,138,0,2,0,Eagles,168,14,11.0,DST,78,3.0,0,Steelers,246,0,5,2012,0
139,139,0,2,0,Dolphins,211,17,10.0,DST,68,2.0,0,Bengals,279,0,5,2012,0
140,140,0,1,1,Chargers,310,24,10.0,DST,117,5.0,0,Saints,427,0,5,2012,0
141,141,0,3,0,Broncos,324,21,9.0,DST,70,2.0,0,Patriots,394,0,5,2012,0
142,142,0,0,1,Texans,209,23,9.0,DST,169,0.0,0,Jets,378,1,5,2012,0
143,143,0,0,1,Packers,207,27,8.0,DST,149,5.0,0,Colts,356,0,5,2012,0
144,144,0,0,1,Rams,131,17,7.0,DST,111,1.0,0,Cardinals,242,0,5,2012,1
145,145,0,1,2,Browns,291,27,7.0,DST,84,0.0,0,Giants,375,0,5,2012,0
146,146,0,1,0,Patriots,193,31,6.0,DST,251,4.0,0,Broncos,444,0,5,2012,1
147,147,0,0,1,Colts,345,30,6.0,DST,119,4.0,0,Packers,464,0,5,2012,1
148,148,0,0,1,Saints,351,31,5.0,DST,53,3.0,0,Chargers,404,0,5,2012,1
149,149,0,0,2,Min,258,30,5.0,DST,175,1.0,0,Titans,433,0,5,2012,1
150,150,0,1,1,Giants,259,41,4.0,DST,243,0.0,0,Browns,502,0,5,2012,1
151,151,0,0,0,Steelers,220,16,4.0,DST,123,0.0,0,Eagles,343,0,5,2012,1
152,152,0,0,1,Bears,287,41,3.0,DST,214,1.0,0,Jaguars,501,0,5,2012,0
153,153,0,1,0,49ers,310,45,2.0,DST,311,0.0,0,Bills,621,0,5,2012,1
154,154,0,2,4,Chargers,217,24,29.0,DST,90,4.0,0,Broncos,307,2,6,2012,1
155,155,0,0,3,49ers,234,3,22.0,DST,80,6.0,0,Giants,314,0,6,2012,1
156,156,0,2,1,Raiders,325,20,19.0,DST,149,3.0,0,Falcons,474,1,6,2012,0
157,157,0,2,2,Colts,257,9,19.0,DST,41,4.0,0,Jets,298,0,6,2012,0
158,158,0,1,3,Bengals,362,24,17.0,DST,76,2.0,0,Browns,438,1,6,2012,0
159,159,0,0,2,Chiefs,180,10,17.0,DST,80,0.0,0,Buccaneers,260,1,6,2012,0
160,160,0,1,2,Min,327,26,17.0,DST,94,4.0,0,Redskins,421,1,6,2012,0
161,161,0,0,2,Cardinals,150,16,15.0,DST,182,5.0,1,Bills,332,0,6,2012,1
162,162,1,1,1,Buccaneers,318,38,13.0,DST,145,1.0,0,Chiefs,463,1,6,2012,1
163,163,0,2,1,Broncos,309,35,12.0,DST,56,0.0,0,Chargers,365,1,6,2012,0
164,164,0,1,1,Bills,141,19,10.0,DST,165,2.0,0,Cardinals,306,0,6,2012,0
165,165,0,1,2,Eagles,286,23,10.0,DST,71,3.0,0,Lions,357,0,6,2012,1
166,166,0,0,3,Texans,231,24,10.0,DST,90,3.0,0,Packers,321,0,6,2012,1
167,167,1,0,0,Packers,328,42,10.0,DST,99,2.0,0,Texans,427,1,6,2012,0
168,168,0,0,1,Cowboys,254,29,9.0,DST,227,1.0,0,Ravens,481,1,6,2012,0
169,169,0,1,0,Rams,300,14,9.0,DST,162,3.0,0,Dolphins,462,0,6,2012,0
170,170,0,0,3,Falcons,241,23,8.0,DST,45,1.0,0,Raiders,286,0,6,2012,1
171,171,0,2,0,Seahawks,283,24,7.0,DST,85,2.0,0,Patriots,368,0,6,2012,1
172,172,0,0,0,Dolphins,156,17,7.0,DST,36,3.0,0,Rams,192,0,6,2012,1
173,173,0,0,1,Titans,265,26,6.0,DST,94,3.0,0,Steelers,359,0,6,2012,1
174,174,0,0,2,Patriots,388,23,6.0,DST,87,1.0,0,Seahawks,475,0,6,2012,0
175,175,1,0,1,Steelers,356,23,6.0,DST,56,1.0,0,Titans,412,0,6,2012,0
176,176,0,0,1,Browns,218,34,4.0,DST,110,2.0,0,Bengals,328,0,6,2012,1
177,177,0,0,1,Redskins,178,38,3.0,DST,183,1.0,0,Vikings,361,0,6,2012,1
178,178,0,0,1,Lions,311,26,3.0,DST,138,0.0,0,Eagles,449,0,6,2012,0
179,179,1,0,0,Giants,193,26,3.0,DST,149,0.0,0,49ers,342,0,6,2012,0
180,180,0,0,0,Ravens,230,31,1.0,DST,86,1.0,0,Cowboys,316,0,6,2012,1
181,181,0,0,0,Jets,99,35,1.0,DST,252,1.0,0,Colts,351,0,6,2012,1
182,182,0,0,2,Ravens,121,13,23.0,DST,55,4.0,1,Texans,176,1,7,2012,0
183,183,0,1,1,Cardinals,230,14,21.0,DST,126,7.0,0,Vikings,356,1,7,2012,0
184,184,0,3,1,Lions,243,7,18.0,DST,97,3.0,0,Bears,340,0,7,2012,0
185,185,0,1,1,Jets,297,26,17.0,DST,106,4.0,1,Patriots,403,1,7,2012,0
186,186,1,0,0,Bears,125,13,14.0,DST,171,5.0,0,Lions,296,0,7,2012,1
187,187,0,0,1,Seahawks,115,6,14.0,DST,136,2.0,0,49ers,251,0,7,2012,0
188,188,0,3,1,Redskins,232,23,12.0,DST,248,3.0,0,Giants,480,0,7,2012,0
189,189,0,0,1,49ers,138,13,11.0,DST,175,2.0,0,Seahawks,313,0,7,2012,1
190,190,0,1,1,Panthers,216,14,10.0,DST,112,2.0,0,Cowboys,328,0,7,2012,1
191,191,0,1,0,Colts,173,17,9.0,DST,148,3.0,0,Browns,321,0,7,2012,1
192,192,0,0,1,Rams,246,20,9.0,DST,108,3.0,0,Packers,354,0,7,2012,1
193,193,0,2,1,Raiders,282,26,9.0,DST,69,2.0,0,Jaguars,351,0,7,2012,1
194,194,0,0,2,Min,43,21,8.0,DST,166,3.0,0,Cardinals,209,0,7,2012,1
195,195,0,0,0,Titans,193,35,8.0,DST,197,2.0,0,Bills,390,1,7,2012,0
196,196,0,1,1,Steelers,264,24,8.0,DST,167,3.0,0,Bengals,431,0,7,2012,0
197,197,0,0,0,Browns,264,13,7.0,DST,55,0.0,0,Colts,319,0,7,2012,0
198,198,0,1,0,Cowboys,227,19,6.0,DST,85,0.0,0,Panthers,312,0,7,2012,0
199,199,0,1,0,Jaguars,155,23,6.0,DST,54,3.0,0,Raiders,209,0,7,2012,0
200,200,0,0,1,Bengals,105,17,6.0,DST,80,0.0,0,Steelers,185,0,7,2012,1
201,201,0,0,2,Giants,329,27,6.0,DST,64,1.0,0,Redskins,393,0,7,2012,1
202,202,0,1,1,Bills,216,34,5.0,DST,166,1.0,0,Titans,382,0,7,2012,1
203,203,0,1,0,Patriots,250,29,3.0,DST,131,1.0,0,Jets,381,0,7,2012,1
204,204,0,0,0,Packers,332,30,3.0,DST,70,3.0,0,Rams,402,0,7,2012,0
205,205,0,0,0,Texans,239,43,2.0,DST,181,2.0,0,Ravens,420,0,7,2012,1
206,206,0,0,0,Buccaneers,411,28,2.0,DST,102,2.0,0,Saints,513,0,7,2012,1
207,207,0,0,1,Saints,377,35,2.0,DST,81,0.0,0,Buccaneers,458,0,7,2012,0
208,208,2,1,1,Jets,258,9,25.0,DST,105,4.0,0,Dolphins,363,1,8,2012,1
209,209,0,2,4,Cowboys,415,24,23.0,DST,19,4.0,0,Giants,434,1,8,2012,1
210,210,0,2,1,Bears,131,23,19.0,DST,79,6.0,0,Panthers,210,1,8,2012,1
211,211,1,1,0,Jaguars,279,15,16.0,DST,62,2.0,0,Packers,341,1,8,2012,0
212,212,0,0,1,Cardinals,258,3,16.0,DST,7,4.0,0,49ers,265,0,8,2012,1
213,213,0,2,2,Chiefs,197,16,15.0,DST,102,3.0,0,Raiders,299,0,8,2012,1
214,214,0,0,2,Panthers,297,22,13.0,DST,119,2.0,0,Bears,416,1,8,2012,0
215,215,0,1,0,Chargers,148,6,13.0,DST,117,1.0,0,Browns,265,0,8,2012,0
216,216,0,0,2,Rams,219,7,13.0,DST,107,2.0,0,Patriots,326,0,8,2012,1
217,217,0,2,1,Min,229,17,13.0,DST,140,3.0,0,Buccaneers,369,0,8,2012,1
218,218,1,0,0,Redskins,169,12,10.0,DST,86,1.0,0,Steelers,255,0,8,2012,0
219,219,1,0,1,Colts,286,19,10.0,DST,171,2.0,0,Titans,457,0,8,2012,0
220,220,0,0,0,Titans,227,13,9.0,DST,112,2.0,0,Colts,339,0,8,2012,1
221,221,0,0,0,Browns,117,7,9.0,DST,133,2.0,0,Chargers,250,0,8,2012,1
222,222,0,0,0,Eagles,178,17,7.0,DST,92,3.0,0,Falcons,270,0,8,2012,1
223,223,0,0,1,Saints,201,14,7.0,DST,51,1.0,0,Broncos,252,0,8,2012,0
224,224,0,0,0,49ers,204,24,5.0,DST,113,4.0,0,Cardinals,317,0,8,2012,0
225,225,0,1,1,Giants,190,29,5.0,DST,103,1.0,0,Cowboys,293,0,8,2012,0
226,226,0,1,1,Seahawks,236,24,5.0,DST,133,0.0,0,Lions,369,0,8,2012,0
227,227,0,1,0,Packers,172,24,5.0,DST,66,2.0,0,Jaguars,238,0,8,2012,1
228,228,0,1,0,Dolphins,139,30,4.0,DST,97,2.0,0,Jets,236,0,8,2012,0
229,229,1,0,0,Falcons,246,30,4.0,DST,146,2.0,0,Eagles,392,0,8,2012,0
230,230,0,0,1,Lions,331,28,4.0,DST,84,2.0,0,Seahawks,415,0,8,2012,1
231,231,0,0,1,Raiders,209,26,3.0,DST,135,0.0,0,Chiefs,344,0,8,2012,0
232,232,0,1,0,Broncos,305,34,2.0,DST,225,0.0,0,Saints,530,0,8,2012,1
233,233,0,0,0,Steelers,215,27,2.0,DST,140,1.0,0,Redskins,355,0,8,2012,1
234,234,0,0,0,Buccaneers,257,36,1.0,DST,159,1.0,0,Vikings,416,0,8,2012,0
235,235,0,0,0,Patriots,321,45,0.0,DST,152,0.0,0,Rams,473,0,8,2012,0
236,236,1,4,1,Titans,180,20,30.0,DST,159,2.0,0,Bears,339,2,9,2012,1
237,237,0,3,1,Chiefs,176,13,28.0,DST,113,1.0,0,Chargers,289,2,9,2012,0
238,238,0,1,1,Eagles,226,13,24.0,DST,221,7.0,0,Saints,447,1,9,2012,0
239,239,0,1,1,Steelers,191,24,15.0,DST,158,4.0,0,Giants,349,1,9,2012,0
240,240,0,0,1,Bengals,275,23,14.0,DST,91,5.0,0,Broncos,366,1,9,2012,1
241,241,0,1,0,Bills,230,9,13.0,DST,74,4.0,0,Texans,304,0,9,2012,0
242,242,0,1,1,Min,44,20,12.0,DST,243,4.0,0,Seahawks,287,0,9,2012,0
243,243,0,0,0,Redskins,186,13,11.0,DST,151,4.0,0,Panthers,337,0,9,2012,1
244,244,0,1,1,Cardinals,286,17,10.0,DST,54,2.0,0,Packers,340,0,9,2012,0
245,245,0,0,2,Browns,174,15,9.0,DST,116,1.0,0,Ravens,290,0,9,2012,1
246,246,0,0,2,Jaguars,215,14,9.0,DST,64,1.0,0,Lions,279,0,9,2012,1
247,247,0,0,0,Cowboys,312,13,8.0,DST,65,1.0,0,Falcons,377,0,9,2012,0
248,248,0,0,1,Giants,114,20,8.0,DST,68,2.0,0,Steelers,182,0,9,2012,1
249,249,0,0,3,Raiders,402,32,8.0,DST,22,2.0,0,Buccaneers,424,0,9,2012,1
250,250,0,0,0,Falcons,330,19,7.0,DST,123,3.0,0,Cowboys,453,0,9,2012,1
251,251,0,1,0,Bears,205,51,7.0,DST,160,3.0,1,Titans,365,0,9,2012,0
252,252,0,0,0,Dolphins,281,20,6.0,DST,84,2.0,0,Colts,365,0,9,2012,0
253,253,0,2,0,Saints,231,28,6.0,DST,140,2.0,0,Eagles,371,0,9,2012,1
254,254,1,0,0,Texans,256,21,5.0,DST,118,2.0,0,Bills,374,0,9,2012,1
255,255,0,1,1,Chargers,216,31,5.0,DST,123,1.0,0,Chiefs,339,0,9,2012,1
256,256,1,1,0,Buccaneers,237,42,5.0,DST,278,1.0,0,Raiders,515,0,9,2012,0
257,257,0,0,2,Broncos,291,31,4.0,DST,68,0.0,0,Bengals,359,0,9,2012,0
258,258,1,0,0,Colts,419,23,4.0,DST,97,1.0,0,Dolphins,516,0,9,2012,1
259,259,0,0,1,Packers,208,31,3.0,DST,176,1.0,0,Cardinals,384,0,9,2012,1
260,260,1,0,0,Seahawks,190,30,3.0,DST,195,1.0,0,Vikings,385,0,9,2012,1
261,261,0,0,0,Ravens,145,25,2.0,DST,137,1.0,0,Browns,282,0,9,2012,0
262,262,0,0,0,Lions,285,31,1.0,DST,149,1.0,0,Jaguars,434,0,9,2012,0
263,263,0,0,0,Panthers,201,21,1.0,DST,129,0.0,0,Redskins,330,0,9,2012,0
264,264,0,0,2,Panthers,198,14,29.0,DST,52,7.0,1,Broncos,250,2,10,2012,1
265,265,0,1,3,Dolphins,201,3,26.0,DST,54,2.0,0,Titans,255,1,10,2012,1
266,266,0,1,1,Eagles,278,23,25.0,DST,91,2.0,0,Cowboys,369,3,10,2012,1
267,267,0,1,2,Jaguars,300,10,23.0,DST,37,4.0,0,Colts,337,1,10,2012,1
268,268,1,0,2,Chargers,323,24,21.0,DST,103,2.0,0,Buccaneers,426,2,10,2012,0
269,269,0,2,1,Raiders,350,20,19.0,DST,72,3.0,0,Ravens,422,1,10,2012,0
270,270,0,2,2,Giants,189,13,19.0,DST,129,4.0,0,Bengals,318,0,10,2012,0
271,271,0,2,2,Bears,134,6,18.0,DST,115,0.0,0,Texans,249,0,10,2012,1
272,272,0,2,1,Jets,101,7,16.0,DST,84,3.0,0,Seahawks,185,0,10,2012,0
273,273,0,2,0,Seahawks,189,28,14.0,DST,174,4.0,0,Jets,363,1,10,2012,1
274,274,0,0,2,Texans,88,13,12.0,DST,127,1.0,0,Bears,215,0,10,2012,0
275,275,0,0,1,Chiefs,148,13,11.0,DST,142,2.0,0,Steelers,290,0,10,2012,0
276,276,0,2,1,Bills,319,31,9.0,DST,162,3.0,0,Patriots,481,0,10,2012,0
277,277,0,1,1,Colts,221,27,7.0,DST,138,2.0,0,Jaguars,359,0,10,2012,0
278,278,0,1,0,Steelers,154,16,7.0,DST,95,1.0,0,Chiefs,249,0,10,2012,1
279,279,0,1,1,Lions,308,24,7.0,DST,60,2.0,0,Vikings,368,0,10,2012,0
280,280,0,0,0,49ers,158,24,6.0,DST,183,5.0,0,Rams,341,0,10,2012,1
281,281,0,2,0,Broncos,295,36,5.0,DST,65,1.0,0,Panthers,360,0,10,2012,0
282,282,0,1,0,Rams,299,24,5.0,DST,159,2.0,0,49ers,458,0,10,2012,0
283,283,0,0,1,Falcons,408,27,4.0,DST,46,1.0,0,Saints,454,0,10,2012,0
284,284,0,0,1,Saints,292,31,3.0,DST,148,1.0,0,Falcons,440,0,10,2012,1
285,285,0,0,0,Cowboys,193,38,3.0,DST,101,3.0,0,Eagles,294,0,10,2012,0
286,286,0,0,0,Min,207,34,2.0,DST,196,2.0,0,Lions,403,0,10,2012,1
287,287,0,1,0,Bengals,199,31,2.0,DST,76,0.0,0,Giants,275,0,10,2012,1
288,288,0,0,1,Ravens,341,55,2.0,DST,78,0.0,0,Raiders,419,0,10,2012,1
289,289,0,0,0,Patriots,230,37,1.0,DST,117,1.0,0,Bills,347,0,10,2012,1
290,290,0,0,0,Titans,116,37,1.0,DST,177,1.0,0,Dolphins,293,0,10,2012,0
291,291,0,0,0,Buccaneers,205,34,1.0,DST,74,1.0,0,Chargers,279,0,10,2012,1
292,292,0,1,3,Colts,329,24,28.0,DST,119,1.0,0,Patriots,448,3,11,2012,0
293,293,0,2,2,Lions,252,20,23.0,DST,110,5.0,0,Packers,362,1,11,2012,1
294,294,0,2,1,Steelers,175,10,22.0,DST,134,3.0,0,Ravens,309,1,11,2012,1
295,295,0,1,2,Eagles,177,6,20.0,DST,80,4.0,0,Redskins,257,0,11,2012,0
296,296,0,1,2,Dolphins,124,14,19.0,DST,60,3.0,0,Bills,184,1,11,2012,0
297,297,0,0,2,Bears,58,7,19.0,DST,85,6.0,1,49ers,143,0,11,2012,0
298,298,0,0,2,Raiders,284,17,17.0,DST,120,3.0,0,Saints,404,1,11,2012,1
299,299,0,1,0,Chiefs,171,6,16.0,DST,113,4.0,0,Bengals,284,0,11,2012,1
300,300,0,1,0,Cardinals,41,19,15.0,DST,137,3.0,0,Falcons,178,1,11,2012,0
301,301,0,1,1,Broncos,253,30,15.0,DST,133,3.0,1,Chargers,386,1,11,2012,1
302,302,0,1,5,Falcons,296,23,14.0,DST,58,1.0,0,Cardinals,354,0,11,2012,1
303,303,0,1,2,Buccaneers,236,27,14.0,DST,167,1.0,0,Panthers,403,1,11,2012,0
304,304,0,2,1,Rams,167,13,14.0,DST,114,1.0,0,Jets,281,0,11,2012,1
305,305,1,1,2,Chargers,224,23,13.0,DST,53,4.0,0,Broncos,277,0,11,2012,0
306,306,0,0,0,Bills,161,19,13.0,DST,120,3.0,0,Dolphins,281,1,11,2012,1
307,307,0,1,0,Cowboys,257,23,10.0,DST,63,7.0,0,Browns,320,0,11,2012,1
308,308,0,0,0,Ravens,153,13,9.0,DST,47,2.0,0,Steelers,200,0,11,2012,0
309,309,0,1,0,Browns,192,20,8.0,DST,119,2.0,0,Cowboys,311,0,11,2012,0
310,310,0,1,2,Texans,504,43,8.0,DST,149,2.0,0,Jaguars,653,0,11,2012,1
311,311,0,0,1,Packers,219,24,6.0,DST,95,3.0,0,Lions,314,0,11,2012,0
312,312,1,0,0,Jets,165,27,6.0,DST,124,3.0,0,Rams,289,0,11,2012,0
313,313,0,1,0,Panthers,234,21,5.0,DST,97,2.0,0,Buccaneers,331,0,11,2012,1
314,314,0,1,0,Jaguars,372,37,4.0,DST,86,2.0,0,Texans,458,0,11,2012,0
315,315,0,0,0,49ers,232,32,2.0,DST,121,2.0,0,Bears,353,0,11,2012,1
316,316,0,0,0,Bengals,220,28,2.0,DST,189,2.0,0,Chiefs,409,0,11,2012,0
317,317,0,0,0,Redskins,192,31,2.0,DST,169,2.0,0,Eagles,361,0,11,2012,1
318,318,0,0,0,Patriots,331,59,0.0,DST,115,0.0,0,Colts,446,0,11,2012,1
319,319,0,0,0,Saints,229,38,0.0,DST,151,0.0,0,Raiders,380,0,11,2012,0
320,320,0,4,1,Jets,286,19,28.0,DST,119,2.0,0,Patriots,405,2,12,2012,1
321,321,0,0,4,Cardinals,301,17,26.0,DST,74,2.0,0,Rams,375,2,12,2012,1
322,322,0,0,2,Saints,231,21,22.0,DST,59,5.0,0,49ers,290,2,12,2012,1
323,323,0,5,3,Steelers,193,14,21.0,DST,49,1.0,0,Browns,242,0,12,2012,0
324,324,1,2,1,Min,144,10,17.0,DST,114,2.0,0,Bears,258,0,12,2012,0
325,325,0,0,1,Bills,169,13,17.0,DST,135,2.0,0,Colts,304,1,12,2012,0
326,326,0,1,1,Packers,201,10,16.0,DST,116,5.0,0,Giants,317,0,12,2012,0
327,327,0,0,1,Browns,130,20,16.0,DST,108,4.0,0,Steelers,238,1,12,2012,1
328,328,0,1,1,Raiders,119,10,15.0,DST,99,4.0,0,Bengals,218,0,12,2012,0
329,329,0,0,0,Chargers,189,13,13.0,DST,91,6.0,0,Ravens,280,0,12,2012,1
330,330,0,1,1,Colts,225,20,12.0,DST,87,4.0,0,Bills,312,0,12,2012,1
331,331,0,0,1,Chiefs,116,9,11.0,DST,148,2.0,0,Broncos,264,0,12,2012,1
332,332,0,0,1,Dolphins,246,24,10.0,DST,189,1.0,0,Seahawks,435,1,12,2012,1
333,333,0,0,1,Jaguars,221,24,10.0,DST,100,7.0,0,Titans,321,0,12,2012,1
334,334,0,0,2,Titans,250,19,9.0,DST,110,1.0,0,Jaguars,360,0,12,2012,0
335,335,0,0,0,Ravens,316,16,9.0,DST,127,5.0,0,Chargers,443,0,12,2012,0
336,336,0,3,0,Eagles,107,22,8.0,DST,204,1.0,0,Panthers,311,0,12,2012,1
337,337,0,0,1,Broncos,273,17,8.0,DST,95,2.0,0,Chiefs,368,0,12,2012,0
338,338,0,1,2,Cowboys,423,31,8.0,DST,35,2.0,0,Redskins,458,0,12,2012,1
339,339,1,1,1,Bears,183,28,7.0,DST,113,1.0,0,Vikings,296,0,12,2012,1
340,340,1,1,1,49ers,231,31,6.0,DST,144,0.0,0,Saints,375,0,12,2012,0
341,341,0,1,1,Falcons,345,24,6.0,DST,79,1.0,0,Buccaneers,424,0,12,2012,0
342,342,0,0,1,Redskins,288,38,5.0,DST,149,3.0,0,Cowboys,437,0,12,2012,0
343,343,0,1,0,Lions,419,31,5.0,DST,106,3.0,0,Texans,525,0,12,2012,1
344,344,0,0,1,Rams,194,31,4.0,DST,173,2.0,0,Cardinals,367,0,12,2012,0
345,345,0,0,1,Texans,296,34,4.0,DST,205,2.0,0,Lions,501,0,12,2012,0
346,346,0,1,0,Patriots,323,49,4.0,DST,152,0.0,1,Jets,475,0,12,2012,0
347,347,0,0,0,Buccaneers,276,23,3.0,DST,50,2.0,0,Falcons,326,0,12,2012,1
348,348,0,0,0,Seahawks,216,21,3.0,DST,96,2.0,0,Dolphins,312,0,12,2012,0
349,349,0,0,0,Bengals,194,34,2.0,DST,221,2.0,0,Raiders,415,0,12,2012,1
350,350,0,0,0,Panthers,289,30,2.0,DST,109,2.0,0,Eagles,398,0,12,2012,0
351,351,0,0,0,Giants,243,38,1.0,DST,147,1.0,0,Packers,390,0,12,2012,1
352,352,0,3,3,Titans,265,10,25.0,DST,89,6.0,0,Texans,354,0,13,2012,1
353,353,0,1,0,49ers,191,13,20.0,DST,148,3.0,1,Rams,339,1,13,2012,0
354,354,0,1,3,Jets,112,7,18.0,DST,177,3.0,0,Cardinals,289,0,13,2012,1
355,355,0,0,5,Saints,335,13,18.0,DST,101,1.0,0,Falcons,436,0,13,2012,0
356,356,0,1,2,Bengals,211,20,17.0,DST,128,1.0,0,Chargers,339,1,13,2012,0
357,357,0,1,1,Chargers,251,13,15.0,DST,46,4.0,0,Bengals,297,0,13,2012,1
358,358,0,0,1,Cardinals,56,6,14.0,DST,81,2.0,0,Jets,137,0,13,2012,0
359,359,0,1,1,Jaguars,186,18,11.0,DST,50,3.0,0,Bills,236,0,13,2012,0
360,360,1,0,2,Browns,353,20,11.0,DST,122,1.0,0,Raiders,475,0,13,2012,0
361,361,0,1,1,Ravens,177,20,11.0,DST,111,3.0,0,Steelers,288,0,13,2012,1
362,362,0,0,0,Giants,273,16,11.0,DST,117,1.0,0,Redskins,390,1,13,2012,0
363,363,0,0,1,Buccaneers,235,23,10.0,DST,71,1.0,0,Broncos,306,1,13,2012,0
364,364,0,1,2,Steelers,270,23,9.0,DST,96,2.0,0,Ravens,366,0,13,2012,0
365,365,0,1,0,Eagles,240,33,9.0,DST,183,1.0,0,Cowboys,423,1,13,2012,0
366,366,0,1,0,Dolphins,176,16,9.0,DST,101,3.0,0,Patriots,277,0,13,2012,1
367,367,0,0,3,Colts,372,35,8.0,DST,87,2.0,0,Lions,459,0,13,2012,0
368,368,0,0,2,Min,119,14,8.0,DST,240,0.0,0,Packers,359,0,13,2012,0
369,369,0,0,0,Cowboys,294,38,8.0,DST,123,2.0,0,Eagles,417,1,13,2012,1
370,370,0,0,1,Raiders,344,17,7.0,DST,85,1.0,0,Browns,429,0,13,2012,1
371,371,0,0,1,Patriots,213,23,7.0,DST,108,4.0,0,Dolphins,321,0,13,2012,0
372,372,0,1,0,Redskins,163,17,6.0,DST,207,0.0,0,Giants,370,0,13,2012,1
373,373,0,0,0,Rams,208,16,6.0,DST,85,2.0,0,49ers,293,0,13,2012,1
374,374,0,1,0,Seahawks,283,23,5.0,DST,176,2.0,0,Bears,459,0,13,2012,0
375,375,0,0,1,Packers,283,23,5.0,DST,152,2.0,0,Vikings,435,0,13,2012,1
376,376,0,1,1,Bills,112,34,4.0,DST,232,0.0,0,Jaguars,344,0,13,2012,1
377,377,0,1,0,Falcons,159,23,4.0,DST,124,1.0,0,Saints,283,0,13,2012,1
378,378,0,0,0,Bears,233,17,4.0,DST,132,0.0,0,Seahawks,365,0,13,2012,1
379,379,0,0,0,Panthers,220,21,3.0,DST,165,2.0,0,Chiefs,385,0,13,2012,0
380,380,0,0,0,Chiefs,197,27,2.0,DST,158,1.0,0,Panthers,355,0,13,2012,1
381,381,0,0,1,Lions,313,33,2.0,DST,138,0.0,0,Colts,451,0,13,2012,1
382,382,0,0,1,Broncos,242,31,2.0,DST,91,0.0,0,Buccaneers,333,0,13,2012,1
383,383,0,0,0,Texans,207,24,1.0,DST,124,0.0,0,Titans,331,0,13,2012,0
384,384,0,4,4,Cardinals,111,0,41.0,DST,43,3.0,0,Seahawks,154,2,14,2012,0
385,385,0,0,1,Chiefs,130,7,20.0,DST,180,5.0,0,Browns,310,1,14,2012,0
386,386,0,0,2,Bears,320,14,16.0,DST,118,2.0,0,Vikings,438,1,14,2012,0
387,387,0,2,2,Saints,345,27,16.0,DST,142,1.0,0,Giants,487,1,14,2012,0
388,388,0,1,1,Bills,220,12,16.0,DST,61,5.0,0,Rams,281,0,14,2012,1
389,389,0,1,1,Lions,251,20,15.0,DST,135,1.0,0,Packers,386,1,14,2012,0
390,390,0,0,2,Colts,171,27,15.0,DST,98,4.0,0,Titans,269,1,14,2012,1
391,391,0,0,1,Texans,223,14,14.0,DST,100,2.0,0,Patriots,323,1,14,2012,0
392,392,0,0,2,Jaguars,168,10,14.0,DST,123,3.0,0,Jets,291,0,14,2012,1
393,393,0,1,1,Steelers,271,24,13.0,DST,69,2.0,0,Chargers,340,1,14,2012,1
394,394,0,1,1,Raiders,263,13,12.0,DST,61,1.0,0,Broncos,324,0,14,2012,1
395,395,0,0,2,Titans,259,23,12.0,DST,97,1.0,0,Colts,356,1,14,2012,0
396,396,0,0,1,Bengals,190,19,11.0,DST,146,5.0,0,Cowboys,336,0,14,2012,1
397,397,0,1,0,Dolphins,133,13,11.0,DST,94,2.0,0,49ers,227,0,14,2012,0
398,398,0,0,2,Giants,259,52,10.0,DST,135,0.0,0,Saints,394,1,14,2012,1
399,399,0,0,1,Cowboys,239,20,9.0,DST,49,3.0,0,Bengals,288,0,14,2012,0
400,400,0,2,0,Jets,104,17,9.0,DST,166,1.0,0,Jaguars,270,0,14,2012,0
401,401,0,1,0,Eagles,338,23,9.0,DST,29,6.0,0,Buccaneers,367,0,14,2012,0
402,402,0,0,1,Falcons,327,20,8.0,DST,35,2.0,0,Panthers,362,0,14,2012,0
403,403,0,0,1,Rams,207,15,7.0,DST,78,1.0,0,Bills,285,0,14,2012,0
404,404,0,1,0,Packers,148,27,6.0,DST,140,3.0,0,Lions,288,0,14,2012,1
405,405,0,0,1,Broncos,288,26,6.0,DST,140,3.0,0,Raiders,428,0,14,2012,0
406,406,0,1,1,Ravens,173,28,6.0,DST,186,2.0,0,Redskins,359,0,14,2012,0
407,407,0,1,0,Redskins,244,31,5.0,DST,179,3.0,0,Ravens,423,0,14,2012,1
408,408,0,0,0,49ers,166,27,5.0,DST,155,4.0,0,Dolphins,321,0,14,2012,1
409,409,0,0,1,Min,77,21,4.0,DST,171,1.0,0,Bears,248,0,14,2012,1
410,410,0,0,1,Seahawks,209,58,3.0,DST,284,1.0,0,Cardinals,493,0,14,2012,1
411,411,0,0,1,Patriots,289,42,3.0,DST,130,1.0,0,Texans,419,0,14,2012,1
412,412,0,0,0,Browns,198,30,3.0,DST,154,3.0,0,Chiefs,352,0,14,2012,1
413,413,0,0,0,Buccaneers,178,21,3.0,DST,136,2.0,0,Eagles,314,0,14,2012,1
414,414,0,0,0,Panthers,280,30,1.0,DST,195,1.0,0,Falcons,475,0,14,2012,1
415,415,0,0,0,Chargers,200,34,1.0,DST,94,1.0,0,Steelers,294,0,14,2012,0
416,416,0,1,3,Lions,228,10,29.0,DST,84,2.0,0,Cardinals,312,2,15,2012,0
417,417,1,4,1,Eagles,177,13,26.0,DST,42,1.0,0,Bengals,219,1,15,2012,1
418,418,0,1,4,Buccaneers,319,0,22.0,DST,67,2.0,0,Saints,386,0,15,2012,0
419,419,0,1,4,Jets,107,10,21.0,DST,146,4.0,0,Titans,253,0,15,2012,0
420,420,1,1,0,Colts,148,17,19.0,DST,124,5.0,0,Texans,272,1,15,2012,0
421,421,0,1,2,Bills,215,17,19.0,DST,118,3.0,0,Seahawks,333,1,15,2012,1
422,422,0,1,2,Giants,159,0,17.0,DST,97,1.0,0,Falcons,256,0,15,2012,0
423,423,0,2,0,Chargers,94,7,17.0,DST,70,6.0,0,Panthers,164,0,15,2012,1
424,424,0,1,1,Ravens,222,17,17.0,DST,56,3.0,0,Broncos,278,1,15,2012,1
425,425,0,2,2,Patriots,425,34,17.0,DST,95,3.0,0,49ers,520,1,15,2012,1
426,426,0,0,1,Chiefs,109,0,16.0,DST,10,4.0,0,Raiders,119,0,15,2012,0
427,427,0,1,1,Rams,345,22,15.0,DST,87,4.0,0,Vikings,432,1,15,2012,1
428,428,0,0,1,Bears,107,13,13.0,DST,83,4.0,0,Packers,190,0,15,2012,1
429,429,0,0,0,Jaguars,213,3,12.0,DST,86,2.0,0,Dolphins,299,0,15,2012,0
430,430,1,0,0,Titans,127,14,10.0,DST,167,4.0,0,Jets,294,0,15,2012,1
431,431,0,2,0,Bengals,92,34,10.0,DST,157,6.0,0,Eagles,249,0,15,2012,0
432,432,0,1,1,Steelers,319,24,9.0,DST,69,4.0,0,Cowboys,388,0,15,2012,0
433,433,0,2,0,Packers,278,21,8.0,DST,113,3.0,0,Bears,391,0,15,2012,0
434,434,0,0,2,Browns,233,21,7.0,DST,58,2.0,0,Redskins,291,0,15,2012,1
435,435,0,1,0,Raiders,182,15,6.0,DST,203,0.0,0,Chiefs,385,0,15,2012,1
436,436,0,1,1,49ers,208,41,5.0,DST,180,1.0,0,Patriots,388,0,15,2012,0
437,437,1,0,0,Seahawks,196,50,4.0,DST,270,2.0,0,Bills,466,0,15,2012,0
438,438,0,0,1,Redskins,308,38,4.0,DST,122,2.0,0,Browns,430,0,15,2012,0
439,439,0,1,0,Dolphins,209,24,4.0,DST,180,1.0,0,Jaguars,389,0,15,2012,1
440,440,0,1,0,Cowboys,328,27,4.0,DST,87,1.0,0,Steelers,415,0,15,2012,1
441,441,0,1,0,Panthers,217,31,4.0,DST,155,2.0,0,Chargers,372,0,15,2012,0
442,442,0,0,1,Cardinals,97,38,3.0,DST,99,1.0,0,Lions,196,0,15,2012,1
443,443,0,0,0,Texans,239,29,3.0,DST,178,3.0,0,Colts,417,0,15,2012,1
444,444,0,0,0,Broncos,187,34,2.0,DST,163,2.0,0,Ravens,350,0,15,2012,0
445,445,0,0,0,Min,109,36,2.0,DST,213,2.0,0,Rams,322,0,15,2012,0
446,446,0,0,0,Falcons,265,34,1.0,DST,129,1.0,0,Giants,394,0,15,2012,1
447,447,0,0,0,Saints,298,41,1.0,DST,149,1.0,0,Buccaneers,447,0,15,2012,1
448,448,0,1,2,Cardinals,219,13,29.0,DST,29,4.0,0,Bears,248,2,16,2012,1
449,449,0,1,4,Buccaneers,349,13,28.0,DST,80,5.0,0,Rams,429,1,16,2012,1
450,450,0,1,1,Jets,156,17,25.0,DST,69,11.0,0,Chargers,225,1,16,2012,1
451,451,0,1,2,Steelers,185,10,23.0,DST,95,4.0,0,Bengals,280,1,16,2012,1
452,452,0,1,2,Chiefs,155,13,20.0,DST,352,1.0,0,Colts,507,1,16,2012,1
453,453,1,1,1,49ers,231,13,20.0,DST,82,1.0,0,Seahawks,313,1,16,2012,0
454,454,0,1,2,Bengals,253,13,19.0,DST,14,6.0,0,Steelers,267,0,16,2012,0
455,455,0,0,2,Titans,101,7,18.0,DST,79,7.0,0,Packers,180,0,16,2012,0
456,456,0,2,0,Texans,153,6,18.0,DST,34,4.0,0,Vikings,187,0,16,2012,1
457,457,0,3,1,Bills,227,10,17.0,DST,154,2.0,0,Dolphins,381,0,16,2012,0
458,458,0,1,0,Browns,142,12,15.0,DST,91,6.0,0,Broncos,233,0,16,2012,0
459,459,0,0,1,Raiders,142,6,13.0,DST,47,1.0,0,Panthers,189,0,16,2012,0
460,460,0,1,1,Eagles,321,20,13.0,DST,90,5.0,0,Redskins,411,0,16,2012,1
461,461,1,1,0,Bears,145,28,11.0,DST,152,1.0,0,Cardinals,297,1,16,2012,0
462,462,0,0,3,Jaguars,343,16,11.0,DST,93,1.0,0,Patriots,436,0,16,2012,1
463,463,0,2,1,Lions,443,18,10.0,DST,79,0.0,0,Falcons,522,0,16,2012,1
464,464,0,1,1,Panthers,159,17,10.0,DST,112,2.0,0,Raiders,271,0,16,2012,1
465,465,0,0,2,Patriots,246,23,8.0,DST,103,3.0,0,Jaguars,349,0,16,2012,0
466,466,0,0,0,Giants,119,14,7.0,DST,67,3.0,0,Ravens,186,0,16,2012,0
467,467,0,0,0,Colts,198,20,7.0,DST,90,3.0,0,Chiefs,288,0,16,2012,0
468,468,1,0,0,Dolphins,119,24,5.0,DST,182,2.0,0,Bills,301,0,16,2012,1
469,469,0,0,0,Chargers,136,27,5.0,DST,87,4.0,0,Jets,223,0,16,2012,0
470,470,0,1,0,Min,171,23,4.0,DST,174,1.0,0,Texans,345,0,16,2012,0
471,471,0,1,0,Cowboys,406,31,4.0,DST,40,2.0,0,Saints,446,0,16,2012,1
472,472,0,0,1,Redskins,185,27,4.0,DST,128,1.0,0,Eagles,313,0,16,2012,0
473,473,0,1,1,Rams,196,28,4.0,DST,89,0.0,0,Buccaneers,285,0,16,2012,0
474,474,0,0,0,Falcons,271,31,3.0,DST,73,1.0,1,Lions,344,0,16,2012,0
475,475,0,0,1,Seahawks,170,42,3.0,DST,176,1.0,0,49ers,346,0,16,2012,1
476,476,0,0,1,Broncos,339,34,2.0,DST,118,0.0,0,Browns,457,0,16,2012,1
477,477,0,0,0,Packers,343,55,1.0,DST,117,1.0,0,Titans,460,0,16,2012,1
478,478,0,0,0,Saints,446,34,0.0,DST,116,0.0,0,Cowboys,562,0,16,2012,0
479,479,0,0,0,Ravens,309,33,0.0,DST,224,0.0,0,Giants,533,0,16,2012,1
480,480,0,0,3,Jaguars,253,20,41.0,DST,122,7.0,0,Titans,375,4,17,2012,0
481,481,0,1,1,Dolphins,209,0,21.0,DST,47,7.0,0,Patriots,256,0,17,2012,0
482,482,1,1,1,Jets,199,9,20.0,DST,133,1.0,0,Bills,332,1,17,2012,0
483,483,0,3,1,Browns,182,10,19.0,DST,138,4.0,0,Steelers,320,0,17,2012,0
484,484,0,0,2,Texans,250,16,18.0,DST,102,4.0,0,Colts,352,1,17,2012,0
485,485,0,0,1,Ravens,146,17,16.0,DST,206,4.0,0,Bengals,352,1,17,2012,0
486,486,0,0,0,Chiefs,26,3,14.0,DST,93,4.0,0,Broncos,119,0,17,2012,0
487,487,0,1,1,Cardinals,207,13,13.0,DST,55,2.0,0,49ers,262,0,17,2012,0
488,488,0,0,3,Cowboys,196,18,12.0,DST,100,2.0,0,Redskins,296,0,17,2012,0
489,489,0,3,1,Lions,255,24,10.0,DST,72,1.0,0,Bears,327,0,17,2012,1
490,490,1,0,0,Titans,142,38,10.0,DST,79,2.0,0,Jaguars,221,1,17,2012,1
491,491,0,0,1,Eagles,207,7,10.0,DST,110,1.0,0,Giants,317,0,17,2012,0
492,492,0,0,0,Seahawks,209,20,10.0,DST,153,6.0,0,Rams,362,0,17,2012,1
493,493,0,0,1,Panthers,257,44,9.0,DST,273,1.0,0,Saints,530,1,17,2012,0
494,494,0,0,1,Raiders,150,21,9.0,DST,115,0.0,0,Chargers,265,1,17,2012,0
495,495,0,0,1,Rams,252,13,9.0,DST,79,0.0,0,Seahawks,331,0,17,2012,0
496,496,1,0,0,Falcons,213,17,8.0,DST,65,2.0,0,Buccaneers,278,0,17,2012,1
497,497,0,1,0,Packers,333,34,7.0,DST,72,5.0,0,Vikings,405,0,17,2012,0
498,498,1,0,0,Chargers,140,24,5.0,DST,70,2.0,0,Raiders,210,0,17,2012,1
499,499,0,0,1,Saints,378,38,4.0,DST,63,2.0,0,Panthers,441,0,17,2012,1
500,500,0,0,1,Buccaneers,222,22,3.0,DST,144,0.0,0,Falcons,366,0,17,2012,0
501,501,0,0,0,Bengals,142,23,3.0,DST,47,2.0,0,Ravens,189,0,17,2012,1
502,502,0,0,0,Steelers,121,24,3.0,DST,91,2.0,0,Browns,212,0,17,2012,1
503,503,0,0,0,Bears,245,26,3.0,DST,144,2.0,0,Lions,389,0,17,2012,0
504,504,0,0,0,49ers,278,27,2.0,DST,129,1.0,0,Cardinals,407,0,17,2012,1
505,505,0,1,0,Broncos,316,38,2.0,DST,172,0.0,0,Chiefs,488,0,17,2012,1
506,506,0,1,0,Bills,225,28,2.0,DST,109,0.0,0,Jets,334,0,17,2012,1
507,507,0,0,0,Redskins,87,28,1.0,DST,274,1.0,0,Cowboys,361,0,17,2012,1
508,508,0,0,0,Min,227,37,1.0,DST,217,1.0,0,Packers,444,0,17,2012,1
509,509,0,0,0,Colts,184,28,1.0,DST,81,1.0,0,Texans,265,0,17,2012,1
510,510,0,0,0,Patriots,276,28,1.0,DST,167,1.0,0,Dolphins,443,0,17,2012,1
511,511,0,0,0,Giants,212,42,1.0,DST,185,1.0,0,Eagles,397,0,17,2012,1
