,Pass Yards Allowed,Point After,Sack,Pass TD,Points_y,Fumble Returns,Receiving Yards,Fumbles Lost,Total Yards,Rush Yards Allowed,Away Games_y,Pass Completions,Rush Yards,Pass Yards,Pass Attempts,Safety,Week,Year,Receiving 2PT,Touchdowns,Rush TD,Receptions,Pass 2PT,Rush 2PT,Receiving TD,Blocks,Interception,Points_x,Fumble TD,Pass Interceptions,Rush Attempts,Away Games_x
0,341.0,23,2.0,2,5.0,0,0,0,419,78,1.0,26,2,357,35,0,1,2013,0,0,0,0,0,0,0,0,1,24.0,0,1,3,0.0
1,296.0,16,4.0,1,18.0,0,0,0,371,75,0.0,26,0,322,46,0,2,2013,0,1,0,0,0,0,0,0,2,14.0,0,2,0,1.0
2,319.0,31,4.0,3,6.0,0,0,0,423,104,1.0,29,21,342,46,0,3,2013,0,0,1,0,0,0,0,0,1,37.0,0,1,6,0.0
3,397.0,38,2.0,4,4.0,1,0,0,465,68,1.0,30,2,413,39,0,4,2013,0,0,0,0,0,0,0,0,0,40.0,0,0,4,0.0
4,283.0,26,1.0,2,2.0,0,0,0,347,64,0.0,29,-2,288,35,0,5,2013,0,0,0,0,0,0,0,0,0,23.0,0,0,1,1.0
5,230.0,27,1.0,2,6.0,1,0,0,361,131,0.0,17,11,236,36,0,6,2013,0,0,0,0,0,0,0,0,1,20.0,0,1,2,1.0
6,309.0,35,4.0,5,4.0,0,0,0,386,77,1.0,26,-1,332,34,0,8,2013,0,0,0,0,0,0,0,0,0,43.0,0,0,4,0.0
7,366.0,20,2.0,2,10.0,0,0,0,407,41,0.0,30,-1,382,51,0,9,2013,0,0,0,0,0,0,0,0,2,23.0,0,2,1,1.0
8,383.0,49,1.0,4,3.0,1,0,0,625,242,1.0,34,0,392,41,0,10,2013,0,0,0,0,0,0,0,0,0,39.0,0,0,0,0.0
9,295.0,23,1.0,1,6.0,1,0,0,387,92,1.0,30,-1,305,43,0,11,2013,0,0,0,0,0,0,0,0,1,16.0,0,1,1,0.0
10,271.0,17,1.0,2,5.0,0,0,0,374,103,0.0,23,-6,278,33,0,12,2013,0,0,0,0,0,0,0,0,0,23.0,0,0,4,1.0
11,144.0,7,1.0,1,16.0,1,0,1,188,44,0.0,23,-1,147,38,0,13,2013,0,1,0,0,0,0,0,0,0,10.0,0,0,1,1.0
12,304.0,31,2.0,4,2.0,0,0,0,373,69,1.0,30,3,313,42,0,14,2013,0,0,0,0,0,0,0,0,0,36.0,0,0,3,0.0
13,371.0,16,4.0,1,16.0,1,0,1,432,61,0.0,39,8,393,56,0,15,2013,0,0,1,0,0,0,0,1,2,22.0,0,2,2,1.0
14,239.0,13,6.0,1,17.0,0,0,0,365,126,0.0,30,9,281,44,0,16,2013,0,0,0,0,0,0,0,0,2,13.0,0,2,1,1.0
15,370.0,42,1.0,4,1.0,0,0,0,468,98,1.0,24,8,381,31,0,17,2013,0,0,1,0,0,0,0,0,0,45.0,0,0,2,0.0
16,354.0,19,2.0,1,8.0,0,0,0,408,54,0.0,30,3,355,48,0,1,2015,0,0,0,0,0,0,0,0,1,18.0,0,1,1,1.0
17,219.0,19,4.0,1,16.0,2,0,0,323,104,1.0,24,-1,255,38,0,2,2015,0,0,0,0,0,0,0,1,1,14.0,0,1,1,0.0
18,335.0,26,3.0,2,4.0,0,0,0,438,103,1.0,33,0,359,41,0,4,2015,0,0,0,0,0,0,0,0,0,26.0,0,0,0,0.0
19,292.0,17,5.0,2,17.0,3,0,2,388,96,0.0,26,-1,335,43,0,5,2015,0,0,0,0,0,0,0,0,1,21.0,0,1,1,1.0
20,304.0,31,1.0,1,1.0,0,0,0,385,81,1.0,30,2,312,39,0,6,2015,0,0,0,0,0,0,0,0,0,18.0,0,0,2,0.0
21,266.0,27,2.0,1,5.0,0,0,0,449,183,0.0,28,-4,255,44,0,7,2015,0,0,0,0,0,0,0,0,1,14.0,0,1,4,1.0
22,505.0,52,0.0,7,10.0,0,0,0,608,103,1.0,39,1,505,50,0,8,2015,0,1,0,0,0,0,0,0,2,58.0,0,2,1,0.0
23,355.0,28,4.0,3,10.0,1,0,0,416,61,1.0,28,-1,387,39,0,9,2015,0,0,1,0,0,0,0,1,1,37.0,0,1,3,0.0
24,192.0,14,2.0,2,16.0,0,0,0,350,158,0.0,19,0,209,28,0,10,2015,0,1,0,0,0,0,0,0,2,16.0,0,2,0,1.0
25,218.0,6,2.0,0,14.0,0,0,0,268,50,0.0,25,0,228,44,0,12,2015,0,0,0,0,0,0,0,0,1,7.0,0,1,0,1.0
26,264.0,38,2.0,3,4.0,0,0,0,334,70,1.0,24,12,282,42,0,13,2015,0,0,0,0,0,0,0,0,1,28.0,0,1,1,0.0
27,301.0,24,2.0,2,3.0,0,0,0,388,87,0.0,31,0,312,41,0,14,2015,0,0,0,0,0,0,0,0,0,24.0,0,0,3,1.0
28,330.0,27,1.0,3,2.0,0,0,0,399,69,1.0,34,11,341,52,0,15,2015,0,0,0,0,0,0,0,0,0,32.0,0,0,1,0.0
29,402.0,38,1.0,3,3.0,0,0,0,537,135,1.0,25,-3,412,36,0,16,2015,0,0,0,0,0,0,0,1,0,34.0,0,0,3,0.0
30,323.0,20,0.0,1,6.0,1,0,0,390,67,0.0,32,-5,323,42,0,17,2015,0,0,0,0,0,0,0,0,0,18.0,0,0,3,1.0
31,326.0,32,2.0,3,6.0,0,0,0,358,32,1.0,24,0,339,52,0,1,2012,0,0,0,0,0,0,0,0,2,27.0,0,2,0,0.0
32,323.0,27,1.0,1,12.0,0,0,0,486,163,0.0,31,0,325,49,0,2,2012,0,1,1,0,0,0,0,0,2,21.0,0,2,2,1.0
33,205.0,24,4.0,3,9.0,0,0,0,288,83,1.0,20,-1,240,36,1,3,2012,0,0,0,0,0,0,0,0,1,25.0,0,1,1,0.0
34,429.0,27,2.0,3,3.0,0,0,0,474,45,0.0,35,0,446,54,0,4,2012,0,0,0,0,0,0,0,0,0,35.0,0,0,0,1.0
35,351.0,31,3.0,4,5.0,0,0,0,404,53,1.0,29,-2,370,45,0,5,2012,0,0,0,0,0,0,0,0,1,36.0,0,1,2,0.0
36,377.0,35,0.0,4,2.0,0,0,0,458,81,0.0,27,1,377,37,0,7,2012,0,0,0,0,0,0,0,0,1,37.0,0,1,1,1.0
37,201.0,14,1.0,2,7.0,0,0,0,252,51,0.0,22,2,213,42,0,8,2012,0,0,0,0,0,0,0,0,1,18.0,0,1,2,1.0
38,231.0,28,2.0,2,6.0,2,0,1,371,140,1.0,21,-1,239,27,0,9,2012,0,0,0,0,0,0,0,0,0,20.0,0,0,1,0.0
39,292.0,31,1.0,3,3.0,0,0,0,440,148,1.0,21,-1,298,32,0,10,2012,0,0,0,0,0,0,0,0,1,27.0,0,1,1,0.0
40,229.0,38,0.0,3,0.0,0,0,0,380,151,0.0,20,0,219,27,0,11,2012,0,0,0,0,0,0,0,0,0,26.0,0,0,0,1.0
41,231.0,21,5.0,3,22.0,0,0,0,290,59,1.0,26,-2,267,41,0,12,2012,0,2,0,0,0,0,0,0,2,24.0,0,2,2,0.0
42,335.0,13,1.0,0,18.0,0,0,0,436,101,0.0,28,0,341,50,0,13,2012,0,0,0,0,0,0,0,0,5,3.0,0,5,0,1.0
43,345.0,27,1.0,1,16.0,2,0,0,487,142,0.0,26,-1,354,43,0,14,2012,0,1,0,0,0,0,0,0,2,16.0,0,2,1,1.0
44,298.0,41,1.0,4,1.0,0,0,0,447,149,1.0,26,11,307,39,0,15,2012,0,0,0,0,0,0,0,0,0,37.0,0,0,1,0.0
45,446.0,34,0.0,3,0.0,0,0,0,562,116,0.0,37,-1,446,53,0,16,2012,0,0,0,0,0,0,0,0,0,35.0,0,0,1,1.0
46,378.0,38,2.0,4,4.0,0,0,0,441,63,1.0,29,0,396,43,0,17,2012,0,0,0,0,0,0,0,0,1,37.0,0,1,0,0.0
47,333.0,34,0.0,1,4.0,1,0,0,472,139,0.0,29,2,333,42,0,1,2014,0,0,0,0,0,0,0,0,1,17.0,0,1,1,1.0
48,223.0,24,2.0,2,13.0,1,0,0,397,174,0.0,27,3,237,40,0,2,2014,0,1,0,0,0,0,0,0,1,19.0,0,1,1,1.0
49,334.0,17,2.0,2,12.0,2,0,0,438,104,0.0,32,6,340,44,0,4,2014,0,0,0,0,0,0,0,0,1,23.0,0,1,1,1.0
50,371.0,37,0.0,2,12.0,0,0,0,511,140,1.0,35,-1,371,57,0,5,2014,0,1,0,0,0,0,0,0,3,20.0,0,3,1,0.0
51,335.0,23,1.0,2,6.0,1,0,0,408,73,0.0,28,13,342,45,0,7,2014,0,0,0,0,0,0,0,0,1,24.0,0,1,1,1.0
52,302.0,44,2.0,3,4.0,1,0,0,495,193,1.0,27,6,311,32,0,8,2014,0,0,0,0,0,0,0,0,0,30.0,0,0,1,0.0
53,270.0,28,4.0,1,8.0,1,0,1,375,105,0.0,24,2,297,34,0,9,2014,0,0,1,0,0,0,0,0,1,20.0,0,1,4,1.0
54,287.0,24,2.0,3,9.0,1,0,1,423,136,1.0,28,7,292,47,0,10,2014,0,0,0,0,0,0,0,0,2,24.0,0,2,2,0.0
55,255.0,10,0.0,1,9.0,1,0,0,330,75,1.0,33,3,255,41,0,11,2014,0,0,0,0,0,0,0,0,0,16.0,0,0,1,0.0
56,399.0,27,4.0,3,13.0,0,0,0,525,126,1.0,35,15,420,45,0,12,2014,0,1,0,0,0,0,0,0,1,33.0,0,1,3,0.0
57,250.0,35,1.0,5,1.0,0,0,0,393,143,0.0,19,0,257,27,0,13,2014,0,0,0,0,0,0,0,0,0,40.0,0,0,0,1.0
58,218.0,10,2.0,1,13.0,1,0,0,310,92,1.0,29,6,235,49,0,14,2014,0,0,0,0,0,0,0,0,1,13.0,0,1,1,0.0
59,360.0,31,2.0,3,4.0,1,0,0,443,83,0.0,29,2,375,36,0,15,2014,0,0,0,0,0,0,0,0,0,33.0,0,0,3,1.0
60,271.0,14,5.0,1,23.0,2,0,1,328,57,1.0,30,8,313,47,0,16,2014,0,1,0,0,0,0,0,0,2,13.0,0,2,2,0.0
61,268.0,23,2.0,1,9.0,0,1,0,338,70,0.0,24,-2,281,38,0,17,2014,0,0,0,1,0,0,0,0,3,11.0,0,3,2,1.0
62,396.0,34,3.0,3,11.0,1,0,0,477,81,0.0,32,3,419,49,0,1,2011,0,1,0,0,0,0,0,0,0,34.0,0,0,1,1.0
63,264.0,30,1.0,3,3.0,1,0,0,382,118,1.0,26,2,270,37,0,2,2011,0,0,0,0,0,0,0,0,0,28.0,0,0,1,0.0
64,354.0,40,2.0,3,6.0,0,0,0,454,100,1.0,31,-1,370,44,0,3,2011,0,0,0,0,2,0,0,0,2,32.0,0,2,4,0.0
65,326.0,23,3.0,1,8.0,0,0,0,503,177,0.0,31,10,351,44,0,4,2011,0,0,0,0,0,0,0,0,2,17.0,0,2,3,1.0
66,343.0,30,2.0,2,4.0,0,0,0,444,101,0.0,32,0,359,45,0,5,2011,0,0,0,0,0,0,0,0,1,24.0,0,1,0,1.0
67,383.0,20,0.0,1,12.0,1,0,0,453,70,0.0,29,21,383,45,0,6,2011,0,0,0,0,0,0,0,0,3,17.0,0,3,3,1.0
68,321.0,62,2.0,5,2.0,0,0,0,557,236,1.0,31,0,325,35,0,7,2011,0,0,0,0,0,0,0,0,0,43.0,0,0,0,0.0
69,227.0,21,6.0,1,19.0,0,0,0,283,56,0.0,30,-1,269,44,0,8,2011,0,1,0,0,0,0,0,1,2,12.0,0,2,1,1.0
70,258.0,27,0.0,2,3.0,0,0,0,453,195,1.0,27,20,258,36,0,9,2011,0,0,0,0,0,0,0,0,1,22.0,0,1,1,0.0
71,322.0,26,0.0,2,1.0,0,0,0,363,41,0.0,30,0,322,43,0,10,2011,0,0,0,0,0,0,0,0,0,24.0,0,0,0,1.0
72,372.0,49,0.0,4,0.0,0,0,0,577,205,1.0,24,8,363,38,0,12,2011,0,0,1,0,0,0,0,0,0,44.0,0,0,1,0.0
73,338.0,31,2.0,3,2.0,0,0,0,438,100,1.0,26,0,342,36,0,13,2011,0,0,0,0,0,0,0,0,0,31.0,0,0,0,0.0
74,323.0,22,2.0,2,3.0,0,0,0,437,114,0.0,36,6,337,47,0,14,2011,0,0,0,0,0,0,0,0,0,25.0,0,0,2,1.0
75,299.0,45,1.0,4,5.0,0,0,0,463,164,1.0,23,9,307,39,0,16,2011,0,0,0,0,0,0,0,0,2,32.0,0,2,1,0.0
76,409.0,45,0.0,5,2.0,0,0,0,617,208,1.0,28,5,389,35,0,17,2011,0,0,0,0,0,0,0,0,1,43.0,0,1,1,0.0
77,237.0,25,2.0,2,3.0,0,7,0,287,50,0.0,28,0,254,38,0,2,2010,0,0,0,1,0,0,0,0,0,22.0,0,0,0,1.0
78,355.0,24,2.0,3,9.0,1,0,0,398,43,1.0,30,0,365,38,0,3,2010,0,0,0,0,0,0,0,0,2,28.0,0,2,0,0.0
79,262.0,16,2.0,1,10.0,2,0,0,383,121,1.0,33,-1,275,48,0,4,2010,0,0,0,0,0,0,0,0,0,17.0,0,0,1,0.0
80,273.0,20,1.0,2,25.0,1,0,0,358,85,0.0,24,2,279,39,0,5,2010,0,2,0,0,0,0,0,0,3,17.0,0,3,2,1.0
81,263.0,31,0.0,3,2.0,0,0,0,475,212,0.0,21,2,263,32,0,6,2010,0,0,0,0,0,0,0,0,1,26.0,0,1,2,1.0
82,336.0,17,3.0,2,27.0,0,0,0,394,58,1.0,37,0,356,56,0,7,2010,0,2,0,0,0,0,0,0,4,18.0,0,4,0,0.0
83,288.0,20,2.0,2,10.0,1,0,1,318,30,1.0,34,-2,305,44,0,8,2010,0,0,0,0,0,0,0,0,1,21.0,0,1,3,0.0
84,243.0,34,1.0,2,3.0,0,0,0,408,165,0.0,27,0,253,43,0,9,2010,0,0,0,0,0,0,0,0,1,20.0,0,1,0,1.0
85,382.0,34,0.0,4,4.0,0,0,0,494,112,1.0,29,0,382,43,0,11,2010,0,0,0,0,0,0,0,0,2,35.0,0,2,0,0.0
86,333.0,30,2.0,1,6.0,1,0,0,414,81,0.0,23,-3,352,39,0,12,2010,0,0,0,0,0,0,0,0,1,18.0,0,1,3,1.0
87,290.0,34,2.0,2,4.0,0,0,0,436,146,0.0,24,0,313,29,0,13,2010,0,0,0,0,0,0,0,0,1,22.0,0,1,0,1.0
88,213.0,31,1.0,3,7.0,1,0,0,345,132,1.0,25,7,221,40,0,14,2010,0,0,0,0,0,0,0,0,2,22.0,0,2,1,0.0
89,242.0,24,3.0,3,6.0,0,0,0,269,27,0.0,29,0,267,46,0,15,2010,0,0,0,0,0,0,0,0,1,26.0,0,1,0,1.0
90,296.0,17,1.0,1,15.0,0,0,0,368,72,0.0,35,-2,302,49,0,16,2010,0,1,0,0,0,0,0,0,2,14.0,0,2,2,1.0
91,199.0,13,3.0,1,16.0,2,0,1,305,106,1.0,22,0,196,38,0,17,2010,0,0,0,0,0,0,0,0,1,10.0,0,1,0,0.0
92,419.0,34,1.0,4,3.0,1,0,1,507,88,1.0,28,5,423,42,0,1,2016,0,0,0,0,0,0,0,0,0,39.0,0,0,2,0.0
93,247.0,13,2.0,1,17.0,0,0,0,288,41,0.0,29,0,263,44,0,2,2016,0,1,0,0,0,0,0,1,0,16.0,0,0,0,1.0
94,359.0,32,2.0,3,12.0,1,0,0,474,115,1.0,36,9,376,54,0,3,2016,0,1,0,0,0,0,0,0,1,31.0,0,1,2,0.0
95,192.0,35,2.0,2,6.0,0,0,0,275,83,0.0,23,-4,207,36,0,4,2016,0,0,0,0,0,0,0,0,2,16.0,0,2,4,1.0
96,460.0,41,1.0,4,3.0,0,0,0,523,63,1.0,34,0,465,49,0,6,2016,0,0,0,0,0,0,0,0,1,40.0,0,1,0,0.0
97,359.0,21,1.0,3,12.0,1,0,0,463,104,0.0,37,0,367,48,0,7,2016,0,1,0,0,0,0,0,0,1,30.0,0,1,0,1.0
98,252.0,25,2.0,1,11.0,1,0,0,375,123,1.0,27,1,265,35,0,8,2016,0,1,1,0,0,0,0,0,0,22.0,0,0,1,0.0
99,323.0,41,1.0,3,1.0,0,0,0,571,248,0.0,28,-2,323,39,0,9,2016,0,0,0,0,0,0,0,0,0,30.0,0,0,2,1.0
100,293.0,23,1.0,3,14.0,2,0,0,373,80,1.0,21,9,303,29,0,10,2016,0,0,0,0,0,0,0,1,2,26.0,0,2,2,0.0
101,264.0,20,3.0,2,13.0,1,0,1,371,107,0.0,35,0,285,44,0,11,2016,0,0,0,0,0,0,0,1,1,20.0,0,1,2,1.0
102,319.0,13,1.0,0,14.0,0,0,0,369,50,1.0,31,0,326,44,0,13,2016,0,0,0,0,0,0,0,0,3,7.0,0,3,0,0.0
103,248.0,11,1.0,0,14.0,0,0,0,294,46,0.0,25,2,257,41,0,14,2016,0,0,0,0,0,0,0,0,3,4.0,0,3,1,1.0
104,358.0,48,3.0,4,11.0,1,0,1,488,130,0.0,37,-2,389,48,0,15,2016,0,1,0,0,0,0,0,0,0,38.0,0,0,2,1.0
105,294.0,31,2.0,1,2.0,0,0,0,417,123,1.0,23,1,299,34,0,16,2016,0,0,0,0,0,0,0,0,0,17.0,0,0,4,0.0
106,341.0,32,2.0,2,4.0,0,0,0,473,132,0.0,29,0,350,50,0,17,2016,0,0,0,0,0,0,0,0,1,24.0,0,1,0,1.0
0,352.0,42,3.0,4,5.0,1,0,0,537,185,,28,3,368,35,0,1,2017,0,0,0,0,0,0,0,0,0,38.0,0,0,5,
1,352.0,42,3.0,0,5.0,1,0,0,537,185,,16,0,267,36,0,1,2017,0,0,0,0,0,0,0,0,0,10.0,0,0,2,
2,263.0,23,1.0,4,16.0,1,0,0,308,45,,29,14,292,41,0,1,2017,0,1,0,0,0,0,0,0,3,34.0,0,1,2,
3,263.0,23,1.0,1,16.0,1,0,0,308,45,,27,2,268,48,0,1,2017,0,1,0,0,0,0,0,0,3,10.0,0,3,1,
4,284.0,19,1.0,3,5.0,0,0,0,344,60,,27,-3,346,32,0,1,2017,0,0,0,0,0,0,0,0,0,31.0,0,0,2,
5,284.0,19,1.0,1,5.0,0,0,0,344,60,,27,0,291,37,0,1,2017,0,0,0,0,0,0,0,0,0,17.0,0,0,0,
6,185.0,21,1.0,2,6.0,0,0,0,249,64,,17,19,219,28,0,1,2017,0,0,1,0,0,0,0,1,1,25.0,0,1,6,
7,185.0,21,1.0,3,6.0,0,0,0,249,64,,22,0,192,33,0,1,2017,0,0,0,0,0,0,0,1,1,23.0,0,1,0,
8,298.0,30,2.0,2,12.0,1,0,1,356,58,,26,6,307,39,0,1,2017,0,1,0,0,1,0,0,0,1,23.0,0,1,4,
9,298.0,30,2.0,1,12.0,1,0,2,356,58,,23,30,240,40,0,1,2017,0,1,0,0,0,0,0,0,1,14.0,0,1,4,
10,250.0,26,2.0,2,3.0,0,0,0,359,109,,22,2,262,32,0,1,2017,0,0,0,0,0,0,0,0,0,22.0,0,0,2,
11,250.0,26,2.0,0,3.0,0,0,0,359,109,,25,26,256,41,0,1,2017,0,0,1,0,0,0,0,0,0,18.0,0,0,3,
12,176.0,12,1.0,2,12.0,0,0,0,214,38,,16,38,224,28,0,1,2017,0,0,0,0,0,0,0,0,2,21.0,0,1,8,
13,176.0,12,1.0,0,12.0,0,0,0,214,38,,26,0,187,39,0,1,2017,0,0,1,0,0,0,0,0,2,9.0,0,2,2,
14,255.0,21,1.0,2,4.0,0,0,0,290,35,,24,-8,263,36,0,1,2017,0,0,0,0,0,0,0,0,1,20.0,0,1,3,
15,255.0,21,1.0,1,4.0,0,0,0,290,35,,20,17,222,30,0,1,2017,0,0,1,0,0,0,0,0,1,19.0,0,1,5,
16,308.0,23,2.0,1,3.0,0,0,0,372,64,,21,11,321,30,0,1,2017,0,0,0,0,0,0,0,0,0,19.0,0,0,3,
17,308.0,23,2.0,1,3.0,0,0,0,372,64,,26,0,213,40,0,1,2017,0,0,0,0,0,0,0,0,0,14.0,0,0,0,
18,135.0,9,3.0,1,12.0,1,0,0,225,90,,28,21,311,42,0,1,2017,0,0,0,0,0,0,0,0,0,18.0,0,1,7,
19,135.0,9,3.0,0,12.0,1,0,1,225,90,,14,40,158,27,0,1,2017,0,0,0,0,0,0,0,0,0,9.0,0,0,2,
20,198.0,3,3.0,1,15.0,0,0,0,233,35,,24,24,268,39,0,1,2017,0,0,0,0,0,0,0,0,1,18.0,0,0,3,
21,198.0,3,3.0,0,15.0,0,0,0,233,35,,29,-1,220,38,0,1,2017,0,0,0,0,0,0,0,0,1,6.0,0,1,1,
22,150.0,9,4.0,1,31.0,1,0,0,225,75,,21,2,306,29,1,1,2017,0,2,0,0,0,0,0,0,2,18.0,0,0,1,
23,150.0,9,4.0,0,31.0,1,0,0,225,75,,2,0,51,3,1,1,2017,0,2,0,0,0,0,0,0,2,2.0,0,0,0,
24,150.0,9,4.0,0,31.0,1,0,0,225,75,,9,2,128,18,1,1,2017,0,2,0,0,0,0,0,0,2,1.0,0,2,2,
25,150.0,9,4.0,0,31.0,1,0,0,225,75,,1,-7,12,1,1,1,2017,0,2,0,0,0,0,0,0,2,0.0,0,0,3,
26,171.0,23,0.0,2,5.0,1,0,0,287,116,,14,3,171,25,0,1,2017,0,0,0,0,0,0,0,0,1,16.0,0,1,6,
27,171.0,23,0.0,0,5.0,1,0,1,287,116,,24,-5,193,35,0,1,2017,0,0,0,0,0,0,0,0,1,4.0,0,1,1,
28,125.0,29,0.0,1,0.0,0,0,0,280,155,,11,13,125,21,0,1,2017,0,0,0,0,0,0,0,0,0,12.0,0,0,3,
29,125.0,29,0.0,1,0.0,0,0,1,280,155,,12,16,102,23,0,1,2017,0,0,0,0,0,0,0,0,0,8.0,0,1,2,
30,125.0,29,0.0,0,0.0,0,0,2,280,155,,7,0,62,13,0,1,2017,0,0,0,0,0,0,0,0,0,0.0,0,0,0,
31,111.0,20,1.0,1,7.0,0,0,0,268,157,,9,0,121,17,0,1,2017,0,0,0,0,0,0,0,0,1,8.0,0,1,0,
32,111.0,20,1.0,0,7.0,0,0,1,268,157,,16,2,170,31,0,1,2017,0,0,0,0,0,0,0,0,1,-3.0,0,4,1,
33,436.0,36,2.0,3,2.0,0,0,0,555,119,,30,9,447,39,0,2,2017,0,0,0,0,0,0,0,0,0,35.0,0,0,2,
34,436.0,36,2.0,2,2.0,0,0,0,555,119,,27,0,356,45,0,2,2017,0,0,0,0,0,0,0,0,0,26.0,0,0,0,
35,228.0,17,2.0,4,16.0,0,0,1,268,40,,22,14,231,32,0,2,2017,0,1,0,0,0,0,0,0,2,31.0,0,1,5,
36,228.0,17,2.0,2,16.0,0,0,0,268,40,,30,24,238,50,0,2,2017,0,1,0,0,0,0,0,0,2,19.0,0,2,3,
37,299.0,20,6.0,2,14.0,1,0,0,406,107,,25,55,333,46,0,2,2017,0,0,0,0,0,0,0,0,1,28.0,0,1,4,
38,299.0,20,6.0,1,14.0,1,0,0,406,107,,21,21,251,28,0,2,2017,0,0,0,0,0,0,0,0,1,18.0,0,0,4,
39,145.0,20,4.0,3,12.0,2,0,0,271,126,,23,0,230,28,0,2,2017,0,0,0,0,0,0,0,0,0,27.0,0,0,0,
40,145.0,20,4.0,2,12.0,2,0,1,271,126,,16,31,166,24,0,2,2017,0,0,0,0,0,0,0,0,0,20.0,0,0,4,
41,308.0,23,3.0,2,14.0,1,0,1,367,59,,33,8,343,50,0,2,2017,0,1,0,0,0,0,0,0,1,22.0,0,1,2,
42,308.0,23,3.0,1,14.0,1,0,0,367,59,,19,8,252,28,0,2,2017,0,1,0,0,0,0,0,0,1,16.0,0,0,1,
43,146.0,9,2.0,2,11.0,1,0,0,237,91,,23,-2,243,35,0,2,2017,0,0,0,0,0,0,0,0,0,21.0,0,0,2,
44,89.0,9,2.0,2,11.0,0,0,0,248,159,,23,-2,243,35,0,2,2017,0,0,0,0,0,0,0,0,1,21.0,0,0,2,
45,146.0,9,2.0,1,11.0,1,0,0,237,91,,23,34,198,39,0,2,2017,0,0,0,0,0,0,0,0,0,16.0,0,0,12,
46,89.0,9,2.0,1,11.0,0,0,0,248,159,,23,34,198,39,0,2,2017,0,0,0,0,0,0,0,0,1,16.0,0,0,12,
47,146.0,9,2.0,0,11.0,1,0,0,237,91,,20,0,167,37,0,2,2017,0,0,0,0,0,0,0,0,0,6.0,0,0,0,
48,89.0,9,2.0,0,11.0,0,0,0,248,159,,20,0,167,37,0,2,2017,0,0,0,0,0,0,0,0,1,6.0,0,0,0,
49,146.0,9,2.0,0,11.0,1,0,0,237,91,,15,0,99,27,0,2,2017,0,0,0,0,0,0,0,0,0,1.0,0,1,0,
50,89.0,9,2.0,0,11.0,0,0,0,248,159,,15,0,99,27,0,2,2017,0,0,0,0,0,0,0,0,1,1.0,0,1,0,
51,225.0,19,2.0,1,6.0,0,0,0,336,111,,31,0,331,39,0,2,2017,0,0,0,0,0,0,0,0,0,19.0,0,0,1,
52,225.0,19,2.0,1,6.0,0,0,0,336,111,,24,-1,230,33,0,2,2017,0,0,0,0,0,0,0,0,0,15.0,0,0,2,
53,293.0,10,3.0,2,20.0,1,0,0,386,93,,25,-1,217,34,0,2,2017,0,0,0,0,0,0,0,0,4,18.0,0,1,1,
54,293.0,10,3.0,1,20.0,1,0,0,386,93,,5,5,118,11,0,2,2017,0,0,0,0,0,0,0,0,4,8.0,0,1,1,
55,293.0,10,3.0,0,20.0,1,0,1,386,93,,15,26,182,31,0,2,2017,0,0,0,0,0,0,0,0,4,2.0,0,3,5,
56,98.0,13,3.0,0,10.0,0,0,0,266,168,,15,67,125,24,0,2,2017,0,0,1,0,0,0,0,0,0,17.0,0,0,5,
57,98.0,13,3.0,0,10.0,0,0,0,266,168,,20,5,224,35,0,2,2017,0,0,0,0,0,0,0,0,0,8.0,0,0,2,
58,119.0,24,3.0,2,6.0,1,0,1,257,138,,15,23,122,21,0,2,2017,0,0,0,0,0,0,0,0,0,17.0,0,0,3,
59,119.0,24,3.0,1,6.0,1,0,0,257,138,,22,0,239,32,0,2,2017,0,0,0,0,0,0,0,0,0,13.0,0,1,0,
60,306.0,16,4.0,1,10.0,0,0,0,389,83,,19,6,332,36,0,2,2017,0,0,0,0,0,0,0,0,1,17.0,0,1,3,
61,306.0,16,4.0,0,10.0,0,0,0,389,83,,20,22,216,37,0,2,2017,0,0,0,0,0,0,0,0,1,8.0,0,1,6,
62,290.0,7,1.0,1,22.0,2,0,0,310,20,,18,3,204,30,0,2,2017,0,1,0,0,0,0,0,0,2,14.0,0,0,1,
63,290.0,7,1.0,1,22.0,2,0,1,310,20,,31,0,301,45,0,2,2017,0,1,0,0,0,0,0,0,2,13.0,0,2,0,
64,290.0,7,1.0,0,22.0,2,0,0,310,20,,0,-2,0,1,0,2,2017,0,1,0,0,0,0,0,0,2,0.0,0,0,2,
65,211.0,37,1.0,1,3.0,0,0,0,390,179,,15,24,215,27,0,2,2017,0,0,0,0,0,0,0,0,1,14.0,0,1,6,
66,211.0,37,1.0,1,3.0,0,0,1,390,179,,20,29,223,34,0,2,2017,0,0,0,0,0,0,0,0,1,11.0,0,2,4,
67,156.0,27,2.0,1,3.0,0,0,0,385,229,,18,7,179,27,0,2,2017,0,0,0,0,0,0,0,0,0,13.0,0,0,3,
68,156.0,27,2.0,1,3.0,0,0,0,385,229,,14,1,219,24,0,2,2017,0,0,0,0,0,0,0,0,0,12.0,0,1,3,
69,107.0,3,3.0,0,13.0,0,0,0,176,69,,20,27,228,32,0,2,2017,0,0,0,0,0,0,0,0,0,11.0,0,0,5,
70,107.0,3,3.0,0,13.0,0,0,0,176,69,,17,55,125,25,0,2,2017,0,0,0,0,0,0,0,0,0,10.0,0,0,8,
71,292.0,33,2.0,5,6.0,0,0,1,417,125,,25,6,378,35,0,3,2017,0,0,0,0,1,0,0,0,2,46.0,0,0,1,
72,292.0,33,2.0,2,6.0,0,0,0,417,125,,22,41,301,33,0,3,2017,0,0,0,0,0,0,0,0,2,24.0,0,2,8,
73,364.0,27,1.0,4,2.0,0,0,0,433,69,,29,26,373,49,0,3,2017,0,0,0,0,0,0,0,0,0,40.0,0,0,7,
74,364.0,27,1.0,2,2.0,0,0,0,433,69,,20,27,225,32,0,3,2017,0,0,0,0,0,0,0,0,0,23.0,0,0,7,
75,52.0,7,2.0,4,15.0,1,0,0,186,134,,20,18,244,31,0,3,2017,0,0,0,0,0,0,0,0,2,34.0,0,0,3,
76,52.0,7,2.0,1,15.0,1,0,0,186,134,,6,0,36,9,0,3,2017,0,0,0,0,0,0,0,0,2,7.0,0,0,0,
77,52.0,7,2.0,0,15.0,1,0,0,186,134,,0,-3,0,2,0,3,2017,0,0,0,0,0,0,0,0,2,0.0,0,0,3,
78,52.0,7,2.0,0,15.0,1,0,0,186,134,,8,0,28,18,0,3,2017,0,0,0,0,0,0,0,0,2,-3.0,0,2,0,
79,316.0,17,2.0,3,12.0,0,0,0,342,26,,25,18,369,33,0,3,2017,0,0,0,0,0,0,0,0,3,33.0,0,0,6,
80,316.0,17,2.0,2,12.0,0,0,0,342,26,,28,4,328,40,0,3,2017,0,0,0,0,0,0,0,0,3,19.0,0,3,1,
81,96.0,10,4.0,3,17.0,1,0,0,128,32,,25,2,365,30,0,3,2017,0,0,0,0,0,0,0,0,2,32.0,0,0,1,
82,96.0,10,4.0,1,17.0,1,0,0,128,32,,19,5,118,31,0,3,2017,0,0,0,0,0,0,0,0,2,6.0,0,2,2,
83,191.0,24,3.0,3,6.0,1,0,0,301,110,,28,23,313,42,0,3,2017,0,0,0,0,0,0,0,0,0,30.0,0,1,4,
84,191.0,24,3.0,2,6.0,1,0,0,301,110,,21,-2,212,27,0,3,2017,0,0,0,0,0,0,0,0,0,20.0,0,0,2,
85,292.0,41,0.0,2,4.0,2,0,0,418,126,,23,9,332,37,0,3,2017,0,0,1,0,0,0,0,0,0,29.0,0,1,1,
86,292.0,41,0.0,3,4.0,2,0,0,418,126,,22,-1,292,28,0,3,2017,0,0,0,0,0,0,0,0,0,29.0,0,0,1,
87,235.0,28,1.0,1,7.0,0,0,0,346,111,,17,14,259,24,0,3,2017,0,0,2,0,0,0,0,0,3,29.0,0,0,5,
88,235.0,28,1.0,2,7.0,0,0,0,346,111,,22,44,242,47,0,3,2017,0,0,1,0,0,0,0,0,3,25.0,0,3,7,
89,366.0,24,0.0,3,5.0,0,0,0,415,49,,35,0,366,47,0,3,2017,0,0,0,0,0,0,0,0,2,28.0,0,2,0,
90,366.0,24,0.0,1,5.0,0,0,0,415,49,,21,22,176,31,0,3,2017,0,0,0,0,0,0,0,0,2,15.0,0,0,6,
91,174.0,28,1.0,2,1.0,0,0,0,273,99,,13,16,183,18,0,3,2017,0,0,1,0,0,0,0,0,0,26.0,0,0,3,
92,174.0,28,1.0,2,1.0,0,0,0,273,99,,29,7,325,48,0,3,2017,0,0,0,0,0,0,0,0,0,25.0,0,0,3,
93,213.0,34,1.0,3,1.0,0,0,0,362,149,,22,0,220,29,0,3,2017,0,0,0,0,0,0,0,0,0,26.0,0,0,0,
94,213.0,34,1.0,0,1.0,0,0,0,362,149,,17,16,167,26,0,3,2017,0,0,1,0,0,0,0,0,0,7.0,0,3,3,
95,213.0,34,1.0,0,1.0,0,0,0,362,149,,2,0,17,7,0,3,2017,0,0,0,0,0,0,0,0,0,0.0,0,0,0,
96,255.0,16,3.0,2,11.0,0,0,0,366,111,,20,13,213,26,0,3,2017,0,0,0,0,0,0,0,0,2,21.0,0,0,8,
97,255.0,16,3.0,0,11.0,0,0,0,366,111,,24,12,259,40,0,3,2017,0,0,0,0,0,0,0,0,2,7.0,0,2,3,
98,122.0,24,5.0,2,6.0,0,0,0,311,189,,16,9,155,21,0,3,2017,0,0,0,0,0,0,0,0,0,18.0,0,0,2,
99,122.0,24,5.0,0,6.0,0,0,0,311,189,,20,0,237,40,0,3,2017,0,0,0,0,0,0,0,0,0,3.0,0,3,0,
100,277.0,30,2.0,1,14.0,0,0,0,428,151,,25,19,264,45,0,3,2017,0,1,0,0,0,0,0,0,3,17.0,0,0,2,
101,277.0,30,2.0,2,14.0,0,0,0,428,151,,24,-1,294,35,0,3,2017,0,1,0,0,0,0,0,0,3,17.0,0,3,1,
102,195.0,6,3.0,1,17.0,0,0,0,225,30,,18,7,249,23,0,3,2017,0,0,0,0,0,0,0,0,2,15.0,0,0,4,
103,195.0,6,3.0,1,17.0,0,0,0,225,30,,26,9,220,44,0,3,2017,0,0,0,0,0,0,0,0,2,12.0,0,1,1,
104,212.0,17,3.0,1,13.0,2,0,1,282,70,,22,6,235,39,0,3,2017,0,0,0,0,0,0,0,1,0,14.0,0,0,1,
105,212.0,17,3.0,1,13.0,2,0,0,282,70,,15,4,101,22,0,3,2017,0,0,0,0,0,0,0,1,0,8.0,0,1,3,
106,109.0,14,2.0,4,22.0,1,0,0,195,86,,25,24,283,34,0,4,2017,0,1,1,0,0,0,0,0,4,41.0,0,1,4,
107,109.0,14,2.0,0,22.0,1,0,0,195,86,,6,39,96,10,0,4,2017,0,1,2,0,0,0,0,0,4,14.0,0,2,4,
108,109.0,14,2.0,0,22.0,1,0,1,195,86,,4,0,21,10,0,4,2017,0,1,0,0,0,0,0,0,4,-5.0,0,2,0,
109,304.0,33,2.0,3,6.0,1,0,0,444,140,,22,44,316,29,0,4,2017,0,0,1,0,0,0,0,0,1,38.0,0,1,8,
110,304.0,33,2.0,2,6.0,1,0,0,444,140,,32,2,307,45,0,4,2017,0,0,0,0,0,0,0,0,1,24.0,0,0,1,
111,264.0,31,3.0,4,5.0,1,0,1,350,86,,25,29,286,30,0,4,2017,0,0,0,0,0,0,0,0,0,36.0,0,0,4,
112,264.0,31,3.0,0,5.0,1,0,0,350,86,,16,10,118,34,0,4,2017,0,0,0,0,0,0,0,0,0,3.0,0,1,5,
113,264.0,31,3.0,0,5.0,1,0,0,350,86,,5,0,65,8,0,4,2017,0,0,0,0,0,0,0,0,0,2.0,0,0,0,
114,288.0,23,0.0,3,1.0,0,0,0,379,91,,22,12,332,38,0,4,2017,0,0,0,0,0,0,0,0,0,32.0,0,0,4,
115,288.0,23,0.0,2,1.0,0,0,0,379,91,,30,22,288,49,0,4,2017,0,0,1,0,0,0,0,0,0,31.0,0,0,3,
116,205.0,14,1.0,4,13.0,2,0,0,308,103,,18,-1,179,26,0,4,2017,0,0,0,0,0,0,0,0,2,31.0,0,0,1,
117,205.0,14,1.0,1,13.0,2,0,2,308,103,,21,0,218,33,0,4,2017,0,0,0,0,0,0,0,0,2,8.0,0,2,1,
118,205.0,14,1.0,0,13.0,2,0,0,308,103,,1,0,0,1,0,4,2017,0,0,0,0,0,0,0,0,2,0.0,0,0,0,
119,139.0,18,3.0,2,23.0,1,0,0,237,98,,21,38,295,26,0,4,2017,0,2,1,0,1,0,0,0,1,30.0,0,2,4,
120,206.0,9,4.0,2,17.0,1,0,0,288,82,,21,38,295,26,0,4,2017,0,0,1,0,1,0,0,0,2,30.0,0,2,4,
121,139.0,18,3.0,1,23.0,1,0,1,237,98,,16,33,157,29,0,4,2017,0,2,0,0,0,0,0,0,1,12.0,0,1,3,
122,206.0,9,4.0,1,17.0,1,0,1,288,82,,16,33,157,29,0,4,2017,0,0,0,0,0,0,0,0,2,12.0,0,1,3,
123,220.0,20,0.0,1,12.0,1,0,0,331,111,,27,56,293,37,0,4,2017,0,1,1,0,0,0,0,0,0,28.0,0,0,7,
124,220.0,20,0.0,2,12.0,1,0,0,331,111,,14,38,220,24,0,4,2017,0,1,0,0,0,0,0,0,0,23.0,0,0,7,
125,244.0,35,1.0,3,1.0,0,0,0,412,168,,20,25,252,36,0,4,2017,0,0,0,0,0,0,0,0,0,28.0,0,1,3,
126,244.0,35,1.0,2,1.0,0,0,0,412,168,,21,-1,255,36,0,4,2017,0,0,0,0,0,0,0,0,0,22.0,0,0,1,
127,240.0,26,1.0,2,2.0,0,0,1,454,214,,22,0,347,38,0,4,2017,0,0,0,0,0,0,0,0,0,24.0,0,0,0,
128,240.0,26,1.0,1,2.0,0,0,0,454,214,,17,14,242,31,0,4,2017,0,0,0,0,0,0,0,0,0,16.0,0,0,6,
129,261.0,20,1.0,2,5.0,0,0,0,347,86,,29,3,268,41,0,4,2017,0,0,0,0,0,0,0,0,0,22.0,0,0,4,
130,261.0,20,1.0,0,5.0,0,0,0,347,86,,20,5,164,28,0,4,2017,0,0,0,0,0,0,0,0,0,4.0,0,1,1,
131,210.0,15,3.0,1,9.0,0,0,0,305,95,,33,1,357,51,0,4,2017,0,0,0,0,0,0,0,0,1,18.0,0,1,2,
132,210.0,15,3.0,0,9.0,0,0,0,305,95,,24,3,234,49,0,4,2017,0,0,0,0,0,0,0,0,1,7.0,0,1,1,
133,164.0,23,3.0,1,4.0,0,0,0,281,117,,12,12,182,20,0,4,2017,0,0,0,0,0,0,0,0,0,14.0,0,0,7,
134,164.0,23,3.0,1,4.0,0,0,1,281,117,,24,8,242,42,0,4,2017,0,0,0,0,0,0,0,0,0,10.0,0,2,1,
135,230.0,10,3.0,1,12.0,0,0,0,254,24,,16,1,179,26,0,4,2017,0,0,0,0,0,0,0,0,1,13.0,0,0,4,
136,230.0,10,3.0,1,12.0,0,0,0,254,24,,10,0,143,18,0,4,2017,0,0,0,0,0,0,0,0,1,11.0,0,0,0,
137,230.0,10,3.0,0,12.0,0,0,0,254,24,,11,0,106,17,0,4,2017,0,0,0,0,0,0,0,0,1,2.0,0,1,0,
138,208.0,26,1.0,1,4.0,0,0,0,381,173,,18,-1,216,30,0,4,2017,0,0,0,0,0,0,0,0,1,12.0,0,1,1,
139,208.0,26,1.0,1,4.0,0,0,0,381,173,,31,0,235,49,0,4,2017,0,0,0,0,0,0,0,0,1,11.0,0,2,0,
140,136.0,20,1.0,1,7.0,0,0,0,311,175,,15,38,140,35,0,4,2017,0,0,0,0,0,0,0,0,1,12.0,0,1,4,
141,136.0,20,1.0,0,7.0,0,0,1,311,175,,22,0,224,31,0,4,2017,0,0,0,0,0,0,0,0,1,5.0,0,1,1,
142,154.0,14,6.0,0,10.0,0,0,0,251,97,,19,-3,209,31,0,4,2017,0,0,0,0,1,0,0,0,0,10.0,0,0,3,
143,154.0,14,6.0,0,10.0,0,0,0,251,97,,16,0,219,30,0,4,2017,0,0,0,0,0,0,0,0,0,8.0,0,0,0,
144,323.0,42,1.0,5,1.0,0,0,0,450,127,,16,31,261,31,0,5,2017,0,0,0,0,0,1,0,0,0,45.0,0,0,3,
145,323.0,42,1.0,3,1.0,0,0,0,450,127,,29,19,324,37,0,5,2017,0,0,0,0,0,0,0,0,0,31.0,0,0,5,
146,276.0,7,2.0,4,13.0,1,0,0,307,31,,21,11,304,30,0,5,2017,0,0,0,0,0,0,0,1,0,35.0,0,1,6,
147,276.0,7,2.0,1,13.0,1,0,0,307,31,,28,0,291,44,0,5,2017,0,0,0,0,0,0,0,1,0,17.0,0,0,0,
148,182.0,35,4.0,3,6.0,1,0,0,342,160,,25,37,251,36,0,5,2017,0,0,1,0,0,0,0,0,0,35.0,0,1,4,
149,182.0,35,4.0,3,6.0,1,0,0,342,160,,19,32,221,29,0,5,2017,0,0,0,0,0,0,0,0,0,29.0,0,0,4,
150,334.0,27,3.0,3,4.0,0,0,0,362,28,,26,0,355,33,0,5,2017,0,0,0,0,0,0,0,0,0,32.0,0,0,7,
151,334.0,27,3.0,2,4.0,0,0,1,362,28,,23,0,229,35,0,5,2017,0,0,0,0,0,0,0,0,0,20.0,0,0,0,
152,258.0,27,0.0,3,5.0,0,0,0,382,124,,21,5,258,44,1,5,2017,0,0,0,0,0,0,0,0,1,26.0,0,1,4,
153,258.0,27,0.0,2,5.0,0,0,1,382,124,,21,0,225,36,1,5,2017,0,0,0,0,0,0,0,0,1,18.0,0,1,0,
154,336.0,23,2.0,2,3.0,0,0,0,402,66,,29,0,353,46,0,5,2017,0,0,0,0,0,0,0,0,0,26.0,0,0,2,
155,336.0,23,2.0,0,3.0,0,0,0,402,66,,22,14,314,34,0,5,2017,0,0,1,0,0,0,0,0,0,17.0,0,1,8,
156,289.0,19,3.0,1,11.0,1,0,0,402,113,,26,11,334,46,0,5,2017,0,0,0,0,0,0,0,0,1,20.0,0,0,3,
157,289.0,19,3.0,1,11.0,1,0,1,402,113,,30,5,303,40,0,5,2017,0,0,0,0,0,0,0,0,1,15.0,0,1,2,
158,178.0,17,3.0,2,9.0,0,0,0,212,34,,16,30,194,19,0,5,2017,0,0,0,0,0,0,0,0,1,20.0,0,1,4,
159,178.0,17,3.0,2,9.0,0,0,0,212,34,,23,-3,194,30,0,5,2017,0,0,0,0,0,0,0,0,1,17.0,0,1,3,
160,178.0,17,3.0,0,9.0,0,0,1,212,34,,8,29,87,17,0,5,2017,0,0,0,0,0,0,0,0,1,2.0,0,1,6,
161,139.0,16,6.0,1,12.0,0,0,0,221,82,,22,2,328,36,0,5,2017,0,0,0,0,0,0,0,0,1,15.0,0,2,5,
162,139.0,16,6.0,1,12.0,0,0,0,221,82,,20,3,166,37,0,5,2017,0,0,0,0,0,0,0,0,1,10.0,0,1,1,
163,222.0,30,0.0,1,0.0,0,0,0,365,143,,13,15,159,26,0,5,2017,0,0,0,0,0,0,0,0,0,13.0,0,0,2,
164,222.0,30,0.0,0,0.0,0,0,0,365,143,,19,-4,222,26,0,5,2017,0,0,0,0,0,0,0,0,0,8.0,0,0,3,
165,141.0,20,4.0,1,10.0,0,0,0,300,159,,17,22,140,21,1,5,2017,0,0,0,0,0,0,0,0,0,13.0,0,0,1,
166,141.0,20,4.0,1,10.0,0,0,1,300,159,,12,22,128,25,1,5,2017,0,0,0,0,0,1,0,0,0,12.0,0,1,3,
167,141.0,20,4.0,0,10.0,0,0,0,300,159,,5,0,36,11,1,5,2017,0,0,0,0,0,0,0,0,0,1.0,0,0,0,
168,179.0,16,3.0,1,11.0,0,0,0,241,62,,24,16,198,37,0,5,2017,0,0,0,0,0,0,0,0,2,12.0,0,1,5,
169,179.0,16,3.0,0,11.0,0,0,1,241,62,,22,22,288,47,0,5,2017,0,0,0,0,0,0,0,0,2,8.0,0,2,1,
170,119.0,10,6.0,1,23.0,2,0,1,188,69,,21,0,141,32,0,5,2017,0,1,0,0,0,0,0,0,0,10.0,0,0,0,
171,119.0,10,6.0,1,23.0,2,0,0,188,69,,12,8,92,26,0,5,2017,0,1,0,0,0,0,0,0,0,7.0,0,1,2,
172,275.0,10,2.0,0,19.0,3,0,0,375,100,,33,1,312,55,0,5,2017,0,0,0,0,0,0,0,0,2,2.0,0,5,1,
173,82.0,30,2.0,0,4.0,0,0,0,313,231,,33,1,312,55,0,5,2017,0,0,0,0,0,0,0,0,1,2.0,0,5,1,
174,275.0,10,2.0,0,19.0,3,0,0,375,100,,8,9,95,14,0,5,2017,0,0,0,0,0,0,0,0,2,1.0,0,1,1,
175,82.0,30,2.0,0,4.0,0,0,0,313,231,,8,9,95,14,0,5,2017,0,0,0,0,0,0,0,0,1,1.0,0,1,1,
176,250.0,24,3.0,2,6.0,0,0,0,335,85,,25,26,330,37,0,6,2017,0,0,1,0,0,0,0,0,1,31.0,0,1,4,
177,250.0,24,3.0,1,6.0,0,0,0,335,85,,19,14,245,36,0,6,2017,0,0,0,0,0,0,0,0,1,14.0,0,1,1,
178,250.0,24,3.0,0,6.0,0,0,0,335,85,,4,0,34,11,0,6,2017,0,0,0,0,0,0,0,0,1,1.0,0,0,0,
179,113.0,17,4.0,3,22.0,0,0,0,247,134,,17,23,225,29,1,6,2017,0,1,0,0,1,0,0,0,3,29.0,0,1,6,
180,113.0,17,4.0,1,22.0,0,0,0,247,134,,20,36,140,37,1,6,2017,0,1,0,0,0,0,0,0,3,8.0,0,3,5,
181,209.0,28,3.0,3,5.0,1,0,1,310,101,,16,25,222,30,0,6,2017,0,0,0,0,0,0,0,0,0,27.0,0,0,6,
182,209.0,28,3.0,1,5.0,1,0,0,310,101,,28,71,239,52,0,6,2017,0,0,1,0,0,0,0,0,0,22.0,0,3,11,
183,344.0,33,2.0,3,6.0,0,0,0,414,70,,18,-4,283,22,0,6,2017,0,0,0,0,0,0,0,0,2,27.0,0,1,5,
184,344.0,33,2.0,3,6.0,0,0,0,414,70,,22,12,290,32,0,6,2017,0,0,0,0,0,0,0,0,2,26.0,0,2,2,
185,344.0,33,2.0,0,6.0,0,0,0,414,70,,5,0,61,10,0,6,2017,0,0,0,0,0,0,0,0,2,2.0,0,0,0,
186,257.0,24,0.0,2,5.0,1,0,0,375,118,,31,21,354,47,0,6,2017,0,0,0,0,0,0,0,0,1,24.0,0,2,3,
187,257.0,24,0.0,2,5.0,1,0,0,375,118,,20,-1,257,38,0,6,2017,0,0,0,0,0,0,0,0,1,20.0,0,1,1,
188,281.0,38,5.0,3,33.0,2,0,2,347,66,,25,4,312,52,0,6,2017,0,3,0,0,0,0,0,0,3,22.0,0,3,2,
189,281.0,38,5.0,2,33.0,2,0,0,347,66,,20,1,186,30,0,6,2017,0,3,0,0,0,0,0,0,3,15.0,0,2,1,
190,118.0,23,3.0,1,6.0,0,0,0,266,148,,29,9,376,50,0,6,2017,0,0,0,0,0,0,0,1,0,17.0,0,2,1,
191,118.0,23,3.0,1,6.0,0,0,0,266,148,,11,0,128,19,0,6,2017,0,0,0,0,0,0,0,1,0,11.0,0,0,1,
192,118.0,23,3.0,0,6.0,0,0,0,266,148,,2,-1,18,4,0,6,2017,0,0,0,0,0,0,0,1,0,0.0,0,0,1,
193,245.0,19,1.0,1,7.0,0,0,0,439,194,,19,13,246,34,0,6,2017,0,0,0,0,0,0,0,0,1,16.0,0,0,4,
194,245.0,19,1.0,1,7.0,0,0,0,439,194,,17,-2,252,25,0,6,2017,0,0,0,0,0,0,0,0,1,14.0,0,1,2,
195,263.0,17,1.0,1,7.0,1,0,0,343,80,,25,-4,268,36,0,6,2017,0,0,0,0,0,0,0,0,0,16.0,0,0,2,
196,263.0,17,1.0,1,7.0,1,0,0,343,80,,21,0,171,30,0,6,2017,0,0,0,0,0,0,0,0,0,8.0,0,2,1,
197,212.0,22,1.0,1,4.0,1,0,0,297,85,,23,0,306,32,0,6,2017,0,0,0,0,0,0,0,0,0,16.0,0,1,2,
198,212.0,22,1.0,1,4.0,1,0,0,297,85,,21,15,212,37,0,6,2017,0,0,0,0,0,0,0,0,0,15.0,0,0,4,
199,151.0,20,0.0,2,6.0,0,0,0,289,138,,19,-1,151,33,0,6,2017,0,0,0,0,0,0,0,0,1,16.0,0,1,1,
200,151.0,20,0.0,1,6.0,0,0,0,289,138,,24,0,248,35,0,6,2017,0,0,0,0,0,0,0,0,1,13.0,0,1,0,
201,155.0,10,4.0,1,17.0,0,0,0,227,72,,24,15,239,38,0,6,2017,0,0,0,0,0,0,0,0,3,14.0,0,1,2,
202,155.0,10,4.0,1,17.0,0,0,0,227,72,,18,3,157,33,0,6,2017,0,0,0,0,0,0,0,0,3,6.0,0,3,1,
203,155.0,10,4.0,0,17.0,0,0,0,227,72,,2,0,18,4,0,6,2017,0,0,0,0,0,0,0,0,3,0.0,0,0,0,
204,107.0,27,3.0,1,6.0,1,0,0,249,142,,23,19,241,35,0,6,2017,0,0,0,0,0,0,0,0,0,14.0,0,1,2,
205,107.0,27,3.0,1,6.0,1,0,0,249,142,,11,9,124,21,0,6,2017,0,0,0,0,0,0,0,0,0,10.0,0,0,4,
206,111.0,27,4.0,1,21.0,2,0,1,342,231,,8,32,113,16,0,6,2017,0,2,0,0,0,0,0,0,0,12.0,0,0,4,
207,111.0,27,4.0,0,21.0,2,0,0,342,231,,24,2,180,41,0,6,2017,0,2,0,0,1,0,0,0,0,5.0,0,2,1,
208,269.0,24,4.0,4,7.0,0,0,0,344,75,,17,63,268,25,0,7,2017,0,0,0,0,0,0,0,0,1,38.0,0,1,8,
209,269.0,24,4.0,3,7.0,0,0,0,344,75,,30,18,303,40,0,7,2017,0,0,0,0,0,0,0,0,1,29.0,0,1,3,
210,236.0,40,0.0,3,0.0,0,0,0,501,265,,16,26,234,25,0,7,2017,0,0,1,0,0,0,0,0,0,35.0,0,0,4,
211,236.0,40,0.0,0,0.0,0,0,2,501,265,,22,30,235,38,0,7,2017,0,0,1,0,0,0,0,0,0,16.0,0,0,5,
212,236.0,40,0.0,0,0.0,0,0,0,501,265,,1,13,2,2,0,7,2017,0,0,0,0,0,0,0,0,0,1.0,0,0,2,
213,331.0,30,1.0,3,1.0,0,0,0,425,94,,29,15,417,52,0,7,2017,0,0,0,0,0,0,0,0,0,35.0,0,0,1,
214,331.0,30,1.0,3,1.0,0,0,0,425,94,,25,0,342,36,0,7,2017,0,0,0,0,0,0,0,0,0,31.0,0,0,1,
215,321.0,24,1.0,3,4.0,1,0,0,425,104,,27,10,334,39,0,7,2017,0,0,0,0,0,0,0,0,0,32.0,0,0,2,
216,321.0,24,1.0,1,4.0,1,0,1,425,104,,19,0,134,39,0,7,2017,0,0,0,0,0,0,0,0,0,10.0,0,0,0,
217,321.0,24,1.0,0,4.0,1,0,0,425,104,,0,-1,0,0,0,7,2017,0,0,0,0,0,0,0,0,0,0.0,0,0,1,
218,378.0,27,1.0,3,8.0,2,0,1,447,69,,32,0,384,44,0,7,2017,0,0,0,0,0,0,0,0,1,30.0,0,1,1,
219,378.0,27,1.0,1,8.0,2,0,0,447,69,,20,53,268,33,0,7,2017,0,0,0,0,0,0,0,0,1,21.0,0,0,6,
220,180.0,28,3.0,3,7.0,1,0,0,272,92,,17,1,209,27,0,7,2017,0,0,1,0,0,0,0,0,1,30.0,0,1,3,
221,180.0,28,3.0,2,7.0,1,0,0,272,92,,13,0,188,21,0,7,2017,0,0,0,0,0,0,0,0,1,17.0,0,1,0,
222,180.0,28,3.0,2,7.0,1,0,0,272,92,,12,0,138,16,0,7,2017,0,0,0,0,0,0,0,0,1,15.0,0,1,0,
223,324.0,26,1.0,1,8.0,0,0,0,485,161,,27,-1,331,38,0,7,2017,0,0,1,0,0,0,0,1,2,21.0,0,2,5,
224,324.0,26,1.0,0,8.0,0,0,0,485,161,,12,44,87,25,0,7,2017,0,0,1,0,0,0,0,1,2,11.0,0,1,3,
225,223.0,7,1.0,2,10.0,0,0,0,343,120,,21,5,249,29,0,7,2017,0,0,0,0,0,0,0,1,0,21.0,0,0,5,
226,223.0,7,1.0,1,10.0,0,0,0,343,120,,23,37,233,33,0,7,2017,0,0,0,0,0,0,0,1,0,18.0,0,0,3,
227,108.0,14,4.0,2,12.0,0,0,0,179,71,,14,-3,224,24,0,7,2017,0,0,0,0,0,0,0,0,2,20.0,0,0,3,
228,131.0,7,1.0,2,10.0,1,0,0,177,46,,14,-3,224,24,0,7,2017,0,0,0,0,0,0,0,0,0,20.0,0,0,3,
229,108.0,14,4.0,2,12.0,0,0,0,179,71,,17,8,140,30,0,7,2017,0,0,0,0,0,0,0,0,2,13.0,0,2,3,
230,131.0,7,1.0,2,10.0,1,0,0,177,46,,17,8,140,30,0,7,2017,0,0,0,0,0,0,0,0,0,13.0,0,2,3,
231,171.0,0,3.0,1,17.0,0,0,0,196,25,,22,13,235,37,0,7,2017,0,0,1,0,0,0,0,0,2,20.0,0,1,2,
232,171.0,0,3.0,0,17.0,0,0,0,196,25,,10,0,122,18,0,7,2017,0,0,0,0,0,0,0,0,2,2.0,0,1,0,
233,171.0,0,3.0,0,17.0,0,0,0,196,25,,5,4,66,14,0,7,2017,0,0,0,0,0,0,0,0,2,0.0,0,1,1,
234,171.0,0,3.0,0,17.0,0,0,0,196,25,,0,-1,0,0,0,7,2017,0,0,0,0,0,0,0,0,2,0.0,0,0,1,
235,182.0,0,5.0,2,27.0,2,0,0,251,69,,15,0,183,26,0,7,2017,0,1,0,0,0,0,0,0,1,19.0,0,0,0,
236,182.0,0,5.0,0,27.0,2,0,1,251,69,,25,14,207,35,0,7,2017,0,1,0,0,0,0,0,0,1,6.0,0,1,2,
237,330.0,27,1.0,1,6.0,2,0,1,518,188,,18,11,330,26,0,7,2017,0,0,0,0,0,0,0,0,0,19.0,0,0,4,
238,330.0,27,1.0,0,6.0,2,0,0,518,188,,22,31,200,37,0,7,2017,0,0,0,0,0,0,0,0,0,11.0,0,0,5,
239,144.0,16,5.0,1,9.0,0,0,0,208,64,,27,0,186,39,0,7,2017,0,0,0,0,0,0,0,0,0,13.0,0,0,1,
240,144.0,16,5.0,0,9.0,0,0,0,208,64,,20,9,188,31,0,7,2017,0,0,0,0,0,0,0,0,0,5.0,0,1,1,
241,185.0,3,5.0,0,33.0,1,0,1,293,108,,21,50,211,34,0,7,2017,0,2,0,0,0,0,0,0,2,8.0,0,2,9,
242,185.0,3,5.0,0,33.0,1,0,0,293,108,,4,3,107,7,0,7,2017,0,2,0,0,0,0,0,0,2,4.0,0,0,5,
243,189.0,12,2.0,0,11.0,1,0,0,269,80,,21,8,203,34,0,7,2017,0,0,0,0,0,0,0,0,0,8.0,0,0,1,
244,189.0,12,2.0,0,11.0,1,0,0,269,80,,10,-1,121,19,0,7,2017,0,0,0,0,0,0,0,0,0,2.0,0,1,1,
245,189.0,12,2.0,0,11.0,1,0,0,269,80,,12,0,114,20,0,7,2017,0,0,0,0,0,0,0,0,0,0.0,0,2,0,
246,367.0,38,5.0,4,17.0,0,0,0,509,142,,26,30,452,41,0,8,2017,0,1,0,0,0,0,0,0,3,43.0,0,1,4,
247,411.0,15,2.0,4,8.0,1,0,0,482,71,,26,30,452,41,0,8,2017,0,0,0,0,0,0,0,0,0,43.0,0,1,4,
248,367.0,38,5.0,4,17.0,0,0,0,509,142,,19,67,402,30,0,8,2017,0,1,0,0,0,0,0,0,3,40.0,0,3,8,
249,411.0,15,2.0,4,8.0,1,0,0,482,71,,19,67,402,30,0,8,2017,0,0,0,0,0,0,0,0,0,40.0,0,3,8,
250,246.0,25,1.0,2,6.0,2,0,0,386,140,,26,0,257,33,0,8,2017,0,0,0,0,0,0,0,0,0,22.0,0,0,1,
251,246.0,25,1.0,2,6.0,2,0,2,386,140,,18,17,254,29,0,8,2017,0,0,0,0,0,0,0,0,0,21.0,0,0,6,
252,216.0,23,4.0,2,15.0,0,0,0,331,115,,17,10,243,29,0,8,2017,0,1,0,0,0,0,0,1,1,22.0,0,0,3,
253,216.0,23,4.0,2,15.0,0,0,0,331,115,,25,6,233,39,0,8,2017,0,1,0,0,0,0,0,1,1,19.0,0,1,1,
254,287.0,33,1.0,2,5.0,0,0,0,375,88,,27,0,288,43,0,8,2017,0,0,0,0,0,0,0,1,1,21.0,0,1,0,
255,287.0,33,1.0,0,5.0,0,0,0,375,88,,18,18,179,34,0,8,2017,0,0,1,0,0,0,0,1,1,14.0,0,0,5,
256,144.0,10,4.0,2,23.0,0,0,0,238,94,,18,7,211,32,0,8,2017,0,1,0,0,1,0,0,1,2,20.0,0,1,2,
257,144.0,10,4.0,1,23.0,0,0,0,238,94,,17,40,167,36,0,8,2017,0,1,0,0,0,0,0,1,2,12.0,0,2,6,
258,144.0,10,4.0,0,23.0,0,0,0,238,94,,0,-2,0,0,0,8,2017,0,1,0,0,0,0,0,1,2,0.0,0,0,2,
259,192.0,13,1.0,1,14.0,0,0,0,349,157,,32,2,333,47,1,8,2017,0,0,0,0,0,0,0,1,1,19.0,0,0,1,
260,192.0,13,1.0,1,14.0,0,0,0,349,157,,17,0,212,30,1,8,2017,0,0,0,0,0,0,0,1,1,12.0,0,1,0,
261,313.0,14,0.0,1,18.0,2,0,0,367,54,,20,1,165,27,0,8,2017,0,1,1,0,0,0,0,0,2,18.0,0,0,6,
262,313.0,14,0.0,1,18.0,2,0,0,367,54,,31,0,313,49,0,8,2017,0,1,0,0,0,0,0,0,2,14.0,0,2,0,
263,317.0,20,0.0,0,8.0,1,0,0,392,75,,27,11,423,45,0,8,2017,0,0,0,0,0,0,0,0,1,17.0,0,0,1,
264,317.0,20,0.0,1,8.0,1,0,0,392,75,,17,-2,317,31,0,8,2017,0,0,0,0,0,0,0,0,1,16.0,0,1,3,
265,187.0,19,3.0,1,23.0,2,0,1,364,177,,14,33,202,31,0,8,2017,0,1,0,0,0,0,0,0,3,16.0,0,0,4,
266,187.0,19,3.0,1,23.0,2,0,0,364,177,,19,20,198,36,0,8,2017,0,1,0,0,0,0,0,0,3,9.0,0,3,2,
267,154.0,17,0.0,1,6.0,0,0,0,254,100,,18,44,154,32,0,8,2017,0,0,0,0,0,0,0,0,1,14.0,0,1,11,
268,154.0,17,0.0,0,6.0,0,0,1,254,100,,21,13,210,38,0,8,2017,0,0,0,0,0,0,0,0,1,4.0,0,2,3,
269,138.0,33,2.0,1,4.0,1,0,1,307,169,,26,0,263,39,0,8,2017,0,0,0,0,0,0,0,0,0,13.0,0,1,1,
270,138.0,33,2.0,0,4.0,1,0,0,307,169,,14,16,143,22,0,8,2017,0,0,0,0,0,0,0,0,0,6.0,0,0,3,
271,150.0,12,2.0,0,11.0,0,0,0,307,157,,23,-2,299,28,0,8,2017,0,0,0,0,0,0,0,0,1,11.0,0,0,4,
272,150.0,12,2.0,0,11.0,0,0,0,307,157,,14,53,164,32,0,8,2017,0,0,0,0,0,0,0,0,1,9.0,0,1,3,
273,151.0,0,3.0,1,35.0,0,0,0,196,45,,10,9,101,15,0,8,2017,0,3,0,0,0,0,0,0,2,10.0,0,0,1,
274,151.0,0,3.0,1,35.0,0,0,0,196,45,,3,-3,20,7,0,8,2017,0,3,0,0,0,0,0,0,2,6.0,0,0,4,
275,151.0,0,3.0,0,35.0,0,0,0,196,45,,25,0,176,44,0,8,2017,0,3,0,0,0,0,0,0,2,3.0,0,2,0,
276,311.0,51,0.0,4,0.0,0,0,0,473,162,,14,0,311,22,0,9,2017,0,0,0,0,0,0,0,0,0,36.0,0,0,0,
277,311.0,51,0.0,2,0.0,0,0,1,473,162,,20,0,220,36,0,9,2017,0,0,0,0,0,0,0,0,0,17.0,0,1,0,
278,311.0,51,0.0,0,0.0,0,0,0,473,162,,0,-1,0,2,0,9,2017,0,0,0,0,0,0,0,0,0,0.0,0,0,1,
279,311.0,51,0.0,0,0.0,0,0,0,473,162,,0,-1,0,0,0,9,2017,0,0,0,0,0,0,0,0,0,0.0,0,0,1,
280,191.0,23,3.0,4,8.0,0,0,0,226,35,,15,8,199,27,0,9,2017,0,0,0,0,0,0,0,0,2,31.0,0,0,2,
281,191.0,23,3.0,1,8.0,0,0,0,226,35,,19,0,208,38,0,9,2017,0,0,0,0,0,0,0,0,2,10.0,0,2,0,
282,191.0,23,3.0,0,8.0,0,0,1,226,35,,1,-1,35,1,0,9,2017,0,0,0,0,0,0,0,0,2,0.0,0,0,1,
283,244.0,21,7.0,2,14.0,3,0,1,307,63,,29,35,285,40,0,9,2017,0,0,1,0,0,0,0,0,0,31.0,0,0,6,
284,244.0,21,7.0,1,14.0,3,0,0,307,63,,14,13,140,20,0,9,2017,0,0,1,0,0,0,0,0,0,18.0,0,0,5,
285,295.0,27,1.0,3,6.0,1,0,0,379,84,,34,0,311,42,0,9,2017,0,0,0,0,0,0,0,0,1,30.0,0,0,1,
286,295.0,27,1.0,1,6.0,1,0,0,379,84,,21,-3,300,30,0,9,2017,0,0,0,0,0,0,0,0,1,16.0,0,1,4,
287,255.0,17,2.0,2,8.0,0,0,0,323,68,,21,27,249,33,0,9,2017,0,0,1,0,0,0,0,0,1,29.0,0,0,3,
288,255.0,17,2.0,2,8.0,0,0,0,323,68,,25,19,263,34,0,9,2017,0,0,0,0,0,0,0,0,1,21.0,0,1,5,
289,193.0,17,6.0,2,14.0,1,0,0,244,51,,24,77,297,45,1,9,2017,0,0,0,0,0,0,0,0,0,26.0,0,2,10,
290,193.0,17,6.0,0,14.0,1,0,1,244,51,,21,4,247,31,1,9,2017,0,0,0,0,0,0,0,0,0,8.0,0,0,3,
291,353.0,30,1.0,2,3.0,1,0,0,417,64,,26,0,361,33,0,9,2017,0,0,0,0,0,0,0,0,0,26.0,0,0,1,
292,353.0,30,1.0,0,3.0,1,0,0,417,64,,26,22,245,38,0,9,2017,0,0,1,0,0,0,0,0,0,17.0,0,0,4,
293,279.0,20,3.0,2,15.0,1,0,1,371,92,,20,12,308,30,0,9,2017,0,1,0,0,0,0,0,0,0,24.0,0,0,2,
294,279.0,20,3.0,1,15.0,1,0,1,371,92,,19,0,219,44,0,9,2017,0,1,0,0,0,0,0,0,0,13.0,0,0,0,
295,302.0,17,2.0,2,8.0,0,0,0,355,53,,24,-1,313,38,0,9,2017,0,0,0,0,0,0,0,0,1,22.0,0,1,1,
296,302.0,17,2.0,0,8.0,0,0,0,355,53,,13,86,137,24,0,9,2017,0,0,1,0,0,0,0,0,1,19.0,0,0,9,
297,113.0,10,4.0,2,21.0,1,0,0,200,87,,22,2,263,27,0,9,2017,0,1,0,0,0,0,0,1,0,22.0,0,0,4,
298,113.0,10,4.0,1,21.0,1,0,0,200,87,,8,30,68,15,0,9,2017,0,1,0,0,0,0,0,1,0,11.0,0,0,3,
299,113.0,10,4.0,0,21.0,1,0,0,200,87,,7,8,67,13,0,9,2017,0,1,0,0,0,0,0,1,0,2.0,0,0,2,
300,201.0,20,0.0,2,8.0,1,0,0,368,167,,15,2,201,30,0,9,2017,0,0,0,0,0,0,0,0,1,18.0,0,1,4,
301,201.0,20,0.0,0,8.0,1,0,0,368,167,,24,16,294,51,0,9,2017,0,0,1,0,0,0,0,0,1,16.0,0,1,3,
302,268.0,20,2.0,2,10.0,0,0,0,341,73,,19,6,218,28,0,9,2017,0,0,0,0,0,0,0,0,2,18.0,0,1,3,
303,268.0,20,2.0,2,10.0,0,0,0,341,73,,34,7,261,52,0,9,2017,0,0,0,0,0,0,0,0,2,18.0,0,2,1,
304,119.0,7,2.0,1,15.0,0,0,0,148,29,,24,20,259,38,0,9,2017,0,1,0,0,0,0,0,0,0,18.0,0,0,5,
305,119.0,7,2.0,0,15.0,0,0,0,148,29,,10,-1,136,18,0,9,2017,0,1,0,0,0,0,0,0,0,5.0,0,0,3,
306,213.0,21,0.0,4,3.0,0,0,0,313,100,,21,95,254,35,0,10,2017,0,0,0,0,0,0,0,0,1,43.0,0,0,5,
307,213.0,21,0.0,2,3.0,0,0,0,313,100,,22,-1,213,37,0,10,2017,0,0,0,0,0,0,0,0,1,18.0,0,1,1,
308,213.0,21,0.0,0,3.0,0,0,0,313,100,,0,-2,0,0,0,10,2017,0,0,0,0,0,0,0,0,1,0.0,0,0,2,
309,304.0,38,0.0,4,4.0,0,0,0,406,102,,21,-1,304,29,0,10,2017,0,0,0,0,0,0,0,0,2,32.0,0,2,3,
310,304.0,38,0.0,1,4.0,0,0,0,406,102,,26,5,327,45,0,10,2017,0,0,2,0,0,0,0,0,2,29.0,0,1,4,
311,194.0,7,3.0,3,18.0,2,0,0,283,89,,25,3,355,37,0,10,2017,0,0,0,0,0,0,0,0,2,32.0,0,0,4,
312,194.0,7,3.0,1,18.0,2,0,2,283,89,,18,0,221,36,0,10,2017,0,0,0,0,0,0,0,0,2,8.0,0,2,2,
313,297.0,41,1.0,3,1.0,0,0,0,396,99,,25,0,266,34,0,10,2017,0,0,0,0,0,0,0,0,0,28.0,0,0,1,
314,297.0,41,1.0,1,1.0,0,0,0,396,99,,18,-1,221,33,0,10,2017,0,0,0,0,0,0,0,0,0,12.0,0,1,1,
315,297.0,41,1.0,0,1.0,0,0,0,396,99,,3,0,37,3,0,10,2017,0,0,0,0,0,0,0,0,0,1.0,0,0,0,
316,260.0,21,3.0,2,6.0,1,0,0,374,114,,19,15,288,25,0,10,2017,0,0,1,0,0,0,0,0,0,28.0,0,1,5,
317,260.0,21,3.0,2,6.0,1,0,1,374,114,,28,0,273,37,0,10,2017,0,0,0,0,0,0,0,0,0,21.0,0,0,0,
318,212.0,24,4.0,3,15.0,1,0,0,413,201,,17,17,249,26,0,10,2017,0,1,0,0,0,0,0,0,1,26.0,0,1,4,
319,212.0,24,4.0,1,15.0,1,0,0,413,201,,21,57,232,37,0,10,2017,0,1,1,0,0,0,0,0,1,24.0,0,1,7,
320,212.0,24,4.0,0,15.0,1,0,0,413,201,,1,0,5,3,0,10,2017,0,1,0,0,0,0,0,0,1,0.0,0,0,0,
321,212.0,22,5.0,2,6.0,0,0,0,287,75,,22,19,238,32,0,10,2017,0,0,0,0,0,0,0,0,0,22.0,0,0,5,
322,212.0,22,5.0,1,6.0,0,0,0,287,75,,24,1,273,47,0,10,2017,0,0,0,0,0,0,0,0,0,16.0,0,0,1,
323,228.0,20,1.0,2,9.0,0,0,0,316,88,,19,5,236,31,0,10,2017,0,0,0,0,1,0,0,1,1,21.0,0,1,2,
324,228.0,20,1.0,2,9.0,0,0,0,316,88,,14,7,222,24,0,10,2017,0,0,0,0,0,0,0,1,1,18.0,0,1,4,
325,255.0,20,1.0,2,9.0,2,0,2,308,53,,20,0,265,35,0,10,2017,0,0,0,0,0,0,0,0,0,20.0,0,0,1,
326,255.0,20,1.0,1,9.0,2,0,0,308,53,,25,51,264,44,0,10,2017,0,0,0,0,0,0,0,0,0,19.0,0,1,6,
327,235.0,17,0.0,2,8.0,1,0,0,322,87,,21,-1,235,37,0,10,2017,0,0,0,0,0,0,0,0,1,19.0,0,1,2,
328,235.0,17,0.0,1,8.0,1,0,0,322,87,,28,34,273,51,0,10,2017,0,0,0,0,1,0,0,0,1,17.0,0,2,5,
329,126.0,7,8.0,2,19.0,2,0,0,233,107,,22,0,215,29,0,10,2017,0,0,0,0,0,0,0,0,0,18.0,0,1,0,
330,126.0,7,8.0,0,19.0,2,0,2,233,107,,20,42,176,30,0,10,2017,0,0,1,0,0,0,0,0,0,15.0,0,0,6,
331,182.0,23,3.0,1,4.0,0,0,0,342,160,,21,0,297,35,0,10,2017,0,0,0,0,0,0,0,0,0,17.0,0,0,0,
332,182.0,23,3.0,1,4.0,0,0,0,342,160,,18,16,212,25,0,10,2017,0,0,0,0,0,0,0,0,0,15.0,0,0,2,
333,219.0,10,6.0,1,17.0,1,0,0,275,56,,23,0,262,39,0,10,2017,0,0,0,0,0,0,0,0,1,14.0,0,1,0,
334,219.0,10,6.0,1,17.0,1,0,0,275,56,,17,9,187,34,0,10,2017,0,0,0,0,0,0,0,0,1,11.0,0,1,3,
335,184.0,47,0.0,0,2.0,1,0,0,482,298,,18,6,184,25,0,10,2017,0,0,1,0,0,0,0,0,0,13.0,0,0,2,
336,184.0,47,0.0,1,2.0,1,0,0,482,298,,7,0,79,10,0,10,2017,0,0,0,0,0,0,0,0,0,9.0,0,0,0,
337,184.0,47,0.0,0,2.0,1,0,0,482,298,,9,27,56,18,0,10,2017,0,0,0,0,0,0,0,0,0,2.0,0,1,3,
338,184.0,47,0.0,0,2.0,1,0,0,482,298,,0,-2,0,0,0,10,2017,0,0,0,0,0,0,0,0,0,0.0,0,0,3,
339,264.0,17,5.0,4,19.0,0,0,0,316,52,,30,10,299,45,0,11,2017,0,0,0,0,0,0,0,1,4,36.0,0,0,1,
340,190.0,34,1.0,4,3.0,1,0,0,279,89,,30,10,299,45,0,11,2017,0,0,0,0,0,0,0,0,0,36.0,0,0,1,
341,264.0,17,5.0,2,19.0,0,0,1,316,52,,26,86,258,42,0,11,2017,0,0,1,0,1,0,0,1,4,35.0,0,1,7,
342,190.0,34,1.0,2,3.0,1,0,1,279,89,,26,86,258,42,0,11,2017,0,0,1,0,1,0,0,0,0,35.0,0,1,7,
343,264.0,17,5.0,2,19.0,0,0,0,316,52,,19,12,195,27,0,11,2017,0,0,0,0,0,0,0,1,4,20.0,0,0,3,
344,190.0,34,1.0,2,3.0,1,0,0,279,89,,19,12,195,27,0,11,2017,0,0,0,0,0,0,0,0,0,20.0,0,0,3,
345,264.0,17,5.0,1,19.0,0,0,0,316,52,,22,5,306,33,0,11,2017,0,0,1,0,0,0,0,1,4,16.0,0,4,5,
346,190.0,34,1.0,1,3.0,1,0,0,279,89,,22,5,306,33,0,11,2017,0,0,1,0,0,0,0,0,0,16.0,0,4,5,
347,264.0,17,5.0,0,19.0,0,0,0,316,52,,0,-3,0,0,0,11,2017,0,0,0,0,0,0,0,1,4,0.0,0,0,3,
348,190.0,34,1.0,0,3.0,1,0,0,279,89,,0,-3,0,0,0,11,2017,0,0,0,0,0,0,0,0,0,0.0,0,0,3,
349,300.0,31,2.0,3,2.0,0,0,0,456,156,,22,11,322,32,0,11,2017,0,0,0,0,0,0,0,0,0,31.0,0,0,3,
350,300.0,31,2.0,2,2.0,0,0,0,456,156,,29,2,385,41,0,11,2017,0,0,0,0,0,0,0,0,0,25.0,0,1,1,
351,332.0,33,1.0,3,1.0,0,0,0,421,89,,30,0,340,37,0,11,2017,0,0,0,0,0,0,0,0,0,31.0,0,0,0,
352,332.0,33,1.0,1,1.0,0,0,0,421,89,,28,0,237,49,0,11,2017,0,0,0,0,1,0,0,0,0,15.0,0,1,0,
353,244.0,21,2.0,3,7.0,0,0,0,292,48,,22,13,257,34,0,11,2017,0,0,0,0,0,0,0,0,2,25.0,0,2,3,
354,244.0,21,2.0,2,7.0,0,0,1,292,48,,22,3,230,32,0,11,2017,0,0,0,0,0,0,0,0,2,18.0,0,1,1,
355,141.0,20,2.0,3,8.0,0,0,0,190,49,,15,4,154,25,0,11,2017,0,0,0,0,0,0,0,1,0,24.0,0,0,3,
356,141.0,20,2.0,1,8.0,0,0,0,190,49,,23,24,254,42,0,11,2017,0,0,0,0,0,0,0,1,0,16.0,0,1,4,
357,168.0,37,0.0,2,0.0,0,0,0,383,215,,14,13,168,27,0,11,2017,0,0,0,0,2,0,0,0,0,23.0,0,0,6,
358,168.0,37,0.0,0,0.0,0,0,0,383,215,,0,0,0,1,0,11,2017,0,0,0,0,0,0,0,0,0,0.0,0,0,0,
359,168.0,37,0.0,0,0.0,0,0,1,383,215,,18,10,145,31,0,11,2017,0,0,0,0,0,0,0,0,0,-1.0,0,3,2,
360,268.0,30,1.0,2,1.0,0,0,0,321,53,,22,9,275,37,0,11,2017,0,0,0,0,0,0,0,0,0,23.0,0,0,3,
361,268.0,30,1.0,1,1.0,0,0,0,321,53,,17,0,282,28,0,11,2017,0,0,0,0,0,0,0,0,0,17.0,0,0,1,
362,268.0,30,1.0,1,1.0,0,0,0,321,53,,6,1,83,12,0,11,2017,0,0,0,0,0,0,0,0,0,3.0,0,3,1,
363,287.0,27,3.0,2,6.0,1,0,1,352,65,,21,3,299,31,0,11,2017,0,0,0,0,0,0,0,0,0,22.0,0,0,3,
364,287.0,27,3.0,1,6.0,1,0,1,352,65,,18,53,179,30,0,11,2017,0,0,0,0,0,0,0,0,0,17.0,0,0,6,
365,220.0,24,1.0,2,26.0,1,0,0,393,173,,20,0,251,32,0,11,2017,0,2,0,0,0,0,0,0,5,22.0,0,0,0,
366,220.0,24,1.0,1,26.0,1,0,1,393,173,,15,38,158,25,0,11,2017,0,2,1,0,0,0,0,0,5,20.0,0,0,4,
367,220.0,24,1.0,0,26.0,1,0,0,393,173,,5,-3,33,5,0,11,2017,0,2,0,0,0,0,0,0,5,1.0,0,0,3,
368,220.0,24,1.0,0,26.0,1,0,0,393,173,,6,4,66,14,0,11,2017,0,2,0,0,0,0,0,0,5,-8.0,0,5,2,
369,209.0,7,2.0,1,11.0,1,0,0,254,45,,27,20,280,38,0,11,2017,0,0,0,0,0,0,0,0,0,19.0,0,0,3,
370,209.0,7,2.0,0,11.0,1,0,0,254,45,,23,8,225,37,0,11,2017,0,0,0,0,0,0,0,0,0,9.0,0,0,2,
371,161.0,23,3.0,1,6.0,0,0,0,219,58,,22,-1,183,28,0,11,2017,0,0,0,0,0,0,0,0,1,11.0,0,1,2,
372,161.0,23,3.0,0,6.0,0,0,1,219,58,,21,19,239,36,0,11,2017,0,0,0,0,0,0,0,0,1,3.0,0,3,3,
373,145.0,19,2.0,1,8.0,1,0,1,284,139,,17,4,154,30,0,11,2017,0,0,0,0,0,0,0,0,0,11.0,0,0,4,
374,145.0,19,2.0,1,8.0,1,0,2,284,139,,16,22,179,32,0,11,2017,0,0,0,0,0,0,0,0,0,9.0,0,2,5,
375,229.0,9,1.0,0,14.0,0,0,0,363,134,,19,5,205,35,0,11,2017,0,0,0,0,0,0,0,0,3,8.0,0,0,2,
376,229.0,9,1.0,0,14.0,0,0,0,363,134,,27,27,230,40,0,11,2017,0,0,0,0,0,0,0,0,3,7.0,0,2,5,
377,196.0,13,3.0,4,12.0,0,0,0,280,84,,33,25,351,45,0,12,2017,0,0,0,0,1,0,0,0,1,38.0,0,2,3,
378,227.0,28,4.0,4,4.0,0,0,0,307,80,,33,25,351,45,0,12,2017,0,0,0,0,1,0,0,0,0,38.0,0,2,3,
379,196.0,13,3.0,3,12.0,0,0,0,280,84,,17,6,245,26,0,12,2017,0,0,0,0,0,0,0,0,1,27.0,0,0,1,
380,227.0,28,4.0,3,4.0,0,0,0,307,80,,17,6,245,26,0,12,2017,0,0,0,0,0,0,0,0,0,27.0,0,0,1,
381,434.0,28,0.0,3,0.0,0,0,0,515,81,,27,-5,434,33,0,12,2017,0,0,0,0,0,0,0,0,0,35.0,0,0,5,
382,434.0,28,0.0,0,0.0,0,0,0,515,81,,20,0,179,27,0,12,2017,0,0,0,0,0,0,0,0,0,3.0,0,2,0,
383,154.0,35,3.0,3,3.0,0,0,1,299,145,,19,28,307,36,0,12,2017,0,0,0,0,0,0,0,0,0,31.0,0,0,2,
384,154.0,35,3.0,0,3.0,0,0,0,299,145,,11,28,168,28,0,12,2017,0,0,1,0,0,1,0,0,0,16.0,0,0,9,
385,272.0,30,2.0,2,6.0,0,0,0,408,136,,21,20,282,30,0,12,2017,0,0,1,0,0,0,0,2,0,31.0,0,0,7,
386,272.0,30,2.0,2,6.0,0,0,1,408,136,,20,0,250,35,0,12,2017,0,0,0,0,0,0,0,2,0,19.0,0,1,1,
387,154.0,17,7.0,4,17.0,1,0,1,221,67,,18,-4,227,28,0,12,2017,0,0,0,0,0,0,0,0,2,30.0,0,1,5,
388,154.0,17,7.0,1,17.0,1,0,0,221,67,,23,9,215,34,0,12,2017,0,0,0,0,0,0,0,0,2,10.0,0,2,2,
389,134.0,3,2.0,3,16.0,0,0,0,140,6,,23,29,227,36,0,12,2017,0,0,0,0,0,0,0,0,2,29.0,0,0,5,
390,134.0,3,2.0,0,16.0,0,0,0,140,6,,17,12,147,33,0,12,2017,0,0,0,0,0,0,0,0,2,2.0,0,2,4,
391,134.0,3,2.0,0,16.0,0,0,1,140,6,,3,-3,21,3,0,12,2017,0,0,0,0,0,0,0,0,2,-1.0,0,0,4,
392,228.0,24,0.0,2,3.0,0,0,0,318,90,,20,25,228,34,0,12,2017,0,0,1,0,0,0,0,0,1,27.0,0,1,7,
393,228.0,24,0.0,0,3.0,0,0,0,318,90,,22,21,201,38,0,12,2017,0,0,0,0,0,0,0,0,1,8.0,0,1,6,
394,228.0,24,0.0,1,3.0,0,0,0,318,90,,2,4,18,2,0,12,2017,0,0,0,0,0,0,0,0,1,6.0,0,0,1,
395,223.0,20,3.0,2,7.0,0,0,0,346,123,,28,-3,354,43,0,12,2017,0,0,0,0,0,0,0,0,0,24.0,0,1,3,
396,223.0,20,3.0,1,7.0,0,0,0,346,123,,22,5,246,32,0,12,2017,0,0,0,0,0,0,0,0,0,15.0,0,0,1,
397,236.0,16,4.0,2,8.0,0,0,0,405,169,,18,26,214,28,0,12,2017,0,0,0,0,0,0,0,0,0,22.0,0,0,4,
398,236.0,16,4.0,0,8.0,0,0,0,405,169,,18,39,268,31,0,12,2017,0,0,1,0,0,0,0,0,0,19.0,0,0,9,
399,236.0,16,4.0,0,8.0,0,0,0,405,169,,0,0,0,1,0,12,2017,0,0,0,0,0,0,0,0,0,0.0,0,0,0,
400,128.0,24,3.0,0,10.0,2,0,0,219,91,,19,62,160,33,0,12,2017,0,0,2,0,0,0,0,0,1,22.0,0,1,6,
401,128.0,24,3.0,2,10.0,2,0,1,219,91,,22,17,241,38,0,12,2017,0,0,0,0,1,0,0,0,1,21.0,0,1,6,
402,160.0,14,5.0,2,11.0,0,0,1,216,56,,18,-3,253,24,0,12,2017,0,0,0,0,0,0,0,0,1,21.0,0,0,3,
403,160.0,14,5.0,2,11.0,0,0,0,216,56,,11,9,149,21,0,12,2017,0,0,0,0,0,0,0,0,1,17.0,0,0,2,
404,160.0,14,5.0,0,11.0,0,0,0,216,56,,9,17,41,14,0,12,2017,0,0,0,0,0,0,0,0,1,0.0,0,1,2,
405,86.0,10,4.0,2,13.0,0,0,0,170,84,,19,4,242,31,0,12,2017,0,0,0,0,0,0,0,0,1,19.0,0,1,3,
406,86.0,10,4.0,0,13.0,0,0,0,170,84,,13,-1,113,27,0,12,2017,0,0,0,0,0,0,0,0,1,2.0,0,1,1,
407,279.0,20,1.0,1,5.0,0,0,0,373,94,,26,1,317,35,0,12,2017,0,0,0,0,0,0,0,0,0,18.0,0,0,1,
408,279.0,20,1.0,0,5.0,0,0,0,373,94,,27,20,283,44,0,12,2017,0,0,0,0,0,0,0,0,0,13.0,0,0,2,
409,164.0,16,2.0,1,6.0,0,0,0,268,104,,19,27,183,29,0,12,2017,0,0,0,0,0,0,0,0,0,15.0,0,0,9,
410,164.0,16,2.0,1,6.0,0,0,0,268,104,,23,35,199,36,0,12,2017,0,0,0,0,0,0,0,0,0,14.0,0,1,5,
411,184.0,20,0.0,1,8.0,0,0,0,276,92,,17,4,184,25,0,12,2017,0,0,0,0,0,0,0,0,2,9.0,0,2,3,
412,184.0,20,0.0,0,8.0,0,0,1,276,92,,17,16,196,29,0,12,2017,0,0,0,0,0,0,0,0,2,7.0,0,0,3,
413,237.0,16,2.0,0,12.0,1,0,0,303,66,,20,42,141,32,0,12,2017,0,0,0,0,0,0,0,0,2,9.0,0,0,6,
414,237.0,16,2.0,0,12.0,1,0,1,303,66,,22,0,252,37,0,12,2017,0,0,0,0,0,0,0,0,2,5.0,0,2,0,
415,362.0,31,2.0,4,2.0,0,0,0,474,112,,19,70,366,33,0,13,2017,0,0,0,0,0,0,0,0,0,45.0,0,0,1,
416,362.0,31,2.0,1,2.0,0,0,0,474,112,,26,19,331,36,0,13,2017,0,0,2,0,0,0,0,0,0,32.0,0,0,7,
417,327.0,10,3.0,3,14.0,1,0,0,425,98,,20,31,227,31,0,13,2017,0,0,0,0,0,0,0,0,1,30.0,0,0,6,
418,223.0,20,2.0,3,6.0,0,0,0,353,130,,20,31,227,31,0,13,2017,0,0,0,0,0,0,0,0,0,30.0,0,0,6,
419,327.0,10,3.0,1,14.0,1,0,1,425,98,,29,30,348,45,0,13,2017,0,0,0,0,0,0,0,0,1,19.0,0,1,6,
420,223.0,20,2.0,1,6.0,0,0,1,353,130,,29,30,348,45,0,13,2017,0,0,0,0,0,0,0,0,0,19.0,0,1,6,
421,149.0,10,4.0,2,15.0,0,0,0,290,141,,26,27,309,35,0,13,2017,0,0,0,0,1,0,0,0,2,28.0,0,0,3,
422,149.0,10,4.0,1,15.0,0,0,0,290,141,,21,36,174,36,0,13,2017,0,0,0,0,0,0,0,0,2,11.0,0,2,6,
423,167.0,21,2.0,2,5.0,1,0,0,279,112,,17,51,183,27,0,13,2017,0,0,0,0,0,0,0,0,0,24.0,0,0,6,
424,167.0,21,2.0,1,5.0,1,0,0,279,112,,25,-3,269,34,0,13,2017,0,0,0,0,0,0,0,0,0,16.0,0,0,4,
425,230.0,20,7.0,2,19.0,1,0,1,395,165,,21,18,270,32,0,13,2017,0,1,0,0,0,0,0,0,0,22.0,0,0,5,
426,230.0,20,7.0,0,19.0,1,0,0,395,165,,13,66,84,22,0,13,2017,0,1,0,0,0,0,0,0,0,7.0,0,1,7,
427,294.0,20,3.0,2,19.0,1,0,0,372,78,,23,-1,269,36,0,13,2017,0,1,0,0,0,0,0,0,2,22.0,0,0,1,
428,294.0,20,3.0,1,19.0,1,0,1,372,78,,24,2,292,29,0,13,2017,0,1,0,0,0,0,0,0,2,14.0,0,1,3,
429,294.0,20,3.0,0,19.0,1,0,0,372,78,,3,0,24,5,0,13,2017,0,1,0,0,0,0,0,0,2,-2.0,0,1,0,
430,282.0,23,1.0,2,4.0,0,0,0,374,92,,21,19,234,36,0,13,2017,0,0,0,0,0,0,0,0,1,22.0,0,0,2,
431,282.0,23,1.0,2,4.0,0,0,0,374,92,,24,4,290,40,0,13,2017,0,0,0,0,0,0,0,0,1,21.0,0,1,1,
432,207.0,14,2.0,2,6.0,0,0,0,312,105,,25,-1,227,30,0,13,2017,0,0,0,0,0,0,0,0,0,21.0,0,0,4,
433,207.0,14,2.0,0,6.0,0,0,0,312,105,,16,1,173,29,0,13,2017,0,0,0,0,0,0,0,0,0,6.0,0,0,1,
434,331.0,13,4.0,1,13.0,0,0,0,384,53,,15,23,150,23,0,13,2017,0,0,1,0,0,0,0,0,1,20.0,0,0,3,
435,331.0,13,4.0,1,13.0,0,0,0,384,53,,31,-1,365,49,0,13,2017,0,0,0,0,0,0,0,0,1,18.0,0,1,1,
436,202.0,10,3.0,1,14.0,1,0,0,291,89,,31,-2,344,43,0,13,2017,0,0,0,0,0,0,0,0,1,19.0,0,0,2,
437,202.0,10,3.0,1,14.0,1,0,1,291,89,,15,46,215,32,0,13,2017,0,0,0,0,0,0,0,0,1,15.0,0,1,5,
438,224.0,14,4.0,2,22.0,2,0,0,280,56,,11,28,102,22,0,13,2017,0,1,0,0,0,0,0,0,2,18.0,0,0,5,
439,224.0,14,4.0,2,22.0,2,0,1,280,56,,26,6,251,37,0,13,2017,0,1,0,0,0,0,0,0,2,17.0,0,2,3,
440,213.0,32,1.0,2,3.0,0,0,0,303,90,,21,2,220,31,0,13,2017,0,0,0,0,0,0,0,0,1,18.0,0,1,1,
441,213.0,32,1.0,1,3.0,0,0,0,303,90,,18,12,221,32,0,13,2017,0,0,0,0,0,0,0,0,1,11.0,0,2,4,
442,167.0,9,3.0,2,28.0,0,0,0,270,103,,18,1,235,31,2,13,2017,0,1,0,0,0,0,0,1,3,17.0,0,2,1,
443,167.0,9,3.0,0,28.0,0,0,0,270,103,,19,16,200,41,2,13,2017,0,1,0,0,0,0,0,1,3,3.0,0,3,3,
444,167.0,9,3.0,0,28.0,0,0,0,270,103,,0,0,0,1,2,13,2017,0,1,0,0,0,0,0,1,3,0.0,0,0,0,
445,200.0,17,3.0,1,11.0,2,0,0,265,65,,22,-1,287,36,0,13,2017,0,0,0,0,0,0,0,0,0,17.0,0,0,1,
446,200.0,17,3.0,1,11.0,2,0,2,265,65,,21,13,212,34,0,13,2017,0,0,0,0,0,0,0,0,0,13.0,0,0,3,
447,278.0,15,2.0,1,14.0,0,0,0,388,110,,12,19,102,15,0,13,2017,0,1,0,0,0,0,0,0,1,11.0,0,0,4,
448,278.0,15,2.0,0,14.0,0,0,0,388,110,,26,8,293,37,0,13,2017,0,1,0,0,0,0,0,0,1,9.0,0,1,4,
449,244.0,23,3.0,0,6.0,0,0,0,435,191,,21,0,258,30,0,13,2017,0,0,0,0,0,0,0,0,1,8.0,0,1,0,
450,244.0,23,3.0,0,6.0,0,0,0,435,191,,9,32,65,18,0,13,2017,0,0,0,0,0,0,0,0,1,3.0,0,1,3,
451,244.0,23,3.0,0,6.0,0,0,0,435,191,,0,27,0,1,0,13,2017,0,0,0,0,0,0,0,0,1,2.0,0,0,3,
452,244.0,23,3.0,0,6.0,0,0,0,435,191,,6,9,50,15,0,13,2017,0,0,0,0,0,0,0,0,1,2.0,0,0,1,
453,244.0,23,3.0,0,6.0,0,0,0,435,191,,0,-2,0,0,0,13,2017,0,0,0,0,0,0,0,0,1,0.0,0,0,2,
