,Unnamed: 0,50+,FGA,FGM,Name,Opponent,Points,Position,Week,XPA,XPM,Year,Away Games
0,0,0,4,4,David Akers,Seahawks,15.0,K,1,3,3,2011,0
1,1,1,3,3,Sebastian Janikowski,Broncos,13.0,K,1,2,2,2011,1
2,2,0,3,3,Robbie Gould,Falcons,12.0,K,1,3,3,2011,0
3,3,0,2,2,Rian Lindell,Chiefs,11.0,K,1,5,5,2011,1
4,4,1,2,2,Nick Folk,Cowboys,11.0,K,1,3,3,2011,0
5,5,0,3,3,Josh Scobee,Titans,10.0,K,1,1,1,2011,0
6,6,0,2,2,Neil Rackers,Colts,10.0,K,1,4,4,2011,0
7,7,0,2,2,John Kasay,Packers,10.0,K,1,4,4,2011,1
8,8,0,2,2,Mike Nugent,Browns,9.0,K,1,3,3,2011,1
9,9,0,2,2,Jason Hanson,Buccaneers,9.0,K,1,3,3,2011,1
10,10,0,2,2,Billy Cundiff,Steelers,9.0,K,1,3,3,2011,0
11,11,0,3,2,Matt Prater,Raiders,8.0,K,1,2,2,2011,0
12,12,0,2,1,Stephen Gostkowski,Dolphins,8.0,K,1,5,5,2011,1
13,13,0,2,2,Connor Barth,Lions,8.0,K,1,2,2,2011,0
14,14,0,1,1,Alex Henery,Rams,7.0,K,1,4,4,2011,1
15,15,0,3,2,Josh Brown,Eagles,7.0,K,1,1,1,2011,0
16,16,0,1,1,Mike Scifres,Min,6.0,K,1,3,3,2011,0
17,17,0,0,0,Mason Crosby,Saints,6.0,K,1,6,6,2011,0
18,18,0,1,1,Dan Carpenter,Patriots,6.0,K,1,3,3,2011,0
19,19,0,2,2,Matt Bryant,Bears,6.0,K,1,0,0,2011,1
20,20,0,1,1,Dan Bailey,Jets,6.0,K,1,3,3,2011,1
21,21,0,1,1,Ryan Longwell,Chargers,5.0,K,1,2,2,2011,1
22,22,0,1,1,Stephen Hauschka,49ers,5.0,K,1,2,2,2011,1
23,23,0,1,1,Phil Dawson,Bengals,5.0,K,1,2,2,2011,0
24,24,0,1,0,Graham Gano,Giants,4.0,K,1,4,4,2011,0
25,25,0,1,0,Jay Feely,Panthers,4.0,K,1,4,4,2011,0
26,26,0,0,0,Olindo Mare,Cardinals,3.0,K,1,3,3,2011,1
27,27,0,1,0,Lawrence Tynes,Redskins,2.0,K,1,2,2,2011,1
28,28,0,0,0,Sam Koch,Steelers,2.0,K,1,0,0,2011,0
29,29,0,1,0,Rob Bironas,Jaguars,2.0,K,1,2,2,2011,1
30,30,0,1,0,Adam Vinatieri,Texans,1.0,K,1,1,1,2011,1
31,31,0,0,0,Shaun Suisham,Ravens,1.0,K,1,1,1,2011,1
32,32,0,1,0,Ryan Succop,Bills,1.0,K,1,1,1,2011,0
33,33,1,4,4,Adam Vinatieri,Browns,15.0,K,2,1,1,2011,0
34,34,1,3,3,John Kasay,Bears,14.0,K,2,3,3,2011,0
35,35,1,2,2,Jason Hanson,Chiefs,14.0,K,2,6,6,2011,0
36,36,0,5,4,Rob Bironas,Ravens,14.0,K,2,2,2,2011,0
37,37,0,3,3,Nick Folk,Jaguars,12.0,K,2,3,3,2011,0
38,38,0,3,3,Mason Crosby,Panthers,12.0,K,2,3,3,2011,1
39,39,0,3,3,Neil Rackers,Dolphins,11.0,K,2,2,2,2011,1
40,40,0,3,3,Olindo Mare,Packers,11.0,K,2,2,2,2011,0
41,41,0,3,3,Mike Nugent,Broncos,10.0,K,2,1,1,2011,1
42,42,0,4,3,Graham Gano,Cardinals,10.0,K,2,1,1,2011,0
43,43,0,3,3,Josh Brown,Giants,10.0,K,2,1,1,2011,1
44,44,0,2,2,Stephen Gostkowski,Chargers,9.0,K,2,3,3,2011,0
45,45,0,2,2,Phil Dawson,Colts,9.0,K,2,3,3,2011,1
46,46,0,3,2,Dan Bailey,49ers,9.0,K,2,3,3,2011,1
47,47,0,2,2,Ryan Longwell,Buccaneers,8.0,K,2,2,2,2011,0
48,48,0,2,1,Rian Lindell,Raiders,8.0,K,2,5,5,2011,0
49,49,1,1,1,David Akers,Cowboys,8.0,K,2,3,3,2011,0
50,50,0,2,1,Alex Henery,Falcons,7.0,K,2,4,4,2011,1
51,51,0,2,2,Robbie Gould,Saints,7.0,K,2,1,1,2011,1
52,52,0,2,2,Billy Cundiff,Titans,7.0,K,2,1,1,2011,1
53,53,0,4,2,Dan Carpenter,Texans,7.0,K,2,1,1,2011,0
54,54,0,2,1,Shaun Suisham,Seahawks,6.0,K,2,3,3,2011,0
55,55,0,1,1,Matt Prater,Bengals,6.0,K,2,3,3,2011,0
56,56,0,1,1,Connor Barth,Min,6.0,K,2,3,3,2011,1
57,57,1,1,1,Josh Scobee,Jets,5.0,K,2,0,0,2011,1
58,58,0,0,0,Sebastian Janikowski,Bills,5.0,K,2,5,5,2011,1
59,59,0,0,0,Matt Bryant,Eagles,5.0,K,2,5,5,2011,0
60,60,0,0,0,Lawrence Tynes,Rams,4.0,K,2,4,4,2011,0
61,61,0,2,1,Ryan Succop,Lions,3.0,K,2,0,0,2011,1
62,62,0,0,0,Nick Novak,Patriots,3.0,K,2,3,3,2011,1
63,63,0,0,0,Jay Feely,Redskins,3.0,K,2,3,3,2011,1
64,64,0,6,6,Dan Bailey,Redskins,18.0,K,3,0,0,2011,0
65,65,1,4,4,Jason Hanson,Min,16.0,K,3,2,2,2011,1
66,66,0,4,4,Neil Rackers,Saints,15.0,K,3,3,3,2011,1
67,67,0,5,3,Billy Cundiff,Rams,13.0,K,3,4,4,2011,1
68,68,1,3,2,Sebastian Janikowski,Jets,12.0,K,3,4,4,2011,0
69,69,1,4,3,Graham Gano,Cowboys,12.0,K,3,1,1,2011,1
70,70,0,4,3,Shaun Suisham,Colts,11.0,K,3,2,2,2011,1
71,71,0,3,3,Ryan Longwell,Lions,11.0,K,3,2,2,2011,0
72,72,0,2,2,Rian Lindell,Patriots,10.0,K,3,4,4,2011,0
73,73,0,3,3,Alex Henery,Giants,10.0,K,3,1,1,2011,0
74,74,0,4,3,Dan Carpenter,Browns,10.0,K,3,1,1,2011,1
75,75,0,3,3,Connor Barth,Falcons,10.0,K,3,1,1,2011,0
76,76,1,2,2,Stephen Hauschka,Cardinals,9.0,K,3,1,1,2011,0
77,77,0,2,2,Mason Crosby,Bears,9.0,K,3,3,3,2011,1
78,78,1,2,2,David Akers,Bengals,9.0,K,3,1,1,2011,1
79,79,0,2,2,Adam Vinatieri,Steelers,8.0,K,3,2,2,2011,0
80,80,0,2,2,Nick Novak,Chiefs,8.0,K,3,2,2,2011,0
81,81,0,1,1,Stephen Gostkowski,Bills,7.0,K,3,4,4,2011,1
82,82,0,2,2,Matt Bryant,Buccaneers,7.0,K,3,1,1,2011,1
83,83,1,1,1,Josh Scobee,Panthers,6.0,K,3,1,1,2011,1
84,84,0,2,2,Mike Nugent,49ers,6.0,K,3,0,0,2011,0
85,85,0,2,2,Olindo Mare,Jaguars,6.0,K,3,0,0,2011,0
86,86,0,1,1,John Kasay,Texans,6.0,K,3,3,3,2011,0
87,87,0,1,1,Nick Folk,Raiders,6.0,K,3,3,3,2011,1
88,88,0,2,1,Ryan Succop,Chargers,5.0,K,3,2,2,2011,1
89,89,0,1,1,Robbie Gould,Packers,5.0,K,3,2,2,2011,0
90,90,0,1,1,Phil Dawson,Dolphins,5.0,K,3,2,2,2011,0
91,91,0,1,1,Rob Bironas,Broncos,5.0,K,3,2,2,2011,0
92,92,0,3,1,Jay Feely,Seahawks,4.0,K,3,1,1,2011,1
93,93,0,0,0,Lawrence Tynes,Eagles,3.0,K,3,3,3,2011,1
94,94,0,0,0,Matt Prater,Titans,2.0,K,3,2,2,2011,1
95,95,0,0,0,Brett Kern,Broncos,2.0,K,3,0,0,2011,0
96,96,0,0,0,Josh Brown,Ravens,1.0,K,3,1,1,2011,0
97,97,0,0,0,Matt Turk,Panthers,0.0,K,3,0,0,2011,1
98,98,0,0,0,Andy Lee,Bengals,0.0,K,3,0,0,2011,1
99,99,2,5,5,Ryan Succop,Min,20.0,K,4,1,1,2011,0
100,100,0,4,4,Nick Novak,Dolphins,14.0,K,4,2,2,2011,0
101,101,1,3,3,Matt Bryant,Seahawks,14.0,K,4,3,3,2011,1
102,102,1,2,2,Jason Hanson,Cowboys,12.0,K,4,4,4,2011,1
103,103,1,3,3,Dan Carpenter,Chargers,12.0,K,4,1,1,2011,1
104,104,0,3,3,Dan Bailey,Lions,12.0,K,4,3,3,2011,0
105,105,0,3,3,Mike Nugent,Bills,11.0,K,4,2,2,2011,0
106,106,0,5,3,Olindo Mare,Bears,11.0,K,4,2,2,2011,1
107,107,0,5,3,John Kasay,Jaguars,11.0,K,4,2,2,2011,1
108,108,0,5,3,Alex Henery,49ers,11.0,K,4,2,2,2011,0
109,109,0,2,2,Robbie Gould,Panthers,10.0,K,4,4,4,2011,0
110,110,0,2,2,Billy Cundiff,Jets,10.0,K,4,4,4,2011,0
111,111,0,2,2,Jay Feely,Giants,9.0,K,4,3,3,2011,0
112,112,1,2,2,Phil Dawson,Titans,9.0,K,4,1,1,2011,0
113,113,0,2,2,Rian Lindell,Bengals,8.0,K,4,2,2,2011,1
114,114,0,1,1,Lawrence Tynes,Cardinals,7.0,K,4,4,4,2011,1
115,115,0,2,2,Sebastian Janikowski,Patriots,7.0,K,4,1,1,2011,0
116,116,0,1,1,Stephen Gostkowski,Raiders,7.0,K,4,4,4,2011,1
117,117,0,0,0,Mason Crosby,Broncos,7.0,K,4,7,7,2011,0
118,118,0,1,1,Rob Bironas,Browns,7.0,K,4,4,4,2011,1
119,119,0,2,1,Connor Barth,Colts,6.0,K,4,3,3,2011,0
120,120,0,3,1,David Akers,Eagles,6.0,K,4,3,3,2011,1
121,121,0,2,1,Adam Vinatieri,Buccaneers,5.0,K,4,2,2,2011,1
122,122,0,1,1,Neil Rackers,Steelers,5.0,K,4,2,2,2011,0
123,123,0,1,1,Matt Prater,Packers,5.0,K,4,2,2,2011,1
124,124,0,1,1,Ryan Longwell,Chiefs,5.0,K,4,2,2,2011,1
125,125,0,1,1,Graham Gano,Rams,5.0,K,4,2,2,2011,1
126,126,0,1,1,Nick Folk,Ravens,5.0,K,4,2,2,2011,1
127,127,0,2,1,Shaun Suisham,Texans,4.0,K,4,1,1,2011,1
128,128,0,1,1,Josh Scobee,Saints,4.0,K,4,1,1,2011,0
129,129,0,1,0,Stephen Hauschka,Falcons,4.0,K,4,4,4,2011,0
130,130,0,1,1,Josh Brown,Redskins,4.0,K,4,1,1,2011,0
131,131,1,5,5,Nick Novak,Broncos,19.0,K,5,2,2,2011,1
132,132,3,4,4,Sebastian Janikowski,Texans,19.0,K,5,1,1,2011,1
133,133,1,4,4,Mason Crosby,Falcons,15.0,K,5,1,1,2011,1
134,134,1,3,2,Ryan Longwell,Cardinals,12.0,K,5,4,4,2011,0
135,135,0,3,3,John Kasay,Panthers,12.0,K,5,3,3,2011,1
136,136,1,2,2,Stephen Hauschka,Giants,12.0,K,5,4,4,2011,1
137,137,0,3,3,Stephen Gostkowski,Jets,12.0,K,5,3,3,2011,0
138,138,0,2,2,David Akers,Buccaneers,12.0,K,5,6,6,2011,0
139,139,1,3,2,Neil Rackers,Raiders,10.0,K,5,2,2,2011,0
140,140,1,1,1,Adam Vinatieri,Chiefs,8.0,K,5,3,3,2011,0
141,141,0,1,1,Shaun Suisham,Titans,8.0,K,5,5,5,2011,0
142,142,0,2,2,Josh Scobee,Bengals,8.0,K,5,2,2,2011,0
143,143,0,1,1,Rian Lindell,Eagles,7.0,K,5,4,4,2011,0
144,144,0,2,2,Robbie Gould,Lions,7.0,K,5,1,1,2011,1
145,145,0,1,1,Mike Nugent,Jaguars,6.0,K,5,4,3,2011,1
146,146,0,1,1,Alex Henery,Bills,6.0,K,5,3,3,2011,1
147,147,0,1,1,Jason Hanson,Bears,6.0,K,5,3,3,2011,0
148,148,1,1,1,Jay Feely,Min,6.0,K,5,1,1,2011,1
149,149,0,1,1,Lawrence Tynes,Seahawks,5.0,K,5,2,2,2011,0
150,150,0,1,1,Rob Bironas,Steelers,5.0,K,5,2,2,2011,1
151,151,0,0,0,Ryan Succop,Colts,4.0,K,5,4,4,2011,1
152,152,0,1,1,Matt Prater,Chargers,4.0,K,5,1,1,2011,0
153,153,0,0,0,Olindo Mare,Saints,3.0,K,5,4,3,2011,0
154,154,0,0,0,Nick Folk,Patriots,3.0,K,5,3,3,2011,1
155,155,0,1,1,Connor Barth,49ers,3.0,K,5,0,0,2011,1
156,156,0,0,0,Matt Bryant,Packers,2.0,K,5,2,2,2011,0
157,157,0,0,0,Daniel Sepulveda,Titans,1.0,K,5,0,0,2011,0
158,158,0,5,5,Billy Cundiff,Texans,17.0,K,6,2,2,2011,0
159,159,1,3,3,Robbie Gould,Min,15.0,K,6,4,4,2011,0
160,160,0,5,4,Connor Barth,Saints,14.0,K,6,2,2,2011,0
161,161,1,3,3,David Akers,Lions,13.0,K,6,2,2,2011,1
162,162,0,3,3,Dan Bailey,Patriots,10.0,K,6,1,1,2011,1
163,163,0,3,2,Lawrence Tynes,Bills,9.0,K,6,3,3,2011,0
164,164,0,3,2,Mike Nugent,Colts,9.0,K,6,3,3,2011,0
165,165,1,2,2,Graham Gano,Eagles,9.0,K,6,1,1,2011,0
166,166,0,2,2,John Kasay,Buccaneers,8.0,K,6,2,2,2011,1
167,167,0,2,2,Alex Henery,Redskins,8.0,K,6,2,2,2011,1
168,168,0,2,2,Stephen Gostkowski,Cowboys,8.0,K,6,2,2,2011,0
169,169,0,2,2,Josh Scobee,Steelers,7.0,K,6,1,1,2011,1
170,170,0,0,0,Shane Lechler,Browns,7.0,K,6,0,0,2011,0
171,171,0,3,2,Jason Hanson,49ers,7.0,K,6,1,1,2011,0
172,172,0,1,1,Matt Bryant,Panthers,7.0,K,6,4,4,2011,0
173,173,0,1,1,Rian Lindell,Giants,6.0,K,6,3,3,2011,1
174,174,0,1,1,Sebastian Janikowski,Browns,6.0,K,6,3,3,2011,0
175,175,0,1,1,Nick Folk,Dolphins,6.0,K,6,3,3,2011,0
176,176,0,1,1,Mason Crosby,Rams,6.0,K,6,3,3,2011,0
177,177,0,2,2,Dan Carpenter,Jets,6.0,K,6,0,0,2011,1
178,178,0,2,1,Adam Vinatieri,Bengals,5.0,K,6,2,2,2011,1
179,179,0,2,1,Shaun Suisham,Jaguars,5.0,K,6,2,2,2011,0
180,180,0,1,1,Olindo Mare,Falcons,5.0,K,6,2,2,2011,1
181,181,0,1,1,Phil Dawson,Raiders,5.0,K,6,2,2,2011,1
182,182,0,2,1,Ryan Longwell,Bears,4.0,K,6,1,1,2011,1
183,183,0,2,1,Josh Brown,Packers,3.0,K,6,0,0,2011,1
184,184,0,0,0,Neil Rackers,Ravens,2.0,K,6,2,2,2011,1
185,185,3,4,4,Josh Scobee,Ravens,18.0,K,7,0,0,2011,0
186,186,1,4,4,Mason Crosby,Min,17.0,K,7,3,3,2011,1
187,187,0,4,4,Olindo Mare,Redskins,15.0,K,7,3,3,2011,0
188,188,0,2,2,John Kasay,Colts,14.0,K,7,8,8,2011,0
189,189,0,3,3,Shaun Suisham,Cardinals,12.0,K,7,3,3,2011,1
190,190,1,2,2,Dan Bailey,Rams,12.0,K,7,4,4,2011,0
191,191,0,2,2,Neil Rackers,Titans,11.0,K,7,5,5,2011,1
192,192,1,2,2,Ryan Longwell,Packers,11.0,K,7,3,3,2011,0
193,193,0,3,3,Matt Bryant,Lions,11.0,K,7,2,2,2011,1
194,194,0,3,3,Jason Hanson,Falcons,10.0,K,7,1,1,2011,0
195,195,2,4,2,Phil Dawson,Seahawks,10.0,K,7,0,0,2011,0
196,196,0,2,2,Nick Folk,Chargers,9.0,K,7,3,3,2011,0
197,197,0,3,3,Dan Carpenter,Broncos,9.0,K,7,0,0,2011,0
198,198,0,2,2,Graham Gano,Panthers,8.0,K,7,2,2,2011,1
199,199,1,3,1,Matt Prater,Dolphins,6.0,K,7,1,1,2011,1
200,200,0,2,1,Robbie Gould,Buccaneers,6.0,K,7,3,3,2011,1
201,201,0,0,0,Ryan Succop,Raiders,4.0,K,7,4,4,2011,1
202,202,0,1,1,Connor Barth,Bears,4.0,K,7,1,1,2011,0
203,203,0,0,0,Nick Novak,Jets,3.0,K,7,3,3,2011,1
204,204,0,1,1,Stephen Hauschka,Browns,3.0,K,7,0,0,2011,1
205,205,0,0,0,Jay Feely,Steelers,2.0,K,7,2,2,2011,0
206,206,0,0,0,Adam Vinatieri,Saints,1.0,K,7,1,1,2011,1
207,207,0,1,0,Billy Cundiff,Jaguars,1.0,K,7,1,1,2011,1
208,208,0,0,0,Josh Brown,Cowboys,1.0,K,7,1,1,2011,1
209,209,0,0,0,Rob Bironas,Texans,1.0,K,7,1,1,2011,0
210,210,2,2,2,Rob Bironas,Colts,13.0,K,8,3,3,2011,0
211,211,0,5,4,Nick Novak,Chiefs,12.0,K,8,0,0,2011,1
212,212,0,3,3,Billy Cundiff,Cardinals,12.0,K,8,3,3,2011,0
213,213,0,4,3,Shaun Suisham,Patriots,11.0,K,8,2,2,2011,0
214,214,0,3,3,Ryan Succop,Chargers,11.0,K,8,2,2,2011,0
215,215,0,4,3,Rian Lindell,Redskins,11.0,K,8,2,2,2011,0
216,216,1,1,1,Jason Hanson,Broncos,11.0,K,8,6,6,2011,1
217,217,0,2,2,Mike Nugent,Seahawks,10.0,K,8,4,4,2011,1
218,218,0,2,2,Alex Henery,Cowboys,10.0,K,8,4,4,2011,0
219,219,0,2,2,Jay Feely,Ravens,9.0,K,8,3,3,2011,1
220,220,0,2,2,Lawrence Tynes,Dolphins,8.0,K,8,2,2,2011,0
221,221,0,2,2,David Akers,Browns,8.0,K,8,2,2,2011,0
222,222,0,1,1,Josh Brown,Saints,7.0,K,8,4,4,2011,0
223,223,0,2,1,Neil Rackers,Jaguars,6.0,K,8,3,3,2011,0
224,224,0,2,1,Ryan Longwell,Panthers,6.0,K,8,3,3,2011,1
225,225,0,2,2,Stephen Hauschka,Bengals,6.0,K,8,0,0,2011,0
226,226,1,1,1,Phil Dawson,49ers,6.0,K,8,1,1,2011,1
227,227,0,2,1,Stephen Gostkowski,Steelers,5.0,K,8,2,2,2011,1
228,228,0,1,1,Dan Carpenter,Giants,5.0,K,8,2,2,2011,1
229,229,0,1,1,Adam Vinatieri,Titans,4.0,K,8,1,1,2011,1
230,230,0,1,1,Matt Prater,Lions,4.0,K,8,1,1,2011,0
231,231,0,1,0,Olindo Mare,Min,3.0,K,8,3,3,2011,0
232,232,0,1,0,John Kasay,Rams,3.0,K,8,3,3,2011,1
233,233,0,0,0,Josh Scobee,Texans,2.0,K,8,2,2,2011,1
234,234,0,0,0,Dan Bailey,Eagles,1.0,K,8,1,1,2011,1
235,235,0,1,0,Graham Gano,Bills,0.0,K,8,0,0,2011,1
236,236,1,4,4,David Akers,Redskins,15.0,K,9,1,1,2011,1
237,237,1,3,3,Neil Rackers,Browns,14.0,K,9,3,3,2011,0
238,238,1,3,3,Robbie Gould,Eagles,14.0,K,9,3,3,2011,1
239,239,1,4,3,Billy Cundiff,Steelers,13.0,K,9,2,2,2011,1
240,240,1,3,2,Nick Folk,Bills,11.0,K,9,3,3,2011,1
241,241,0,3,3,Dan Bailey,Seahawks,11.0,K,9,2,2,2011,0
242,242,1,1,1,Nick Novak,Packers,10.0,K,9,5,5,2011,0
243,243,2,2,2,Phil Dawson,Texans,10.0,K,9,0,0,2011,1
244,244,0,3,3,Connor Barth,Saints,10.0,K,9,1,1,2011,1
245,245,0,3,2,John Kasay,Buccaneers,9.0,K,9,3,3,2011,0
246,246,0,1,1,Mason Crosby,Chargers,9.0,K,9,6,6,2011,1
247,247,0,4,3,Josh Brown,Cardinals,9.0,K,9,0,0,2011,1
248,248,0,2,2,Shaun Suisham,Ravens,8.0,K,9,2,2,2011,0
249,249,0,2,1,Matt Prater,Raiders,8.0,K,9,5,5,2011,1
250,250,0,3,2,Stephen Gostkowski,Giants,8.0,K,9,2,2,2011,0
251,251,0,3,2,Stephen Hauschka,Cowboys,7.0,K,9,1,1,2011,1
252,252,0,2,2,Jay Feely,Rams,7.0,K,9,1,1,2011,0
253,253,0,1,1,Dan Carpenter,Chiefs,7.0,K,9,4,4,2011,1
254,254,0,1,1,Matt Bryant,Colts,7.0,K,9,4,4,2011,1
255,255,0,1,1,Lawrence Tynes,Patriots,6.0,K,9,3,3,2011,1
256,256,0,1,1,Mike Nugent,Titans,6.0,K,9,3,3,2011,1
257,257,0,1,1,Sebastian Janikowski,Broncos,6.0,K,9,3,3,2011,0
258,258,0,1,1,Alex Henery,Bears,6.0,K,9,3,3,2011,0
259,259,1,1,1,Graham Gano,49ers,5.0,K,9,0,0,2011,0
260,260,0,1,1,Rob Bironas,Bengals,5.0,K,9,2,2,2011,0
261,261,0,1,1,Ryan Succop,Dolphins,3.0,K,9,0,0,2011,0
262,262,0,1,1,Rian Lindell,Jets,3.0,K,9,0,0,2011,0
263,263,0,0,0,Adam Vinatieri,Falcons,1.0,K,9,1,1,2011,0
264,264,0,0,0,Chas Henry,Bears,0.0,K,9,0,0,2011,0
265,265,0,0,0,Dustin Colquitt,Dolphins,0.0,K,9,0,0,2011,0
266,266,0,0,0,Britton Colquitt,Raiders,0.0,K,9,0,0,2011,1
267,267,1,5,4,John Kasay,Falcons,16.0,K,10,2,2,2011,1
268,268,0,5,5,Stephen Hauschka,Ravens,16.0,K,10,1,1,2011,0
269,269,1,4,3,Robbie Gould,Lions,15.0,K,10,4,4,2011,0
270,270,1,3,3,Stephen Gostkowski,Jets,15.0,K,10,4,4,2011,1
271,271,1,4,4,David Akers,Giants,15.0,K,10,1,1,2011,0
272,272,0,3,3,Dan Bailey,Bills,14.0,K,10,5,5,2011,0
273,273,0,5,4,Phil Dawson,Rams,12.0,K,10,0,0,2011,0
274,274,0,3,3,Rob Bironas,Panthers,12.0,K,10,3,3,2011,1
275,275,0,4,3,Matt Bryant,Saints,11.0,K,10,2,2,2011,0
276,276,0,5,3,Graham Gano,Dolphins,9.0,K,10,0,0,2011,1
277,277,0,1,1,Mason Crosby,Min,9.0,K,10,6,6,2011,0
278,278,0,2,2,Lawrence Tynes,49ers,8.0,K,10,2,2,2011,1
279,279,0,3,2,Dan Carpenter,Redskins,8.0,K,10,2,2,2011,0
280,280,0,2,1,Neil Rackers,Buccaneers,7.0,K,10,5,4,2011,1
281,281,0,2,2,Jason Hanson,Bears,7.0,K,10,1,1,2011,1
282,282,0,2,2,Josh Brown,Browns,7.0,K,10,1,1,2011,1
283,283,0,1,1,Shaun Suisham,Bengals,6.0,K,10,3,3,2011,1
284,284,0,1,1,Sebastian Janikowski,Chargers,6.0,K,10,3,3,2011,1
285,285,0,2,1,Josh Scobee,Colts,5.0,K,10,2,2,2011,1
286,286,0,2,1,Matt Prater,Chiefs,5.0,K,10,2,2,2011,1
287,287,0,1,1,Mike Nugent,Steelers,5.0,K,10,2,2,2011,0
288,288,0,2,1,Nick Novak,Raiders,5.0,K,10,2,2,2011,0
289,289,0,1,1,Alex Henery,Cardinals,5.0,K,10,2,2,2011,0
290,290,0,3,1,Billy Cundiff,Seahawks,5.0,K,10,2,2,2011,1
291,291,1,1,1,Connor Barth,Texans,5.0,K,10,0,0,2011,0
292,292,0,1,1,Ryan Succop,Broncos,4.0,K,10,1,1,2011,0
293,293,0,1,1,Adam Vinatieri,Jaguars,3.0,K,10,0,0,2011,0
294,294,0,2,1,Olindo Mare,Titans,3.0,K,10,0,0,2011,0
295,295,0,2,0,Jay Feely,Eagles,3.0,K,10,3,3,2011,1
296,296,0,1,0,Nick Folk,Patriots,2.0,K,10,2,2,2011,0
297,297,0,1,0,Dave Rayner,Cowboys,1.0,K,10,1,1,2011,1
298,298,0,1,0,Ryan Longwell,Packers,1.0,K,10,1,1,2011,1
299,299,0,0,0,Shane Lechler,Chargers,0.0,K,10,0,0,2011,1
300,300,0,3,3,Matt Bryant,Titans,11.0,K,11,2,2,2011,0
301,301,0,6,3,David Akers,Cardinals,11.0,K,11,2,2,2011,0
302,302,0,2,2,Stephen Gostkowski,Chiefs,10.0,K,11,4,4,2011,0
303,303,0,2,2,Olindo Mare,Lions,9.0,K,11,3,3,2011,1
304,304,0,3,2,Sebastian Janikowski,Min,9.0,K,11,3,3,2011,1
305,305,0,2,2,Dan Bailey,Redskins,9.0,K,11,3,3,2011,1
306,306,1,2,2,Dave Rayner,Dolphins,8.0,K,11,0,0,2011,1
307,307,0,3,2,Nick Novak,Bears,8.0,K,11,2,2,2011,1
308,308,0,2,2,Connor Barth,Packers,8.0,K,11,2,2,2011,1
309,309,0,0,0,Jason Hanson,Panthers,7.0,K,11,7,7,2011,0
310,310,0,1,1,Robbie Gould,Chargers,7.0,K,11,4,4,2011,0
311,311,0,4,2,Nick Folk,Broncos,7.0,K,11,1,1,2011,1
312,312,0,1,1,Billy Cundiff,Bengals,7.0,K,11,4,4,2011,0
313,313,0,1,1,Mike Nugent,Ravens,6.0,K,11,3,3,2011,1
314,314,0,1,1,Stephen Hauschka,Rams,6.0,K,11,3,3,2011,1
315,315,0,3,1,Graham Gano,Cowboys,6.0,K,11,3,3,2011,0
316,316,0,1,1,Matt Prater,Jets,5.0,K,11,2,2,2011,0
317,317,0,1,1,Alex Henery,Giants,5.0,K,11,2,2,2011,1
318,318,0,0,0,Shayne Graham,Bills,5.0,K,11,5,5,2011,0
319,319,0,1,0,Mason Crosby,Buccaneers,5.0,K,11,5,5,2011,0
320,320,0,1,1,Rob Bironas,Falcons,5.0,K,11,2,2,2011,1
321,321,0,1,1,Lawrence Tynes,Eagles,4.0,K,11,1,1,2011,0
322,322,0,1,1,Josh Scobee,Browns,4.0,K,11,1,1,2011,1
323,323,0,1,1,Ryan Succop,Patriots,3.0,K,11,0,0,2011,1
324,324,0,0,0,Ryan Longwell,Raiders,3.0,K,11,3,3,2011,0
325,325,0,1,0,Phil Dawson,Jaguars,2.0,K,11,2,2,2011,0
326,326,0,0,0,Jay Feely,49ers,1.0,K,11,1,1,2011,1
327,327,0,0,0,Josh Brown,Seahawks,1.0,K,11,1,1,2011,0
328,328,0,0,0,Adam Podlesh,Chargers,0.0,K,11,0,0,2011,0
329,329,0,0,0,Tim Masthay,Buccaneers,0.0,K,11,0,0,2011,0
330,330,0,0,0,Chris Kluwe,Raiders,0.0,K,11,0,0,2011,0
331,331,0,6,6,Sebastian Janikowski,Bears,19.0,K,12,1,1,2011,0
332,332,0,5,4,Shayne Graham,Cowboys,13.0,K,12,1,1,2011,1
333,333,1,4,3,Rob Bironas,Buccaneers,13.0,K,12,2,2,2011,0
334,334,2,2,2,Robbie Gould,Raiders,12.0,K,12,2,2,2011,1
335,335,0,3,3,Mike Nugent,Browns,11.0,K,12,2,2,2011,0
336,336,0,3,3,Jay Feely,Rams,11.0,K,12,2,2,2011,1
337,337,1,2,2,Neil Rackers,Jaguars,10.0,K,12,2,2,2011,1
338,338,0,3,3,Matt Prater,Chargers,10.0,K,12,1,1,2011,1
339,339,1,3,2,Phil Dawson,Bengals,10.0,K,12,2,2,2011,1
340,340,0,3,3,Billy Cundiff,49ers,10.0,K,12,1,1,2011,0
341,341,0,3,3,Ryan Succop,Steelers,9.0,K,12,0,0,2011,0
342,342,1,4,2,Nick Novak,Broncos,9.0,K,12,1,1,2011,0
343,343,0,3,2,Olindo Mare,Colts,9.0,K,12,3,3,2011,1
344,344,0,2,2,Mason Crosby,Lions,9.0,K,12,3,3,2011,1
345,345,1,1,1,Dave Rayner,Jets,8.0,K,12,3,3,2011,1
346,346,0,2,2,Alex Henery,Patriots,8.0,K,12,2,2,2011,0
347,347,0,2,1,Stephen Gostkowski,Eagles,8.0,K,12,5,5,2011,1
348,348,0,3,2,Josh Brown,Cardinals,8.0,K,12,2,2,2011,0
349,349,0,2,2,Dan Bailey,Dolphins,8.0,K,12,2,2,2011,0
350,350,1,2,2,David Akers,Ravens,8.0,K,12,0,0,2011,1
351,351,0,2,2,Adam Vinatieri,Panthers,7.0,K,12,1,1,2011,0
352,352,0,2,2,Shaun Suisham,Chiefs,7.0,K,12,1,1,2011,1
353,353,0,3,2,Josh Scobee,Texans,7.0,K,12,1,1,2011,0
354,354,0,0,0,John Kasay,Giants,7.0,K,12,7,7,2011,0
355,355,0,2,1,Lawrence Tynes,Saints,6.0,K,12,3,3,2011,1
356,356,0,1,1,Matt Bryant,Min,6.0,K,12,3,3,2011,0
357,357,0,2,1,Stephen Hauschka,Redskins,5.0,K,12,2,2,2011,0
358,358,0,2,1,Graham Gano,Seahawks,5.0,K,12,3,2,2011,1
359,359,0,1,1,Connor Barth,Titans,5.0,K,12,2,2,2011,1
360,360,0,0,0,Nick Folk,Bills,4.0,K,12,4,4,2011,0
361,361,0,0,0,Ryan Longwell,Falcons,2.0,K,12,2,2,2011,1
362,362,0,1,0,Jason Hanson,Packers,1.0,K,12,1,1,2011,0
363,363,0,0,0,Steve Weatherford,Saints,0.0,K,12,0,0,2011,1
364,364,1,4,4,Connor Barth,Panthers,15.0,K,13,1,1,2011,0
365,365,0,4,4,David Akers,Rams,14.0,K,13,2,2,2011,0
366,366,0,4,4,Graham Gano,Jets,13.0,K,13,1,1,2011,0
367,367,0,3,3,Ryan Longwell,Broncos,12.0,K,13,3,3,2011,0
368,368,1,3,2,Nick Folk,Redskins,12.0,K,13,4,4,2011,1
369,369,1,2,2,Lawrence Tynes,Packers,11.0,K,13,3,3,2011,0
370,370,0,3,3,Rob Bironas,Bills,11.0,K,13,2,2,2011,1
371,371,0,2,2,Dan Carpenter,Raiders,10.0,K,13,4,4,2011,0
372,372,0,2,2,Matt Prater,Min,9.0,K,13,3,3,2011,1
373,373,1,4,2,Dan Bailey,Cardinals,9.0,K,13,1,1,2011,1
374,374,0,1,1,Nick Novak,Jaguars,8.0,K,13,5,5,2011,1
375,375,0,1,1,Olindo Mare,Buccaneers,8.0,K,13,5,5,2011,1
376,376,0,2,1,Mason Crosby,Giants,8.0,K,13,5,5,2011,1
377,377,0,1,1,John Kasay,Lions,7.0,K,13,4,4,2011,0
378,378,0,1,1,Stephen Hauschka,Eagles,7.0,K,13,4,4,2011,0
379,379,0,1,1,Stephen Gostkowski,Colts,7.0,K,13,4,4,2011,0
380,380,0,2,2,Jay Feely,Cowboys,7.0,K,13,1,1,2011,0
381,381,0,1,1,Adam Vinatieri,Patriots,6.0,K,13,3,3,2011,1
382,382,0,3,1,Billy Cundiff,Browns,6.0,K,13,3,3,2011,1
383,383,0,1,0,Shaun Suisham,Bengals,5.0,K,13,5,5,2011,0
384,384,0,1,1,Dave Rayner,Titans,5.0,K,13,2,2,2011,0
385,385,0,2,1,Neil Rackers,Falcons,5.0,K,13,2,2,2011,0
386,386,0,3,1,Jason Hanson,Saints,5.0,K,13,2,2,2011,1
387,387,0,1,1,Ryan Succop,Bears,4.0,K,13,1,1,2011,1
388,388,0,1,1,Phil Dawson,Ravens,4.0,K,13,1,1,2011,0
389,389,0,1,1,Matt Bryant,Texans,4.0,K,13,1,1,2011,1
390,390,0,2,1,Robbie Gould,Chiefs,3.0,K,13,0,0,2011,0
391,391,0,0,0,Josh Scobee,Chargers,2.0,K,13,2,2,2011,0
392,392,0,0,0,Sebastian Janikowski,Dolphins,2.0,K,13,2,2,2011,1
393,393,0,0,0,Alex Henery,Seahawks,2.0,K,13,2,2,2011,1
394,394,0,1,0,Mike Nugent,Steelers,1.0,K,13,1,1,2011,1
395,395,0,0,0,Nick Harris,Chargers,0.0,K,13,0,0,2011,0
396,396,0,4,4,Mason Crosby,Raiders,16.0,K,14,5,4,2011,0
397,397,0,4,4,Mike Nugent,Texans,13.0,K,14,1,1,2011,0
398,398,0,5,4,David Akers,Cardinals,13.0,K,14,1,1,2011,1
399,399,0,4,3,Stephen Hauschka,Rams,12.0,K,14,3,3,2011,0
400,400,2,3,2,Matt Prater,Bears,11.0,K,14,1,1,2011,0
401,401,0,3,3,John Kasay,Titans,10.0,K,14,1,1,2011,1
402,402,0,2,2,Jason Hanson,Min,10.0,K,14,4,4,2011,0
403,403,0,2,2,Stephen Gostkowski,Redskins,10.0,K,14,4,4,2011,1
404,404,0,3,2,Dan Bailey,Giants,10.0,K,14,4,4,2011,0
405,405,0,2,2,Lawrence Tynes,Cowboys,9.0,K,14,3,3,2011,1
406,406,0,2,2,Graham Gano,Patriots,9.0,K,14,3,3,2011,0
407,407,0,3,2,Neil Rackers,Bengals,8.0,K,14,2,2,2011,1
408,408,0,1,1,Nick Novak,Bills,7.0,K,14,5,4,2011,0
409,409,0,2,1,Matt Bryant,Panthers,7.0,K,14,4,4,2011,1
410,410,0,2,2,Josh Brown,Seahawks,7.0,K,14,1,1,2011,1
411,411,1,1,1,Ryan Succop,Jets,6.0,K,14,1,1,2011,1
412,412,0,1,1,Alex Henery,Dolphins,6.0,K,14,3,3,2011,1
413,413,1,1,1,Robbie Gould,Broncos,6.0,K,14,1,1,2011,1
414,414,0,1,1,Billy Cundiff,Colts,6.0,K,14,3,3,2011,0
415,415,0,0,0,Josh Scobee,Buccaneers,5.0,K,14,5,5,2011,0
416,416,0,0,0,Nick Folk,Chiefs,5.0,K,14,5,5,2011,0
417,417,0,1,1,Rob Bironas,Saints,5.0,K,14,2,2,2011,0
418,418,0,1,1,Adam Vinatieri,Ravens,4.0,K,14,1,1,2011,1
419,419,0,2,1,Dave Rayner,Chargers,4.0,K,14,1,1,2011,1
420,420,0,0,0,Ryan Longwell,Lions,4.0,K,14,4,4,2011,1
421,421,0,2,1,Dan Carpenter,Eagles,4.0,K,14,1,1,2011,0
422,422,0,1,0,Olindo Mare,Falcons,3.0,K,14,3,3,2011,0
423,423,0,0,0,Jay Feely,49ers,3.0,K,14,3,3,2011,0
424,424,0,1,1,Phil Dawson,Steelers,3.0,K,14,0,0,2011,1
425,425,0,0,0,Shaun Suisham,Browns,2.0,K,14,2,2,2011,0
426,426,0,0,0,Sebastian Janikowski,Packers,2.0,K,14,2,2,2011,1
427,427,0,0,0,Connor Barth,Jaguars,2.0,K,14,2,2,2011,1
428,428,0,0,0,Shane Lechler,Packers,0.0,K,14,0,0,2011,1
429,429,0,4,4,Ryan Succop,Packers,13.0,K,15,1,1,2011,0
430,430,0,3,3,Dan Carpenter,Bills,12.0,K,15,3,3,2011,1
431,431,1,3,2,Sebastian Janikowski,Lions,11.0,K,15,3,3,2011,0
432,432,0,2,2,Stephen Gostkowski,Broncos,11.0,K,15,5,5,2011,1
433,433,0,3,3,Graham Gano,Giants,11.0,K,15,2,2,2011,1
434,434,0,2,2,Matt Bryant,Jaguars,11.0,K,15,5,5,2011,0
435,435,0,3,2,Nick Novak,Ravens,10.0,K,15,4,4,2011,0
436,436,0,2,2,Adam Vinatieri,Titans,9.0,K,15,3,3,2011,0
437,437,0,1,1,Alex Henery,Jets,9.0,K,15,6,6,2011,0
438,438,1,2,2,Rob Bironas,Colts,9.0,K,15,1,1,2011,1
439,439,0,2,2,Mike Nugent,Rams,8.0,K,15,2,2,2011,1
440,440,0,2,2,Ryan Longwell,Saints,8.0,K,15,2,2,2011,0
441,441,0,1,1,Stephen Hauschka,Bears,8.0,K,15,5,5,2011,1
442,442,0,2,2,Jay Feely,Browns,8.0,K,15,2,2,2011,0
443,443,0,2,2,David Akers,Steelers,8.0,K,15,2,2,2011,0
444,444,0,3,2,Neil Rackers,Panthers,7.0,K,15,1,1,2011,0
445,445,0,2,2,Nick Folk,Eagles,7.0,K,15,1,1,2011,1
446,446,0,3,2,Josh Brown,Bengals,7.0,K,15,1,1,2011,0
447,447,0,1,1,Dan Bailey,Buccaneers,7.0,K,15,4,4,2011,1
448,448,0,1,0,John Kasay,Min,6.0,K,15,6,6,2011,1
449,449,1,2,1,Shaun Suisham,49ers,5.0,K,15,0,0,2011,1
450,450,0,2,1,Dave Rayner,Dolphins,5.0,K,15,2,2,2011,0
451,451,0,1,1,Matt Prater,Patriots,5.0,K,15,2,2,2011,0
452,452,0,1,1,Phil Dawson,Cardinals,5.0,K,15,2,2,2011,1
453,453,0,2,1,Lawrence Tynes,Redskins,4.0,K,15,1,1,2011,0
454,454,0,0,0,Olindo Mare,Texans,4.0,K,15,4,4,2011,1
455,455,0,0,0,Jason Hanson,Raiders,4.0,K,15,4,4,2011,1
456,456,0,0,0,Josh Scobee,Falcons,2.0,K,15,2,2,2011,1
457,457,0,0,0,Robbie Gould,Seahawks,2.0,K,15,2,2,2011,0
458,458,0,1,0,Billy Cundiff,Chargers,2.0,K,15,2,2,2011,1
459,459,0,1,0,Mason Crosby,Chiefs,2.0,K,15,2,2,2011,1
460,460,0,0,0,Connor Barth,Cowboys,1.0,K,15,1,1,2011,0
461,461,0,6,4,Dave Rayner,Broncos,16.0,K,16,4,4,2011,0
462,462,1,4,4,Graham Gano,Min,16.0,K,16,2,2,2011,0
463,463,2,3,3,Rob Bironas,Jaguars,15.0,K,16,2,2,2011,0
464,464,1,5,4,David Akers,Seahawks,15.0,K,16,1,1,2011,1
465,465,0,5,4,Adam Vinatieri,Texans,13.0,K,16,1,1,2011,0
466,466,0,2,2,Olindo Mare,Buccaneers,12.0,K,16,6,6,2011,0
467,467,1,3,3,Matt Bryant,Saints,12.0,K,16,1,1,2011,1
468,468,0,5,3,Mike Nugent,Cardinals,11.0,K,16,2,2,2011,0
469,469,0,3,3,Neil Rackers,Colts,10.0,K,16,1,1,2011,1
470,470,0,4,3,Sebastian Janikowski,Chiefs,10.0,K,16,1,1,2011,1
471,471,1,2,2,Alex Henery,Cowboys,10.0,K,16,2,2,2011,1
472,472,1,1,1,Jason Hanson,Chargers,10.0,K,16,5,5,2011,0
473,473,0,2,2,Lawrence Tynes,Jets,9.0,K,16,3,3,2011,1
474,474,0,2,2,Shaun Suisham,Rams,9.0,K,16,3,3,2011,0
475,475,0,3,2,Ryan Longwell,Redskins,9.0,K,16,4,3,2011,1
476,476,0,1,1,John Kasay,Falcons,9.0,K,16,6,6,2011,0
477,477,0,3,2,Stephen Gostkowski,Dolphins,9.0,K,16,3,3,2011,0
478,478,0,2,2,Shayne Graham,Browns,8.0,K,16,2,2,2011,0
479,479,0,4,2,Ryan Succop,Raiders,7.0,K,16,1,1,2011,0
480,480,0,3,2,Robbie Gould,Packers,7.0,K,16,1,1,2011,1
481,481,0,1,1,Dan Carpenter,Patriots,6.0,K,16,3,3,2011,1
482,482,0,1,1,Josh Scobee,Titans,5.0,K,16,2,2,2011,1
483,483,0,1,1,Stephen Hauschka,49ers,5.0,K,16,2,2,2011,0
484,484,0,0,0,Mason Crosby,Bears,5.0,K,16,5,5,2011,0
485,485,0,1,1,Nick Novak,Lions,4.0,K,16,1,1,2011,1
486,486,0,1,1,Jay Feely,Bengals,4.0,K,16,1,1,2011,1
487,487,0,1,1,Connor Barth,Panthers,4.0,K,16,1,1,2011,1
488,488,0,0,0,Matt Prater,Bills,2.0,K,16,2,2,2011,1
489,489,0,1,0,Nick Folk,Giants,2.0,K,16,2,2,2011,0
490,490,0,0,0,Phil Dawson,Ravens,2.0,K,16,2,2,2011,1
491,491,0,0,0,Dan Bailey,Eagles,1.0,K,16,1,1,2011,0
492,492,0,0,0,Donnie Jones,Steelers,0.0,K,16,0,0,2011,1
493,493,0,2,0,Josh Brown,Steelers,0.0,K,16,0,0,2011,1
494,494,1,4,4,Sebastian Janikowski,Chargers,16.0,K,17,2,2,2011,0
495,495,0,3,2,David Akers,Rams,16.0,K,17,4,4,2011,1
496,496,1,4,4,Dan Carpenter,Jets,15.0,K,17,1,1,2011,0
497,497,0,4,4,Josh Scobee,Colts,13.0,K,17,1,1,2011,0
498,498,1,3,3,Neil Rackers,Titans,12.0,K,17,1,1,2011,0
499,499,0,2,2,Stephen Gostkowski,Bills,11.0,K,17,5,5,2011,0
500,500,0,3,3,Jay Feely,Seahawks,11.0,K,17,2,2,2011,0
501,501,0,3,3,Rob Bironas,Texans,11.0,K,17,2,2,2011,1
502,502,0,4,3,Mike Nugent,Ravens,10.0,K,17,1,1,2011,0
503,503,1,2,1,Nick Novak,Raiders,10.0,K,17,5,5,2011,1
504,504,0,2,2,Alex Henery,Redskins,10.0,K,17,4,4,2011,0
505,505,0,1,1,John Kasay,Panthers,9.0,K,17,6,6,2011,0
506,506,0,3,3,Phil Dawson,Steelers,9.0,K,17,0,0,2011,0
507,507,0,2,1,Mason Crosby,Lions,9.0,K,17,6,6,2011,0
508,508,0,1,1,Matt Bryant,Buccaneers,9.0,K,17,6,6,2011,0
509,509,0,2,2,Josh Brown,49ers,9.0,K,17,3,3,2011,0
510,510,0,3,2,Stephen Hauschka,Cardinals,8.0,K,17,2,2,2011,1
511,511,0,2,2,Adam Vinatieri,Jaguars,7.0,K,17,1,1,2011,1
512,512,0,2,1,Lawrence Tynes,Cowboys,7.0,K,17,4,4,2011,0
513,513,0,3,2,Shaun Suisham,Browns,7.0,K,17,1,1,2011,1
514,514,0,3,2,Ryan Longwell,Bears,7.0,K,17,1,1,2011,0
515,515,0,2,1,Jason Hanson,Packers,7.0,K,17,4,4,2011,1
516,516,0,1,1,Billy Cundiff,Bengals,6.0,K,17,3,3,2011,1
517,517,0,1,1,Olindo Mare,Saints,5.0,K,17,2,2,2011,1
518,518,0,1,1,Robbie Gould,Min,5.0,K,17,2,2,2011,1
519,519,0,1,1,Nick Folk,Dolphins,5.0,K,17,2,2,2011,1
520,520,0,2,1,Graham Gano,Eagles,4.0,K,17,1,1,2011,1
521,521,0,1,1,Connor Barth,Falcons,4.0,K,17,1,1,2011,1
522,522,0,1,1,Matt Prater,Chiefs,3.0,K,17,0,0,2011,0
523,523,0,1,0,Brandon Coutu,Patriots,3.0,K,17,3,3,2011,1
524,524,0,1,0,Dan Bailey,Giants,2.0,K,17,2,2,2011,1
525,525,0,1,0,Ryan Succop,Broncos,1.0,K,17,1,1,2011,1
526,526,0,0,0,Chris Kluwe,Bears,0.0,K,17,0,0,2011,0
