,Sack,Pass Yards Allowed,Point After,Safety,Week,Points,Year,Touchdowns,Rush Yards Allowed,Interception,Total Yards,Blocks,Away Games,Fumble Returns,Opponent,Position,Team
512,81.0,33556377856.0,923521.0,0.0,1,531441.0,2013,16.0,6250000.0,81.0,52204938256.0,0.0,0.0,81.0,Giants,DST,Cowboys
513,1296.0,131079601.0,16.0,0.0,1,456976.0,2013,1.0,25411681.0,16.0,1003875856.0,0.0,1.0,0.0,Jaguars,DST,Chiefs
514,1296.0,3544535296.0,10000.0,0.0,1,130321.0,2013,0.0,4879681.0,81.0,7170871761.0,0.0,1.0,0.0,Browns,DST,Dolphins
515,81.0,5554571841.0,279841.0,0.0,1,65536.0,2013,1.0,623201296.0,1.0,34507149121.0,0.0,0.0,16.0,Patriots,DST,Bills
516,625.0,705911761.0,6561.0,0.0,1,65536.0,2013,0.0,923521.0,1.0,1416468496.0,0.0,1.0,1.0,Steelers,DST,Titans
517,81.0,1171350625.0,83521.0,1.0,1,28561.0,2013,0.0,17850625.0,1.0,3906250000.0,0.0,0.0,1.0,Buccaneers,DST,Jets
518,625.0,2097273616.0,104976.0,0.0,1,28561.0,2013,0.0,65610000.0,1.0,8540717056.0,0.0,1.0,1.0,Jets,DST,Buccaneers
519,81.0,1049760000.0,1185921.0,0.0,1,28561.0,2013,1.0,4784350561.0,0.0,38513670001.0,0.0,0.0,16.0,Eagles,DST,Redskins
520,81.0,2562890625.0,331776.0,0.0,1,20736.0,2013,0.0,121550625.0,81.0,11859210000.0,0.0,0.0,1.0,Min,DST,Lions
521,81.0,8999178496.0,531441.0,1.0,1,20736.0,2013,0.0,29986576.0,16.0,21293813776.0,0.0,1.0,1.0,Redskins,DST,Eagles
522,1.0,200533921.0,2401.0,0.0,1,20736.0,2013,0.0,322417936.0,0.0,4097152081.0,0.0,1.0,16.0,Panthers,DST,Seahawks
523,0.0,7992538801.0,531441.0,0.0,1,14641.0,2013,1.0,20151121.0,1.0,17944209936.0,0.0,1.0,1.0,Rams,DST,Cardinals
524,16.0,8100000000.0,20736.0,0.0,1,14641.0,2013,0.0,24010000.0,0.0,18741610000.0,0.0,0.0,1.0,Seahawks,DST,Panthers
525,256.0,12594450625.0,531441.0,0.0,1,14641.0,2013,0.0,11316496.0,16.0,23854493601.0,1.0,0.0,0.0,Ravens,DST,Broncos
526,81.0,6059221281.0,83521.0,0.0,1,14641.0,2013,0.0,59969536.0,1.0,18141126721.0,0.0,0.0,1.0,Falcons,DST,Saints
527,16.0,1121513121.0,614656.0,0.0,1,10000.0,2013,1.0,40960000.0,1.0,4784350561.0,0.0,1.0,0.0,Chargers,DST,Texans
528,1.0,1632240801.0,83521.0,0.0,1,6561.0,2013,0.0,855036081.0,16.0,19150131456.0,0.0,0.0,0.0,Raiders,DST,Colts
529,256.0,8540717056.0,331776.0,0.0,1,6561.0,2013,0.0,54700816.0,1.0,23134410000.0,0.0,0.0,1.0,Cardinals,DST,Rams
530,1.0,5887339441.0,194481.0,0.0,1,4096.0,2013,0.0,15752961.0,16.0,13363360000.0,0.0,0.0,1.0,Bengals,DST,Bears
531,256.0,4228250625.0,279841.0,0.0,1,2401.0,2013,0.0,160000.0,1.0,5719140625.0,0.0,0.0,0.0,Dolphins,DST,Browns
532,1.0,187388721.0,65536.0,1.0,1,2401.0,2013,0.0,157351936.0,0.0,2750058481.0,0.0,0.0,0.0,Titans,DST,Steelers
533,16.0,10750371856.0,614656.0,0.0,1,1296.0,2013,0.0,15752961.0,1.0,21970650625.0,0.0,0.0,1.0,Packers,DST,49ers
534,16.0,13521270961.0,279841.0,0.0,1,625.0,2013,0.0,37015056.0,1.0,30821664721.0,0.0,1.0,0.0,Saints,DST,Falcons
535,81.0,39213900625.0,5764801.0,0.0,1,625.0,2013,0.0,17850625.0,0.0,67652010000.0,0.0,1.0,1.0,Broncos,DST,Ravens
536,1.0,855036081.0,614656.0,1.0,1,625.0,2013,0.0,214358881.0,0.0,7269949696.0,1.0,0.0,0.0,Chiefs,DST,Jaguars
537,0.0,506250000.0,194481.0,0.0,1,625.0,2013,0.0,342102016.0,0.0,6690585616.0,0.0,1.0,16.0,Bills,DST,Patriots
538,256.0,466948881.0,194481.0,0.0,1,625.0,2013,0.0,260144641.0,0.0,5636405776.0,0.0,1.0,0.0,Colts,DST,Raiders
539,0.0,16243247601.0,1336336.0,0.0,1,256.0,2013,0.0,157351936.0,1.0,48382841521.0,0.0,1.0,1.0,Lions,DST,Vikings
540,16.0,3544535296.0,1679616.0,0.0,1,256.0,2013,0.0,57289761.0,1.0,12003612721.0,0.0,1.0,0.0,Cowboys,DST,Giants
541,16.0,11716114081.0,923521.0,0.0,1,256.0,2013,0.0,207360000.0,1.0,40642963201.0,0.0,0.0,0.0,Texans,DST,Chargers
542,0.0,3429742096.0,331776.0,0.0,1,81.0,2013,0.0,43046721.0,1.0,10884540241.0,0.0,1.0,0.0,Bears,DST,Bengals
543,16.0,26639462656.0,1336336.0,0.0,1,16.0,2013,0.0,65610000.0,0.0,59553569296.0,0.0,1.0,0.0,49ers,DST,Packers
544,81.0,131079601.0,81.0,1.0,2,390625.0,2013,0.0,100000000.0,81.0,1836036801.0,0.0,0.0,16.0,49ers,DST,Seahawks
545,1.0,6505390336.0,923521.0,0.0,2,194481.0,2013,16.0,260144641.0,16.0,28534304241.0,0.0,1.0,16.0,Bears,DST,Vikings
546,256.0,1275989841.0,10000.0,0.0,2,130321.0,2013,0.0,276922881.0,81.0,10226063376.0,0.0,0.0,1.0,Jets,DST,Patriots
547,256.0,7676563456.0,65536.0,0.0,2,104976.0,2013,1.0,31640625.0,16.0,18945044881.0,0.0,0.0,0.0,Saints,DST,Buccaneers
548,1.0,15527402881.0,279841.0,0.0,2,65536.0,2013,1.0,279841.0,256.0,19987173376.0,0.0,1.0,0.0,Giants,DST,Broncos
549,625.0,1416468496.0,1296.0,0.0,2,50625.0,2013,0.0,17850625.0,0.0,4499860561.0,0.0,0.0,0.0,Browns,DST,Ravens
550,1.0,2655237841.0,810000.0,0.0,2,28561.0,2013,1.0,228886641.0,1.0,15006250000.0,0.0,0.0,16.0,Min,DST,Bears
551,16.0,2998219536.0,10000.0,0.0,2,28561.0,2013,0.0,3748096.0,1.0,5972816656.0,0.0,0.0,1.0,Steelers,DST,Bengals
552,625.0,2097273616.0,6561.0,0.0,2,20736.0,2013,0.0,1336336.0,0.0,3782742016.0,0.0,0.0,0.0,Jaguars,DST,Raiders
553,16.0,6146560000.0,810000.0,0.0,2,20736.0,2013,1.0,875213056.0,16.0,41740124416.0,0.0,1.0,0.0,Texans,DST,Titans
554,81.0,6234839521.0,65536.0,0.0,2,14641.0,2013,0.0,1874161.0,0.0,10226063376.0,0.0,0.0,16.0,Cowboys,DST,Chiefs
555,256.0,1568239201.0,83521.0,0.0,2,10000.0,2013,0.0,168896016.0,0.0,9597924961.0,1.0,1.0,0.0,Chiefs,DST,Cowboys
556,1.0,4640470641.0,390625.0,0.0,2,10000.0,2013,1.0,57289761.0,1.0,14666178816.0,0.0,1.0,0.0,Cardinals,DST,Lions
557,0.0,15352201216.0,331776.0,0.0,2,6561.0,2013,1.0,22667121.0,1.0,31414372081.0,0.0,0.0,0.0,Rams,DST,Falcons
558,1296.0,1121513121.0,279841.0,0.0,2,6561.0,2013,0.0,244140625.0,1.0,8999178496.0,0.0,0.0,0.0,Panthers,DST,Bills
559,81.0,168896016.0,130321.0,0.0,2,6561.0,2013,0.0,2608757776.0,0.0,13363360000.0,0.0,1.0,1.0,Raiders,DST,Jaguars
560,81.0,9845600625.0,160000.0,0.0,2,6561.0,2013,0.0,312900721.0,1.0,40282095616.0,0.0,1.0,0.0,Colts,DST,Dolphins
561,1.0,163047361.0,38416.0,0.0,2,6561.0,2013,0.0,655360000.0,1.0,5554571841.0,0.0,1.0,1.0,Buccaneers,DST,Saints
562,16.0,1506138481.0,38416.0,0.0,2,4096.0,2013,0.0,96059601.0,0.0,7676563456.0,0.0,1.0,1.0,Ravens,DST,Browns
563,625.0,7780827681.0,331776.0,0.0,2,4096.0,2013,0.0,104060401.0,0.0,25091827216.0,0.0,0.0,1.0,Dolphins,DST,Colts
564,1.0,1003875856.0,28561.0,0.0,2,4096.0,2013,0.0,8503056.0,0.0,2897022976.0,0.0,1.0,0.0,Patriots,DST,Jets
565,256.0,193877776.0,707281.0,0.0,2,4096.0,2013,0.0,875213056.0,1.0,7072810000.0,1.0,1.0,0.0,Seahawks,DST,49ers
566,1.0,9721171216.0,160000.0,0.0,2,2401.0,2013,0.0,136048896.0,1.0,31713911056.0,0.0,0.0,0.0,Redskins,DST,Packers
567,256.0,276922881.0,331776.0,1.0,2,2401.0,2013,0.0,200533921.0,0.0,3782742016.0,0.0,0.0,0.0,Titans,DST,Texans
568,1.0,5554571841.0,194481.0,0.0,2,1296.0,2013,0.0,5764801.0,0.0,10750371856.0,1.0,0.0,1.0,Lions,DST,Cardinals
569,1.0,6784652161.0,331776.0,0.0,2,1296.0,2013,0.0,492884401.0,1.0,36136489216.0,0.0,1.0,1.0,Bills,DST,Panthers
570,1.0,29093783761.0,1185921.0,0.0,2,625.0,2013,0.0,252047376.0,0.0,84402451441.0,0.0,0.0,16.0,Chargers,DST,Eagles
571,0.0,6146560000.0,160000.0,0.0,2,256.0,2013,0.0,260144641.0,0.0,27439591201.0,0.0,1.0,0.0,Bengals,DST,Steelers
572,256.0,37822859361.0,2085136.0,0.0,2,256.0,2013,0.0,373301041.0,0.0,113164960000.0,0.0,1.0,0.0,Packers,DST,Redskins
573,0.0,8882874001.0,2825761.0,0.0,2,16.0,2013,0.0,131079601.0,0.0,29376588816.0,0.0,0.0,1.0,Broncos,DST,Giants
574,16.0,28534304241.0,810000.0,0.0,2,16.0,2013,0.0,100000000.0,0.0,68184176641.0,0.0,1.0,0.0,Eagles,DST,Chargers
575,16.0,16243247601.0,923521.0,0.0,2,16.0,2013,0.0,1679616.0,0.0,23854493601.0,0.0,1.0,0.0,Falcons,DST,Rams
576,81.0,20632736881.0,279841.0,0.0,3,456976.0,2013,16.0,40960000.0,16.0,44386483761.0,0.0,1.0,81.0,Steelers,DST,Bears
577,1296.0,777796321.0,65536.0,0.0,3,456976.0,2013,1.0,4857532416.0,16.0,34507149121.0,0.0,1.0,81.0,Eagles,DST,Chiefs
578,81.0,835210000.0,6561.0,0.0,3,331776.0,2013,16.0,78074896.0,1.0,4857532416.0,0.0,0.0,0.0,Texans,DST,Ravens
579,2401.0,65610000.0,0.0,0.0,3,279841.0,2013,0.0,12960000.0,16.0,506250000.0,0.0,0.0,1.0,Giants,DST,Panthers
580,256.0,2136750625.0,1336336.0,0.0,3,160000.0,2013,1.0,45212176.0,1.0,7780827681.0,1.0,1.0,81.0,Bengals,DST,Packers
581,256.0,2217373921.0,810000.0,0.0,3,104976.0,2013,1.0,1097199376.0,16.0,25344958401.0,0.0,0.0,16.0,Packers,DST,Bengals
582,1296.0,1506138481.0,2401.0,0.0,3,50625.0,2013,0.0,1500625.0,0.0,2897022976.0,0.0,0.0,1.0,Rams,DST,Cowboys
583,81.0,2608757776.0,81.0,0.0,3,50625.0,2013,0.0,88529281.0,1.0,10884540241.0,0.0,0.0,0.0,Buccaneers,DST,Patriots
584,256.0,671898241.0,2401.0,0.0,3,50625.0,2013,0.0,54700816.0,16.0,3722098081.0,0.0,0.0,0.0,Cardinals,DST,Saints
585,81.0,373301041.0,2401.0,0.0,3,38416.0,2013,0.0,174900625.0,1.0,4162314256.0,0.0,1.0,1.0,49ers,DST,Colts
586,1296.0,1445900625.0,531441.0,0.0,3,28561.0,2013,0.0,322417936.0,1.0,11716114081.0,0.0,1.0,16.0,Min,DST,Browns
587,81.0,2097273616.0,83521.0,0.0,3,28561.0,2013,0.0,6765201.0,16.0,4931550625.0,0.0,0.0,1.0,Jaguars,DST,Seahawks
588,4096.0,1871773696.0,160000.0,0.0,3,20736.0,2013,0.0,207360000.0,0.0,11574317056.0,0.0,0.0,0.0,Bills,DST,Jets
589,81.0,8767700496.0,923521.0,0.0,3,14641.0,2013,0.0,112550881.0,81.0,27982932961.0,0.0,0.0,1.0,Browns,DST,Vikings
590,625.0,1445900625.0,531441.0,0.0,3,10000.0,2013,0.0,65610000.0,1.0,6597500625.0,0.0,1.0,1.0,Dolphins,DST,Falcons
591,16.0,8100000000.0,160000.0,0.0,3,10000.0,2013,0.0,207360000.0,1.0,31116960000.0,0.0,1.0,1.0,Redskins,DST,Lions
592,16.0,937890625.0,83521.0,0.0,3,10000.0,2013,0.0,108243216.0,0.0,5887339441.0,1.0,0.0,1.0,Chargers,DST,Titans
593,1.0,20415837456.0,531441.0,0.0,3,10000.0,2013,1.0,15752961.0,1.0,37822859361.0,0.0,0.0,0.0,Lions,DST,Redskins
594,256.0,10355301121.0,923521.0,0.0,3,1296.0,2013,0.0,116985856.0,1.0,32015587041.0,0.0,1.0,0.0,Saints,DST,Cardinals
595,16.0,10884540241.0,4100625.0,0.0,3,1296.0,2013,0.0,592240896.0,1.0,52643172481.0,0.0,1.0,1.0,Seahawks,DST,Jaguars
596,625.0,3782742016.0,456976.0,0.0,3,1296.0,2013,0.0,454371856.0,0.0,24098215696.0,0.0,0.0,0.0,Chiefs,DST,Eagles
597,16.0,6324066576.0,160000.0,0.0,3,1296.0,2013,0.0,835210000.0,0.0,41740124416.0,0.0,1.0,0.0,Titans,DST,Chargers
598,81.0,1664966416.0,279841.0,0.0,3,1296.0,2013,0.0,592240896.0,1.0,16426010896.0,0.0,1.0,0.0,Patriots,DST,Buccaneers
599,0.0,12003612721.0,531441.0,0.0,3,625.0,2013,0.0,1097199376.0,16.0,69257922561.0,0.0,1.0,0.0,Jets,DST,Bills
600,0.0,2847396321.0,279841.0,0.0,3,625.0,2013,0.0,454371856.0,1.0,20200652641.0,0.0,0.0,1.0,Falcons,DST,Dolphins
601,1.0,1871773696.0,2085136.0,0.0,3,625.0,2013,0.0,1416468496.0,1.0,26115852816.0,0.0,1.0,1.0,Panthers,DST,Giants
602,1.0,19150131456.0,1874161.0,0.0,3,625.0,2013,0.0,723394816.0,0.0,82538991616.0,0.0,1.0,16.0,Broncos,DST,Raiders
603,81.0,7370050801.0,194481.0,0.0,3,256.0,2013,0.0,5764801.0,0.0,13680577296.0,0.0,0.0,0.0,Raiders,DST,Broncos
604,16.0,519885601.0,2560000.0,0.0,3,256.0,2013,0.0,131079601.0,0.0,4430766096.0,1.0,0.0,0.0,Bears,DST,Steelers
605,1.0,1698181681.0,923521.0,0.0,3,81.0,2013,0.0,1387488001.0,0.0,24591257856.0,0.0,1.0,1.0,Cowboys,DST,Rams
606,16.0,671898241.0,810000.0,0.0,3,16.0,2013,0.0,31640625.0,0.0,3102044416.0,0.0,1.0,0.0,Ravens,DST,Texans
607,1.0,533794816.0,531441.0,0.0,3,16.0,2013,0.0,1146228736.0,0.0,12745506816.0,0.0,0.0,0.0,Colts,DST,49ers
608,256.0,741200625.0,81.0,0.0,4,456976.0,2013,1.0,2560000.0,81.0,1766100625.0,0.0,1.0,0.0,Jaguars,DST,Colts
609,625.0,3262808641.0,28561.0,0.0,4,456976.0,2013,1.0,68574961.0,16.0,11859210000.0,0.0,0.0,16.0,Jets,DST,Titans
610,2401.0,1416468496.0,38416.0,0.0,4,279841.0,2013,1.0,116985856.0,1.0,7886150416.0,0.0,1.0,16.0,Raiders,DST,Redskins
611,81.0,1600000000.0,2401.0,0.0,4,234256.0,2013,1.0,92236816.0,1.0,7886150416.0,0.0,0.0,16.0,Giants,DST,Chiefs
612,81.0,6505390336.0,160000.0,0.0,4,194481.0,2013,16.0,759333136.0,0.0,41006250000.0,1.0,0.0,0.0,Eagles,DST,Broncos
613,256.0,11156640625.0,160000.0,0.0,4,160000.0,2013,1.0,519885601.0,16.0,51336683776.0,0.0,1.0,1.0,Texans,DST,Seahawks
614,256.0,10617447681.0,160000.0,0.0,4,104976.0,2013,0.0,331776.0,625.0,14166950625.0,0.0,0.0,0.0,Ravens,DST,Bills
615,81.0,6690585616.0,1048576.0,0.0,4,83521.0,2013,1.0,294499921.0,81.0,30237384321.0,0.0,0.0,1.0,Bears,DST,Lions
616,16.0,1698181681.0,1296.0,0.0,4,65536.0,2013,0.0,15752961.0,1.0,5006411536.0,0.0,0.0,1.0,Bengals,DST,Browns
617,256.0,2176782336.0,83521.0,0.0,4,65536.0,2013,0.0,174900625.0,81.0,12003612721.0,0.0,0.0,1.0,Dolphins,DST,Saints
618,625.0,835210000.0,14641.0,0.0,4,65536.0,2013,0.0,104976.0,1.0,1249198336.0,0.0,1.0,1.0,Rams,DST,49ers
619,16.0,895745041.0,10000.0,0.0,4,50625.0,2013,0.0,40960000.0,16.0,4097152081.0,0.0,1.0,1.0,Buccaneers,DST,Cardinals
620,1.0,3317760000.0,28561.0,0.0,4,38416.0,2013,0.0,9834496.0,16.0,7676563456.0,0.0,0.0,1.0,Cardinals,DST,Buccaneers
621,1.0,2217373921.0,331776.0,0.0,4,20736.0,2013,1.0,221533456.0,0.0,13206836241.0,1.0,0.0,1.0,Redskins,DST,Raiders
622,625.0,68574961.0,279841.0,0.0,4,10000.0,2013,0.0,1026625681.0,1.0,5314410000.0,0.0,0.0,1.0,Seahawks,DST,Texans
623,625.0,16243247601.0,531441.0,0.0,4,10000.0,2013,0.0,35153041.0,1.0,35477982736.0,0.0,0.0,1.0,Steelers,DST,Vikings
624,16.0,466948881.0,279841.0,0.0,4,6561.0,2013,0.0,1698181681.0,16.0,15006250000.0,0.0,1.0,1.0,Bills,DST,Ravens
625,81.0,3722098081.0,83521.0,0.0,4,6561.0,2013,0.0,62742241.0,0.0,12745506816.0,1.0,1.0,0.0,Browns,DST,Bengals
626,1.0,24098215696.0,810000.0,0.0,4,6561.0,2013,1.0,157351936.0,1.0,65554433296.0,0.0,1.0,0.0,Chargers,DST,Cowboys
627,1.0,2702336256.0,2560000.0,0.0,4,2401.0,2013,0.0,639128961.0,1.0,22430753361.0,0.0,1.0,16.0,Lions,DST,Bears
628,1.0,6879707136.0,923521.0,0.0,4,2401.0,2013,0.0,108243216.0,16.0,23134410000.0,0.0,1.0,1.0,Chiefs,DST,Giants
629,81.0,2655237841.0,194481.0,0.0,4,1296.0,2013,0.0,71639296.0,0.0,10355301121.0,0.0,0.0,1.0,Cowboys,DST,Chargers
630,16.0,519885601.0,1500625.0,0.0,4,1296.0,2013,0.0,2300257521.0,0.0,18741610000.0,0.0,0.0,16.0,49ers,DST,Rams
631,16.0,25344958401.0,279841.0,0.0,4,625.0,2013,0.0,11316496.0,1.0,43617904801.0,0.0,1.0,0.0,Falcons,DST,Patriots
632,16.0,6146560000.0,1874161.0,0.0,4,256.0,2013,0.0,607573201.0,1.0,36469158961.0,0.0,0.0,0.0,Colts,DST,Jaguars
633,16.0,24840596881.0,2085136.0,0.0,4,256.0,2013,0.0,21381376.0,0.0,46753250625.0,0.0,1.0,1.0,Saints,DST,Dolphins
634,16.0,3544535296.0,2085136.0,0.0,4,16.0,2013,0.0,37015056.0,0.0,10750371856.0,0.0,1.0,0.0,Titans,DST,Jets
635,1.0,12003612721.0,7311616.0,0.0,4,1.0,2013,0.0,395254161.0,0.0,49632710656.0,0.0,1.0,0.0,Broncos,DST,Eagles
636,1.0,3782742016.0,1336336.0,0.0,4,1.0,2013,0.0,442050625.0,0.0,23854493601.0,0.0,1.0,0.0,Min,DST,Steelers
637,0.0,9971220736.0,810000.0,0.0,4,0.0,2013,0.0,303595776.0,0.0,40282095616.0,0.0,0.0,0.0,Patriots,DST,Falcons
638,2401.0,4430766096.0,1296.0,1.0,5,531441.0,2013,0.0,81450625.0,81.0,15527402881.0,0.0,0.0,1.0,Panthers,DST,Cardinals
639,1.0,1097199376.0,81.0,0.0,5,390625.0,2013,1.0,294499921.0,81.0,9597924961.0,0.0,0.0,1.0,Texans,DST,49ers
640,16.0,23372600161.0,83521.0,0.0,5,331776.0,2013,1.0,1679616.0,81.0,33243864241.0,1.0,0.0,16.0,Chargers,DST,Raiders
641,256.0,1249198336.0,331776.0,0.0,5,130321.0,2013,16.0,577200625.0,1.0,13841287201.0,0.0,0.0,0.0,Bills,DST,Browns
642,81.0,2998219536.0,83521.0,0.0,5,130321.0,2013,1.0,121550625.0,16.0,13206836241.0,0.0,1.0,1.0,Titans,DST,Chiefs
643,256.0,759333136.0,1296.0,0.0,5,104976.0,2013,0.0,45212176.0,1.0,3782742016.0,0.0,0.0,1.0,Patriots,DST,Bengals
644,16.0,5082121521.0,160000.0,0.0,5,104976.0,2013,1.0,84934656.0,16.0,17363069361.0,0.0,0.0,1.0,Jaguars,DST,Rams
645,256.0,1026625681.0,28561.0,0.0,5,50625.0,2013,0.0,688747536.0,1.0,13521270961.0,0.0,1.0,1.0,Bengals,DST,Patriots
646,16.0,1766100625.0,614656.0,0.0,5,38416.0,2013,1.0,2258530576.0,1.0,32015587041.0,1.0,0.0,1.0,Seahawks,DST,Colts
647,16.0,3969126001.0,456976.0,0.0,5,28561.0,2013,1.0,312900721.0,1.0,21743271936.0,0.0,0.0,1.0,Ravens,DST,Dolphins
648,625.0,2428912656.0,6561.0,0.0,5,20736.0,2013,0.0,16777216.0,0.0,6690585616.0,0.0,0.0,0.0,Lions,DST,Packers
649,1.0,11859210000.0,194481.0,0.0,5,10000.0,2013,0.0,7890481.0,81.0,21517662721.0,0.0,1.0,1.0,Giants,DST,Eagles
650,16.0,1871773696.0,1336336.0,1.0,5,10000.0,2013,0.0,141158161.0,0.0,10098039121.0,1.0,1.0,16.0,Colts,DST,Seahawks
651,16.0,655360000.0,234256.0,0.0,5,6561.0,2013,0.0,65610000.0,81.0,3906250000.0,0.0,1.0,0.0,Cardinals,DST,Panthers
652,81.0,13363360000.0,104976.0,0.0,5,6561.0,2013,0.0,78074896.0,0.0,35477982736.0,0.0,1.0,1.0,Bears,DST,Saints
653,256.0,48796810000.0,5308416.0,0.0,5,4096.0,2013,0.0,7311616.0,1.0,74247530256.0,0.0,1.0,1.0,Cowboys,DST,Broncos
654,1296.0,5473632256.0,279841.0,0.0,5,2401.0,2013,0.0,234256.0,0.0,7471182096.0,0.0,1.0,0.0,Dolphins,DST,Ravens
655,16.0,2947295521.0,456976.0,0.0,5,2401.0,2013,0.0,207360000.0,1.0,15527402881.0,0.0,0.0,1.0,Chiefs,DST,Titans
656,625.0,1568239201.0,1874161.0,0.0,5,625.0,2013,0.0,68574961.0,0.0,7072810000.0,0.0,1.0,0.0,Browns,DST,Bills
657,256.0,1445900625.0,531441.0,0.0,5,625.0,2013,0.0,116985856.0,0.0,7992538801.0,0.0,1.0,0.0,Raiders,DST,Chargers
658,256.0,835210000.0,810000.0,0.0,5,256.0,2013,0.0,193877776.0,0.0,6879707136.0,0.0,0.0,0.0,Jets,DST,Falcons
659,0.0,29376588816.0,6765201.0,0.0,5,256.0,2013,0.0,112550881.0,1.0,71443409521.0,0.0,0.0,1.0,Broncos,DST,Cowboys
660,16.0,7992538801.0,614656.0,0.0,5,256.0,2013,0.0,16777216.0,0.0,17363069361.0,0.0,1.0,1.0,Falcons,DST,Jets
661,1.0,6414247921.0,456976.0,0.0,5,16.0,2013,0.0,16777216.0,0.0,14498327281.0,0.0,0.0,0.0,Saints,DST,Bears
662,1.0,5236114321.0,234256.0,0.0,5,16.0,2013,0.0,1049760000.0,0.0,40642963201.0,0.0,1.0,0.0,Packers,DST,Lions
663,16.0,1871773696.0,1336336.0,0.0,5,16.0,2013,0.0,418161601.0,0.0,15178486401.0,0.0,1.0,0.0,Rams,DST,Jaguars
664,1.0,131079601.0,1336336.0,0.0,5,1.0,2013,0.0,981506241.0,0.0,6505390336.0,0.0,1.0,0.0,49ers,DST,Texans
665,1.0,7992538801.0,1679616.0,0.0,5,1.0,2013,0.0,384160000.0,0.0,37141383841.0,0.0,0.0,0.0,Eagles,DST,Giants
666,625.0,5082121521.0,28561.0,0.0,6,1048576.0,2013,16.0,547981281.0,16.0,31116960000.0,0.0,1.0,16.0,Texans,DST,Rams
667,6561.0,547981281.0,2401.0,0.0,6,614656.0,2013,1.0,214358881.0,81.0,5636405776.0,0.0,0.0,0.0,Raiders,DST,Chiefs
668,81.0,2217373921.0,65536.0,0.0,6,83521.0,2013,1.0,2176782336.0,1.0,35152125121.0,0.0,0.0,1.0,Redskins,DST,Cowboys
669,81.0,1146228736.0,1296.0,0.0,6,83521.0,2013,0.0,47458321.0,16.0,5082121521.0,0.0,1.0,0.0,Jets,DST,Steelers
670,16.0,4097152081.0,160000.0,0.0,6,65536.0,2013,1.0,519885601.0,0.0,26639462656.0,0.0,1.0,16.0,Seahawks,DST,Titans
671,1.0,7471182096.0,160000.0,1.0,6,50625.0,2013,0.0,141158161.0,16.0,26376683281.0,0.0,0.0,16.0,Cardinals,DST,49ers
672,81.0,2136750625.0,10000.0,0.0,6,38416.0,2013,0.0,31640625.0,16.0,7072810000.0,0.0,1.0,0.0,Min,DST,Panthers
673,1.0,2897022976.0,194481.0,0.0,6,38416.0,2013,1.0,228886641.0,81.0,15882300625.0,0.0,0.0,0.0,Giants,DST,Bears
674,81.0,607573201.0,28561.0,0.0,6,38416.0,2013,0.0,18974736.0,16.0,2472973441.0,0.0,0.0,0.0,Titans,DST,Seahawks
675,0.0,7573350625.0,1500625.0,0.0,6,20736.0,2013,1.0,157351936.0,1.0,27439591201.0,0.0,1.0,16.0,Broncos,DST,Jaguars
676,81.0,7886150416.0,130321.0,0.0,6,14641.0,2013,0.0,384160000.0,1.0,36804120336.0,0.0,0.0,1.0,Packers,DST,Ravens
677,625.0,9597924961.0,83521.0,0.0,6,14641.0,2013,0.0,4879681.0,0.0,16796160000.0,0.0,1.0,1.0,Ravens,DST,Packers
678,16.0,7170871761.0,130321.0,0.0,6,10000.0,2013,0.0,25411681.0,16.0,17172529936.0,0.0,0.0,0.0,Jaguars,DST,Broncos
679,16.0,5236114321.0,83521.0,0.0,6,10000.0,2013,0.0,252047376.0,16.0,24343800625.0,0.0,1.0,0.0,Browns,DST,Lions
680,1.0,1387488001.0,6561.0,0.0,6,10000.0,2013,0.0,29986576.0,1.0,5082121521.0,0.0,0.0,0.0,Colts,DST,Chargers
681,625.0,1358954496.0,331776.0,0.0,6,4096.0,2013,0.0,285610000.0,0.0,10750371856.0,0.0,1.0,1.0,Bills,DST,Bengals
682,256.0,4228250625.0,130321.0,0.0,6,4096.0,2013,0.0,28398241.0,0.0,11574317056.0,0.0,0.0,0.0,Steelers,DST,Jets
683,16.0,4362470401.0,160000.0,0.0,6,4096.0,2013,0.0,78074896.0,1.0,15178486401.0,0.0,1.0,0.0,Buccaneers,DST,Eagles
684,625.0,3049800625.0,810000.0,0.0,6,2401.0,2013,0.0,395254161.0,1.0,19987173376.0,0.0,1.0,0.0,Patriots,DST,Saints
685,16.0,3208542736.0,1048576.0,0.0,6,1296.0,2013,0.0,492884401.0,1.0,22430753361.0,0.0,1.0,1.0,49ers,DST,Cardinals
686,81.0,10226063376.0,531441.0,0.0,6,1296.0,2013,0.0,741200625.0,1.0,54423757521.0,0.0,0.0,0.0,Bengals,DST,Bills
687,16.0,2655237841.0,130321.0,0.0,6,1296.0,2013,0.0,466948881.0,0.0,19565295376.0,0.0,1.0,0.0,Chargers,DST,Colts
688,1.0,2798410000.0,531441.0,0.0,6,1296.0,2013,0.0,294499921.0,1.0,16983563041.0,0.0,0.0,1.0,Saints,DST,Patriots
689,81.0,121550625.0,331776.0,0.0,6,1296.0,2013,0.0,151807041.0,0.0,2176782336.0,0.0,1.0,1.0,Chiefs,DST,Raiders
690,1.0,3782742016.0,923521.0,0.0,6,81.0,2013,0.0,193877776.0,1.0,17944209936.0,0.0,0.0,0.0,Lions,DST,Browns
691,1.0,6784652161.0,923521.0,0.0,6,81.0,2013,0.0,362673936.0,0.0,32625390625.0,0.0,0.0,1.0,Eagles,DST,Buccaneers
692,1.0,741200625.0,923521.0,0.0,6,81.0,2013,0.0,5308416.0,1.0,2058346161.0,0.0,1.0,0.0,Cowboys,DST,Redskins
693,1.0,3102044416.0,1500625.0,0.0,6,1.0,2013,0.0,294499921.0,0.0,18141126721.0,0.0,0.0,0.0,Panthers,DST,Vikings
694,0.0,4711998736.0,531441.0,0.0,6,1.0,2013,0.0,146410000.0,0.0,19150131456.0,0.0,1.0,0.0,Bears,DST,Giants
695,0.0,187388721.0,2085136.0,0.0,6,0.0,2013,0.0,96059601.0,0.0,2176782336.0,0.0,0.0,0.0,Rams,DST,Texans
696,256.0,4162314256.0,50625.0,0.0,7,160000.0,2013,1.0,15752961.0,1.0,10098039121.0,0.0,0.0,16.0,Rams,DST,Panthers
697,81.0,1416468496.0,81.0,0.0,7,130321.0,2013,0.0,49787136.0,81.0,5972816656.0,0.0,1.0,0.0,Eagles,DST,Cowboys
698,1296.0,5719140625.0,1296.0,0.0,7,104976.0,2013,0.0,37015056.0,1.0,15527402881.0,0.0,1.0,0.0,Jaguars,DST,Chargers
699,81.0,7886150416.0,83521.0,0.0,7,83521.0,2013,1.0,24010000.0,1.0,18339659776.0,0.0,1.0,1.0,Titans,DST,49ers
700,16.0,895745041.0,194481.0,0.0,7,50625.0,2013,1.0,207360000.0,16.0,7370050801.0,0.0,1.0,1.0,Dolphins,DST,Bills
701,1.0,959512576.0,2401.0,0.0,7,38416.0,2013,0.0,810000.0,1.0,1800814096.0,0.0,0.0,16.0,Min,DST,Giants
702,256.0,1766100625.0,531441.0,0.0,7,28561.0,2013,1.0,65610000.0,1.0,7573350625.0,0.0,0.0,0.0,Patriots,DST,Jets
703,81.0,2608757776.0,279841.0,0.0,7,20736.0,2013,1.0,151807041.0,0.0,12897917761.0,0.0,0.0,1.0,Buccaneers,DST,Falcons
704,81.0,312900721.0,28561.0,0.0,7,20736.0,2013,0.0,47458321.0,1.0,2176782336.0,0.0,0.0,0.0,Browns,DST,Packers
705,256.0,17748900625.0,1185921.0,1.0,7,20736.0,2013,0.0,16777216.0,1.0,33871089681.0,0.0,0.0,16.0,Broncos,DST,Colts
706,256.0,1800814096.0,810000.0,0.0,7,20736.0,2013,1.0,981506241.0,1.0,21517662721.0,0.0,1.0,0.0,Jets,DST,Patriots
707,2401.0,1731891456.0,234256.0,0.0,7,20736.0,2013,0.0,810000.0,16.0,2998219536.0,0.0,1.0,0.0,Cardinals,DST,Seahawks
708,625.0,2385443281.0,65536.0,0.0,7,14641.0,2013,0.0,28398241.0,0.0,7471182096.0,0.0,0.0,1.0,Texans,DST,Chiefs
709,16.0,1387488001.0,279841.0,0.0,7,14641.0,2013,1.0,16777216.0,0.0,4362470401.0,0.0,1.0,1.0,Giants,DST,Vikings
710,16.0,2847396321.0,83521.0,0.0,7,10000.0,2013,0.0,252047376.0,1.0,16243247601.0,0.0,1.0,1.0,Chiefs,DST,Texans
711,16.0,7471182096.0,83521.0,0.0,7,10000.0,2013,0.0,29986576.0,16.0,18339659776.0,0.0,0.0,0.0,Cowboys,DST,Eagles
712,16.0,2300257521.0,2825761.0,0.0,7,10000.0,2013,1.0,384160000.0,1.0,16610312161.0,0.0,0.0,0.0,Bears,DST,Redskins
713,81.0,442050625.0,130321.0,0.0,7,6561.0,2013,0.0,395254161.0,0.0,6690585616.0,0.0,1.0,1.0,Steelers,DST,Ravens
714,1.0,7072810000.0,4100625.0,0.0,7,6561.0,2013,1.0,1908029761.0,1.0,62001498001.0,0.0,1.0,0.0,Redskins,DST,Bears
715,81.0,1908029761.0,1336336.0,0.0,7,2401.0,2013,0.0,332150625.0,0.0,14003408896.0,0.0,0.0,16.0,Seahawks,DST,Cardinals
716,256.0,1003875856.0,279841.0,0.0,7,2401.0,2013,0.0,65610000.0,1.0,5158686976.0,0.0,0.0,0.0,Bills,DST,Dolphins
717,1.0,1766100625.0,65536.0,0.0,7,625.0,2013,0.0,45212176.0,0.0,6784652161.0,0.0,0.0,0.0,Ravens,DST,Steelers
718,16.0,2058346161.0,2313441.0,0.0,7,256.0,2013,0.0,214358881.0,0.0,12444741136.0,0.0,1.0,1.0,Colts,DST,Broncos
719,16.0,1049760000.0,810000.0,1.0,7,256.0,2013,0.0,108243216.0,0.0,6324066576.0,0.0,1.0,0.0,Panthers,DST,Rams
720,0.0,16243247601.0,331776.0,0.0,7,81.0,2013,0.0,35153041.0,0.0,35477982736.0,1.0,1.0,0.0,Lions,DST,Bengals
721,1.0,17555190016.0,531441.0,0.0,7,16.0,2013,0.0,10556001.0,0.0,31414372081.0,0.0,0.0,0.0,Bengals,DST,Lions
722,1.0,5802782976.0,331776.0,0.0,7,16.0,2013,0.0,623201296.0,0.0,35477982736.0,0.0,0.0,0.0,Chargers,DST,Jaguars
723,0.0,5554571841.0,923521.0,0.0,7,16.0,2013,0.0,104976.0,0.0,7170871761.0,0.0,1.0,1.0,Falcons,DST,Buccaneers
724,16.0,1475789056.0,923521.0,0.0,7,16.0,2013,0.0,547981281.0,0.0,14835483601.0,0.0,0.0,0.0,49ers,DST,Titans
725,1.0,4097152081.0,923521.0,0.0,7,1.0,2013,0.0,116985856.0,0.0,16243247601.0,0.0,1.0,0.0,Packers,DST,Browns
726,256.0,466948881.0,6561.0,0.0,8,531441.0,2013,16.0,74805201.0,16.0,3317760000.0,0.0,0.0,0.0,Jets,DST,Bengals
727,81.0,562448656.0,194481.0,0.0,8,160000.0,2013,1.0,157351936.0,256.0,5006411536.0,0.0,0.0,1.0,Redskins,DST,Broncos
728,256.0,4931550625.0,28561.0,0.0,8,130321.0,2013,0.0,531441.0,256.0,7269949696.0,0.0,0.0,0.0,Falcons,DST,Cardinals
729,1296.0,442050625.0,83521.0,0.0,8,104976.0,2013,0.0,592240896.0,16.0,8208541201.0,1.0,0.0,1.0,Dolphins,DST,Patriots
730,256.0,533794816.0,2401.0,0.0,8,83521.0,2013,0.0,5308416.0,16.0,1600000000.0,0.0,1.0,1.0,Eagles,DST,Giants
731,16.0,13206836241.0,4100625.0,0.0,8,65536.0,2013,1.0,131079601.0,81.0,39567575056.0,0.0,1.0,1.0,Broncos,DST,Redskins
732,0.0,2702336256.0,10000.0,0.0,8,50625.0,2013,1.0,65610000.0,0.0,10226063376.0,0.0,1.0,1.0,Jaguars,DST,49ers
733,256.0,1982119441.0,83521.0,0.0,8,38416.0,2013,0.0,59969536.0,1.0,7992538801.0,0.0,0.0,16.0,Bills,DST,Saints
734,81.0,373301041.0,6561.0,0.0,8,38416.0,2013,0.0,1600000000.0,16.0,13206836241.0,0.0,1.0,0.0,Rams,DST,Seahawks
735,625.0,3373402561.0,104976.0,0.0,8,28561.0,2013,0.0,1500625.0,16.0,5802782976.0,0.0,0.0,0.0,Steelers,DST,Raiders
736,1.0,3154956561.0,50625.0,0.0,8,28561.0,2013,1.0,59969536.0,0.0,11156640625.0,0.0,0.0,1.0,Giants,DST,Eagles
737,81.0,3844124001.0,28561.0,0.0,8,20736.0,2013,0.0,5308416.0,0.0,7780827681.0,0.0,1.0,1.0,Buccaneers,DST,Panthers
738,2401.0,68574961.0,38416.0,0.0,8,14641.0,2013,0.0,3748096.0,0.0,332150625.0,0.0,0.0,0.0,Seahawks,DST,Rams
739,1.0,53084160000.0,923521.0,0.0,8,6561.0,2013,0.0,418161601.0,16.0,150644120641.0,0.0,1.0,16.0,Lions,DST,Cowboys
740,81.0,303595776.0,923521.0,0.0,8,6561.0,2013,1.0,151807041.0,0.0,3486784401.0,0.0,1.0,0.0,Min,DST,Packers
741,16.0,45212176.0,194481.0,0.0,8,6561.0,2013,0.0,1506138481.0,16.0,6059221281.0,0.0,1.0,1.0,Raiders,DST,Steelers
742,16.0,6324066576.0,3748096.0,0.0,8,4096.0,2013,1.0,1097199376.0,0.0,46352367616.0,0.0,0.0,0.0,Packers,DST,Vikings
743,1296.0,1445900625.0,279841.0,0.0,8,2401.0,2013,0.0,342102016.0,0.0,12003612721.0,0.0,1.0,0.0,Chiefs,DST,Browns
744,1.0,6414247921.0,83521.0,0.0,8,2401.0,2013,0.0,10556001.0,0.0,13363360000.0,0.0,0.0,1.0,Browns,DST,Chiefs
745,81.0,466948881.0,531441.0,0.0,8,1296.0,2013,0.0,1632240801.0,1.0,14666178816.0,0.0,1.0,0.0,Cardinals,DST,Falcons
746,81.0,100000000.0,531441.0,0.0,8,1296.0,2013,0.0,533794816.0,1.0,4032758016.0,0.0,1.0,0.0,Patriots,DST,Dolphins
747,256.0,9116621361.0,1500625.0,0.0,8,256.0,2013,0.0,35153041.0,0.0,22199808016.0,0.0,1.0,0.0,Saints,DST,Bills
748,1.0,10884540241.0,5764801.0,0.0,8,81.0,2013,0.0,38950081.0,1.0,26115852816.0,0.0,1.0,0.0,Bengals,DST,Jets
749,81.0,1445900625.0,923521.0,0.0,8,81.0,2013,0.0,276922881.0,0.0,11019960576.0,0.0,0.0,0.0,Panthers,DST,Buccaneers
750,0.0,981506241.0,3111696.0,0.0,8,16.0,2013,0.0,2385443281.0,0.0,25091827216.0,0.0,0.0,1.0,49ers,DST,Jaguars
751,0.0,1800814096.0,810000.0,0.0,8,0.0,2013,0.0,14776336.0,0.0,5158686976.0,0.0,0.0,0.0,Cowboys,DST,Lions
752,0.0,2750058481.0,28561.0,0.0,9,390625.0,2013,16.0,3373402561.0,16.0,48796810000.0,0.0,1.0,1.0,Bills,DST,Chiefs
753,625.0,8318169616.0,160000.0,1.0,9,390625.0,2013,1.0,705911761.0,81.0,46753250625.0,0.0,0.0,1.0,Bengals,DST,Dolphins
754,1.0,1982119441.0,10000.0,0.0,9,234256.0,2013,1.0,37015056.0,81.0,6975757441.0,0.0,0.0,1.0,Falcons,DST,Panthers
755,625.0,2472973441.0,104976.0,0.0,9,28561.0,2013,0.0,9150625.0,1.0,5972816656.0,0.0,0.0,1.0,Ravens,DST,Browns
756,16.0,2517630976.0,279841.0,0.0,9,28561.0,2013,1.0,815730721.0,1.0,23854493601.0,0.0,0.0,1.0,Min,DST,Cowboys
757,0.0,7170871761.0,810000.0,0.0,9,20736.0,2013,1.0,1908029761.0,1.0,62500000000.0,16.0,1.0,0.0,Redskins,DST,Chargers
758,625.0,163047361.0,160000.0,0.0,9,14641.0,2013,0.0,1568239201.0,1.0,9475854336.0,0.0,1.0,0.0,Packers,DST,Bears
759,625.0,18945044881.0,923521.0,0.0,9,14641.0,2013,0.0,136048896.0,16.0,52643172481.0,0.0,0.0,1.0,Steelers,DST,Patriots
760,81.0,15006250000.0,160000.0,0.0,9,14641.0,2013,0.0,1944810000.0,16.0,98344960000.0,0.0,1.0,0.0,Raiders,DST,Eagles
761,16.0,17944209936.0,160000.0,0.0,9,10000.0,2013,0.0,2825761.0,16.0,27439591201.0,0.0,0.0,0.0,Saints,DST,Jets
762,256.0,741200625.0,614656.0,0.0,9,4096.0,2013,0.0,1536953616.0,16.0,17363069361.0,0.0,0.0,0.0,Titans,DST,Rams
763,256.0,3603000625.0,531441.0,0.0,9,2401.0,2013,0.0,22667121.0,0.0,9721171216.0,1.0,0.0,0.0,Colts,DST,Texans
764,0.0,2217373921.0,531441.0,0.0,9,2401.0,2013,0.0,1536953616.0,16.0,29661450625.0,0.0,1.0,1.0,Seahawks,DST,Buccaneers
765,16.0,1698181681.0,194481.0,0.0,9,2401.0,2013,0.0,655360000.0,0.0,17363069361.0,0.0,1.0,16.0,Rams,DST,Titans
766,81.0,1249198336.0,234256.0,0.0,9,1296.0,2013,0.0,607573201.0,0.0,14166950625.0,0.0,1.0,1.0,Dolphins,DST,Bengals
767,81.0,9721171216.0,531441.0,0.0,9,1296.0,2013,0.0,1679616.0,1.0,15006250000.0,0.0,1.0,0.0,Cowboys,DST,Vikings
768,1.0,13521270961.0,331776.0,0.0,9,1296.0,2013,0.0,22667121.0,16.0,28257610000.0,0.0,0.0,0.0,Chargers,DST,Redskins
769,1.0,3429742096.0,1336336.0,0.0,9,625.0,2013,0.0,294499921.0,16.0,19356878641.0,0.0,1.0,0.0,Panthers,DST,Falcons
770,16.0,3429742096.0,331776.0,0.0,9,625.0,2013,0.0,28398241.0,0.0,9845600625.0,0.0,1.0,1.0,Browns,DST,Ravens
771,81.0,29093783761.0,9150625.0,0.0,9,625.0,2013,0.0,1506138481.0,0.0,138458410000.0,0.0,1.0,1.0,Patriots,DST,Steelers
772,1.0,5393580481.0,531441.0,0.0,9,256.0,2013,0.0,855036081.0,0.0,38167092496.0,1.0,0.0,0.0,Bears,DST,Packers
773,81.0,442050625.0,331776.0,0.0,9,256.0,2013,0.0,1766100625.0,0.0,15006250000.0,0.0,0.0,0.0,Buccaneers,DST,Seahawks
774,16.0,174900625.0,279841.0,0.0,9,81.0,2013,0.0,81450625.0,0.0,1944810000.0,0.0,0.0,0.0,Chiefs,DST,Bills
775,16.0,384160000.0,456976.0,0.0,9,81.0,2013,0.0,1536953616.0,0.0,13051691536.0,0.0,1.0,0.0,Jets,DST,Saints
776,1.0,13363360000.0,331776.0,0.0,9,16.0,2013,0.0,418161601.0,0.0,54423757521.0,0.0,1.0,0.0,Texans,DST,Colts
777,1.0,30528476176.0,5764801.0,0.0,9,1.0,2013,0.0,236421376.0,0.0,86297287696.0,0.0,0.0,0.0,Eagles,DST,Raiders
778,81.0,22663495936.0,4096.0,0.0,10,1048576.0,2013,16.0,104976.0,256.0,27170906896.0,0.0,1.0,1.0,Colts,DST,Rams
779,256.0,126247696.0,160000.0,0.0,10,160000.0,2013,1.0,131079601.0,1.0,2058346161.0,1.0,0.0,1.0,Raiders,DST,Giants
780,1.0,6059221281.0,531441.0,1.0,10,104976.0,2013,1.0,47458321.0,1.0,17172529936.0,0.0,1.0,81.0,Titans,DST,Jaguars
781,1296.0,4477456.0,6561.0,0.0,10,83521.0,2013,0.0,121550625.0,1.0,519885601.0,0.0,1.0,1.0,49ers,DST,Panthers
782,81.0,193877776.0,331776.0,0.0,10,65536.0,2013,1.0,312900721.0,1.0,3969126001.0,0.0,1.0,16.0,Giants,DST,Raiders
783,625.0,3544535296.0,83521.0,0.0,10,50625.0,2013,0.0,207360000.0,81.0,17555190016.0,0.0,0.0,0.0,Bengals,DST,Ravens
784,625.0,116985856.0,160000.0,0.0,10,50625.0,2013,0.0,52200625.0,16.0,1275989841.0,0.0,1.0,1.0,Ravens,DST,Bengals
785,81.0,639128961.0,331776.0,0.0,10,38416.0,2013,1.0,33362176.0,0.0,3049800625.0,1.0,0.0,1.0,Texans,DST,Cardinals
786,81.0,395254161.0,10000.0,0.0,10,38416.0,2013,0.0,141158161.0,1.0,3906250000.0,0.0,0.0,1.0,Panthers,DST,49ers
787,1.0,7780827681.0,28561.0,0.0,10,20736.0,2013,0.0,96059601.0,16.0,24591257856.0,0.0,1.0,0.0,Packers,DST,Eagles
788,81.0,303595776.0,10000.0,0.0,10,20736.0,2013,0.0,81450625.0,1.0,2655237841.0,0.0,0.0,0.0,Bills,DST,Steelers
789,16.0,688747536.0,10000.0,0.0,10,14641.0,2013,0.0,16777216.0,0.0,2608757776.0,0.0,1.0,1.0,Falcons,DST,Seahawks
790,16.0,1982119441.0,130321.0,1.0,10,10000.0,2013,0.0,16.0,1.0,2058346161.0,0.0,0.0,0.0,Dolphins,DST,Buccaneers
791,256.0,1536953616.0,160000.0,0.0,10,4096.0,2013,0.0,294499921.0,0.0,11716114081.0,0.0,1.0,0.0,Chargers,DST,Broncos
792,16.0,8100000000.0,130321.0,0.0,10,4096.0,2013,0.0,2085136.0,1.0,13051691536.0,0.0,1.0,0.0,Bears,DST,Lions
793,1.0,3049800625.0,531441.0,0.0,10,4096.0,2013,0.0,88529281.0,1.0,12149330176.0,0.0,1.0,16.0,Cardinals,DST,Texans
794,256.0,723394816.0,279841.0,0.0,10,2401.0,2013,0.0,342102016.0,1.0,8100000000.0,0.0,1.0,0.0,Steelers,DST,Bills
795,81.0,116985856.0,83521.0,0.0,10,2401.0,2013,0.0,62742241.0,0.0,1387488001.0,0.0,0.0,0.0,Cowboys,DST,Saints
796,81.0,655360000.0,707281.0,0.0,10,2401.0,2013,0.0,8503056.0,16.0,2097273616.0,0.0,0.0,0.0,Jaguars,DST,Titans
797,81.0,1982119441.0,531441.0,0.0,10,1296.0,2013,0.0,1731891456.0,0.0,29661450625.0,0.0,0.0,1.0,Eagles,DST,Packers
798,16.0,236421376.0,234256.0,0.0,10,625.0,2013,0.0,384160000.0,1.0,4857532416.0,0.0,1.0,0.0,Buccaneers,DST,Dolphins
799,256.0,3429742096.0,531441.0,0.0,10,625.0,2013,0.0,1330863361.0,0.0,35152125121.0,0.0,0.0,0.0,Redskins,DST,Vikings
800,16.0,2897022976.0,2085136.0,0.0,10,256.0,2013,0.0,384160000.0,0.0,19150131456.0,0.0,0.0,1.0,Rams,DST,Colts
801,16.0,9597924961.0,614656.0,0.0,10,256.0,2013,0.0,49787136.0,0.0,24840596881.0,0.0,0.0,1.0,Broncos,DST,Chargers
802,0.0,2300257521.0,194481.0,0.0,10,81.0,2013,0.0,442050625.0,1.0,17555190016.0,0.0,0.0,0.0,Lions,DST,Bears
803,1.0,21517662721.0,5764801.0,0.0,10,81.0,2013,0.0,3429742096.0,0.0,152587890625.0,0.0,1.0,1.0,Saints,DST,Cowboys
804,1.0,2176782336.0,1336336.0,0.0,10,81.0,2013,0.0,68574961.0,1.0,8882874001.0,0.0,1.0,0.0,Min,DST,Redskins
805,1.0,6059221281.0,1185921.0,0.0,10,1.0,2013,0.0,1982119441.0,0.0,57648010000.0,0.0,0.0,0.0,Seahawks,DST,Falcons
806,256.0,2702336256.0,160000.0,0.0,11,810000.0,2013,16.0,108243216.0,81.0,11859210000.0,1.0,0.0,1.0,Browns,DST,Bengals
807,256.0,312900721.0,38416.0,0.0,11,234256.0,2013,1.0,322417936.0,81.0,5082121521.0,0.0,0.0,1.0,Jets,DST,Bills
808,16.0,1731891456.0,160000.0,0.0,11,160000.0,2013,1.0,303595776.0,81.0,12745506816.0,0.0,0.0,1.0,Min,DST,Seahawks
809,0.0,13206836241.0,28561.0,0.0,11,130321.0,2013,1.0,9150625.0,81.0,24098215696.0,0.0,0.0,0.0,Packers,DST,Giants
810,81.0,418161601.0,160000.0,0.0,11,83521.0,2013,1.0,916636176.0,16.0,10098039121.0,0.0,0.0,0.0,Ravens,DST,Bears
811,81.0,5158686976.0,614656.0,0.0,11,83521.0,2013,1.0,533794816.0,16.0,31116960000.0,1.0,0.0,1.0,Falcons,DST,Buccaneers
812,256.0,3102044416.0,65536.0,0.0,11,20736.0,2013,0.0,1330863361.0,1.0,33243864241.0,0.0,0.0,1.0,Redskins,DST,Eagles
813,16.0,3429742096.0,38416.0,0.0,11,10000.0,2013,0.0,1048576.0,16.0,5636405776.0,0.0,1.0,0.0,Jaguars,DST,Cardinals
814,16.0,6414247921.0,160000.0,0.0,11,10000.0,2013,0.0,131079601.0,1.0,23134410000.0,0.0,0.0,1.0,Patriots,DST,Panthers
815,0.0,193877776.0,2825761.0,0.0,11,10000.0,2013,1.0,126247696.0,16.0,2517630976.0,0.0,1.0,0.0,Bengals,DST,Browns
816,256.0,3262808641.0,160000.0,0.0,11,10000.0,2013,0.0,116985856.0,1.0,13841287201.0,0.0,1.0,0.0,Dolphins,DST,Chargers
817,81.0,1600000000.0,83521.0,0.0,11,6561.0,2013,0.0,429981696.0,0.0,14003408896.0,0.0,0.0,1.0,Chiefs,DST,Broncos
818,81.0,6234839521.0,65536.0,0.0,11,6561.0,2013,0.0,562448656.0,1.0,35806100625.0,0.0,0.0,0.0,Chargers,DST,Dolphins
819,81.0,174900625.0,160000.0,0.0,11,6561.0,2013,0.0,43046721.0,1.0,1475789056.0,0.0,0.0,0.0,49ers,DST,Saints
820,16.0,14003408896.0,531441.0,0.0,11,6561.0,2013,0.0,131079601.0,1.0,41371966801.0,0.0,0.0,16.0,Lions,DST,Steelers
821,16.0,959512576.0,614656.0,0.0,11,4096.0,2013,1.0,741200625.0,0.0,13521270961.0,0.0,0.0,0.0,Raiders,DST,Texans
822,256.0,4294967296.0,531441.0,0.0,11,2401.0,2013,0.0,37015056.0,1.0,12444741136.0,0.0,1.0,0.0,Giants,DST,Packers
823,16.0,8540717056.0,279841.0,0.0,11,2401.0,2013,0.0,65610000.0,1.0,24098215696.0,0.0,1.0,1.0,Texans,DST,Raiders
824,1.0,7573350625.0,279841.0,0.0,11,1296.0,2013,0.0,71639296.0,1.0,22430753361.0,0.0,1.0,1.0,Saints,DST,49ers
825,16.0,2258530576.0,531441.0,0.0,11,625.0,2013,0.0,221533456.0,0.0,13363360000.0,0.0,1.0,1.0,Titans,DST,Colts
826,81.0,26115852816.0,531441.0,0.0,11,256.0,2013,0.0,38416.0,0.0,29948379136.0,0.0,0.0,0.0,Cardinals,DST,Jaguars
827,81.0,1506138481.0,331776.0,0.0,11,256.0,2013,0.0,112550881.0,0.0,8100000000.0,0.0,1.0,0.0,Panthers,DST,Patriots
828,81.0,5802782976.0,331776.0,0.0,11,256.0,2013,0.0,252047376.0,0.0,26115852816.0,0.0,1.0,0.0,Eagles,DST,Redskins
829,16.0,2136750625.0,279841.0,0.0,11,81.0,2013,0.0,116985856.0,0.0,10355301121.0,0.0,1.0,0.0,Bears,DST,Ravens
830,0.0,10884540241.0,531441.0,0.0,11,81.0,2013,0.0,116985856.0,0.0,33243864241.0,0.0,1.0,1.0,Broncos,DST,Chiefs
831,16.0,2517630976.0,2825761.0,0.0,11,16.0,2013,0.0,1196883216.0,0.0,28257610000.0,0.0,1.0,0.0,Buccaneers,DST,Falcons
832,1.0,16426010896.0,1874161.0,0.0,11,1.0,2013,0.0,2560000.0,0.0,25091827216.0,0.0,1.0,0.0,Steelers,DST,Lions
833,1.0,2798410000.0,2825761.0,0.0,11,1.0,2013,0.0,74805201.0,0.0,10884540241.0,0.0,1.0,0.0,Seahawks,DST,Vikings
834,1.0,3603000625.0,1874161.0,0.0,11,1.0,2013,0.0,21381376.0,0.0,9597924961.0,0.0,1.0,0.0,Bills,DST,Jets
835,1.0,2750058481.0,810000.0,0.0,11,1.0,2013,0.0,352275361.0,0.0,17944209936.0,0.0,0.0,0.0,Colts,DST,Titans
836,625.0,9475854336.0,14641.0,0.0,12,456976.0,2013,1.0,9150625.0,1.0,18141126721.0,0.0,1.0,81.0,Browns,DST,Steelers
837,16.0,6690585616.0,194481.0,0.0,12,194481.0,2013,1.0,116985856.0,256.0,23134410000.0,1.0,1.0,1.0,Lions,DST,Buccaneers
838,81.0,193877776.0,81.0,0.0,12,130321.0,2013,0.0,108243216.0,16.0,2342560000.0,0.0,0.0,1.0,Jets,DST,Ravens
839,1296.0,33362176.0,1296.0,0.0,12,104976.0,2013,0.0,168896016.0,1.0,1303210000.0,0.0,1.0,0.0,Redskins,DST,49ers
840,1.0,639128961.0,14641.0,0.0,12,65536.0,2013,1.0,40960000.0,1.0,3262808641.0,0.0,0.0,0.0,Colts,DST,Cardinals
841,81.0,11019960576.0,1336336.0,0.0,12,50625.0,2013,1.0,181063936.0,0.0,37480960000.0,0.0,1.0,81.0,Patriots,DST,Broncos
842,16.0,395254161.0,1296.0,0.0,12,38416.0,2013,0.0,35153041.0,1.0,2258530576.0,0.0,1.0,0.0,Texans,DST,Jaguars
843,625.0,4857532416.0,28561.0,0.0,12,38416.0,2013,0.0,68574961.0,0.0,15882300625.0,0.0,1.0,1.0,Falcons,DST,Saints
844,1.0,14003408896.0,194481.0,0.0,12,38416.0,2013,1.0,40960000.0,1.0,32319410176.0,0.0,0.0,16.0,Bears,DST,Rams
845,256.0,2136750625.0,28561.0,0.0,12,28561.0,2013,0.0,193877776.0,0.0,12296370321.0,1.0,0.0,0.0,Jaguars,DST,Texans
846,16.0,562448656.0,194481.0,0.0,12,14641.0,2013,1.0,1664966416.0,0.0,16062013696.0,0.0,1.0,1.0,Giants,DST,Cowboys
847,81.0,639128961.0,160000.0,0.0,12,14641.0,2013,0.0,342102016.0,1.0,7573350625.0,1.0,0.0,0.0,Panthers,DST,Dolphins
848,16.0,303595776.0,923521.0,0.0,12,10000.0,2013,0.0,6146560000.0,1.0,28813025536.0,0.0,0.0,81.0,Broncos,DST,Patriots
849,256.0,3603000625.0,130321.0,0.0,12,10000.0,2013,0.0,20151121.0,1.0,9475854336.0,0.0,1.0,0.0,Ravens,DST,Jets
850,81.0,6146560000.0,65536.0,0.0,12,6561.0,2013,0.0,7311616.0,1.0,12149330176.0,0.0,1.0,0.0,Dolphins,DST,Panthers
851,1296.0,2136750625.0,456976.0,0.0,12,6561.0,2013,0.0,2897022976.0,0.0,39923636481.0,0.0,0.0,1.0,Min,DST,Packers
852,0.0,4569760000.0,130321.0,0.0,12,4096.0,2013,0.0,74805201.0,1.0,15527402881.0,0.0,1.0,1.0,Raiders,DST,Titans
853,256.0,1731891456.0,331776.0,0.0,12,2401.0,2013,0.0,131079601.0,1.0,9354951841.0,0.0,0.0,0.0,Cowboys,DST,Giants
854,81.0,6234839521.0,2085136.0,0.0,12,2401.0,2013,0.0,168896016.0,1.0,24343800625.0,0.0,1.0,1.0,Chiefs,DST,Chargers
855,1.0,5393580481.0,83521.0,0.0,12,625.0,2013,0.0,112550881.0,0.0,19565295376.0,0.0,0.0,0.0,Saints,DST,Falcons
856,256.0,1836036801.0,331776.0,0.0,12,625.0,2013,0.0,234256.0,0.0,2750058481.0,0.0,0.0,0.0,Buccaneers,DST,Lions
857,81.0,7072810000.0,2560000.0,0.0,12,625.0,2013,0.0,207360000.0,0.0,28257610000.0,1.0,1.0,0.0,Cardinals,DST,Colts
858,16.0,9475854336.0,279841.0,0.0,12,625.0,2013,0.0,168896016.0,0.0,32933538576.0,1.0,0.0,0.0,Titans,DST,Raiders
859,16.0,2702336256.0,531441.0,0.0,12,625.0,2013,0.0,33362176.0,0.0,8540717056.0,0.0,0.0,1.0,49ers,DST,Redskins
860,16.0,7886150416.0,456976.0,0.0,12,81.0,2013,0.0,1475789056.0,0.0,59553569296.0,0.0,1.0,0.0,Packers,DST,Vikings
861,16.0,479785216.0,3111696.0,0.0,12,16.0,2013,0.0,4430766096.0,0.0,27170906896.0,0.0,1.0,0.0,Rams,DST,Bears
862,0.0,2217373921.0,531441.0,0.0,12,1.0,2013,0.0,52200625.0,0.0,8318169616.0,0.0,0.0,0.0,Steelers,DST,Browns
863,1.0,22430753361.0,2825761.0,0.0,12,1.0,2013,0.0,116985856.0,0.0,58120048561.0,0.0,0.0,0.0,Chargers,DST,Chiefs
864,2401.0,108243216.0,10000.0,1.0,13,234256.0,2013,0.0,331776.0,1.0,252047376.0,0.0,0.0,16.0,Packers,DST,Lions
865,256.0,37015056.0,81.0,0.0,13,160000.0,2013,0.0,96059601.0,16.0,981506241.0,0.0,1.0,1.0,Jets,DST,Dolphins
866,625.0,384160000.0,1296.0,0.0,13,130321.0,2013,0.0,18974736.0,1.0,1800814096.0,0.0,0.0,1.0,Buccaneers,DST,Panthers
867,1.0,429981696.0,2401.0,0.0,13,65536.0,2013,1.0,3748096.0,0.0,1249198336.0,0.0,0.0,1.0,Saints,DST,Seahawks
868,16.0,3486784401.0,10000.0,0.0,13,50625.0,2013,0.0,68574961.0,1.0,12444741136.0,0.0,1.0,16.0,Chargers,DST,Bengals
869,1.0,10485760000.0,2560000.0,0.0,13,50625.0,2013,1.0,3373402561.0,16.0,99049307841.0,0.0,1.0,16.0,Lions,DST,Packers
870,1.0,1171350625.0,38416.0,0.0,13,28561.0,2013,0.0,688747536.0,81.0,14498327281.0,0.0,0.0,1.0,Titans,DST,Colts
871,625.0,4569760000.0,194481.0,0.0,13,20736.0,2013,0.0,65610000.0,16.0,15006250000.0,0.0,0.0,1.0,Cardinals,DST,Eagles
872,81.0,1536953616.0,28561.0,0.0,13,20736.0,2013,0.0,168896016.0,1.0,9475854336.0,0.0,0.0,0.0,Rams,DST,49ers
873,81.0,13680577296.0,614656.0,1.0,13,14641.0,2013,0.0,88529281.0,16.0,37141383841.0,0.0,1.0,1.0,Browns,DST,Jaguars
874,625.0,1146228736.0,83521.0,0.0,13,14641.0,2013,0.0,373301041.0,0.0,10884540241.0,0.0,1.0,1.0,Redskins,DST,Giants
875,0.0,26376683281.0,1500625.0,0.0,13,10000.0,2013,1.0,303595776.0,16.0,81924750625.0,0.0,0.0,0.0,Broncos,DST,Chiefs
876,256.0,14166950625.0,160000.0,0.0,13,10000.0,2013,0.0,332150625.0,0.0,53084160000.0,0.0,0.0,1.0,Bears,DST,Vikings
877,16.0,1871773696.0,923521.0,0.0,13,10000.0,2013,1.0,429981696.0,0.0,15352201216.0,0.0,1.0,1.0,Cowboys,DST,Raiders
878,1296.0,5473632256.0,1336336.0,0.0,13,4096.0,2013,0.0,519885601.0,0.0,32015587041.0,0.0,0.0,1.0,Falcons,DST,Bills
879,625.0,3906250000.0,279841.0,0.0,13,4096.0,2013,0.0,3662186256.0,1.0,60523872256.0,0.0,1.0,0.0,Min,DST,Bears
880,0.0,1303210000.0,83521.0,0.0,13,4096.0,2013,0.0,723394816.0,1.0,15704099856.0,0.0,0.0,1.0,Bengals,DST,Chargers
881,625.0,655360000.0,234256.0,0.0,13,4096.0,2013,0.0,116985856.0,1.0,4857532416.0,0.0,1.0,0.0,Colts,DST,Titans
882,256.0,4228250625.0,279841.0,0.0,13,2401.0,2013,0.0,47458321.0,0.0,13051691536.0,0.0,1.0,1.0,49ers,DST,Rams
883,625.0,1664966416.0,331776.0,0.0,13,1296.0,2013,0.0,121550625.0,0.0,8882874001.0,0.0,1.0,0.0,Eagles,DST,Cardinals
884,81.0,1800814096.0,331776.0,0.0,13,1296.0,2013,0.0,40960000.0,1.0,6690585616.0,0.0,0.0,0.0,Giants,DST,Redskins
885,0.0,4228250625.0,331776.0,0.0,13,625.0,2013,0.0,6250000.0,1.0,8653650625.0,0.0,0.0,1.0,Raiders,DST,Cowboys
886,0.0,4784350561.0,531441.0,0.0,13,625.0,2013,0.0,705911761.0,16.0,32933538576.0,0.0,1.0,0.0,Panthers,DST,Buccaneers
887,0.0,1944810000.0,923521.0,0.0,13,256.0,2013,0.0,1445900625.0,0.0,26904200625.0,0.0,1.0,16.0,Bills,DST,Falcons
888,0.0,4362470401.0,160000.0,0.0,13,256.0,2013,0.0,26873856.0,0.0,11716114081.0,0.0,0.0,0.0,Steelers,DST,Ravens
889,16.0,1664966416.0,1048576.0,0.0,13,256.0,2013,0.0,157351936.0,1.0,9721171216.0,0.0,0.0,0.0,Jaguars,DST,Browns
890,1.0,11574317056.0,279841.0,0.0,13,256.0,2013,0.0,244140625.0,1.0,42110733681.0,0.0,0.0,0.0,Dolphins,DST,Jets
891,1.0,17748900625.0,1336336.0,0.0,13,81.0,2013,0.0,59969536.0,1.0,42110733681.0,0.0,0.0,0.0,Patriots,DST,Texans
892,1.0,4857532416.0,923521.0,0.0,13,81.0,2013,0.0,214358881.0,1.0,21970650625.0,0.0,1.0,0.0,Texans,DST,Patriots
893,16.0,3154956561.0,234256.0,0.0,13,81.0,2013,0.0,29986576.0,0.0,9354951841.0,0.0,1.0,0.0,Ravens,DST,Steelers
894,0.0,7370050801.0,614656.0,0.0,13,16.0,2013,0.0,639128961.0,1.0,41740124416.0,0.0,1.0,0.0,Chiefs,DST,Broncos
895,1.0,8318169616.0,1336336.0,0.0,13,1.0,2013,0.0,260144641.0,0.0,33871089681.0,0.0,1.0,0.0,Seahawks,DST,Saints
896,1296.0,1358954496.0,10000.0,0.0,14,707281.0,2013,16.0,17850625.0,1.0,4362470401.0,0.0,1.0,1.0,Redskins,DST,Chiefs
897,2401.0,466948881.0,1296.0,0.0,14,531441.0,2013,0.0,20151121.0,256.0,2097273616.0,0.0,0.0,1.0,Bills,DST,Buccaneers
898,256.0,607573201.0,10000.0,1.0,14,279841.0,2013,1.0,100000000.0,16.0,4362470401.0,0.0,0.0,0.0,Rams,DST,Cardinals
899,625.0,2428912656.0,234256.0,0.0,14,65536.0,2013,1.0,157351936.0,1.0,12444741136.0,0.0,1.0,1.0,Packers,DST,Falcons
900,0.0,1026625681.0,1336336.0,0.0,14,38416.0,2013,16.0,7992538801.0,1.0,52204938256.0,0.0,1.0,0.0,Eagles,DST,Lions
901,81.0,2947295521.0,531441.0,0.0,14,38416.0,2013,1.0,506250000.0,1.0,21517662721.0,1.0,0.0,0.0,Raiders,DST,Jets
902,625.0,151807041.0,28561.0,0.0,14,20736.0,2013,0.0,268435456.0,0.0,3262808641.0,0.0,0.0,0.0,Panthers,DST,Saints
903,0.0,519885601.0,160000.0,0.0,14,20736.0,2013,0.0,40960000.0,0.0,2847396321.0,1.0,0.0,81.0,Lions,DST,Eagles
904,16.0,3373402561.0,38416.0,0.0,14,20736.0,2013,0.0,71639296.0,16.0,12296370321.0,0.0,0.0,1.0,Giants,DST,Chargers
905,81.0,10884540241.0,160000.0,0.0,14,14641.0,2013,0.0,47458321.0,16.0,27170906896.0,0.0,0.0,0.0,Texans,DST,Jaguars
906,16.0,1196883216.0,1336336.0,0.0,14,10000.0,2013,1.0,1073283121.0,1.0,18141126721.0,0.0,0.0,0.0,Dolphins,DST,Steelers
907,16.0,1003875856.0,83521.0,0.0,14,10000.0,2013,0.0,54700816.0,1.0,4857532416.0,1.0,0.0,0.0,Seahawks,DST,49ers
908,0.0,4931550625.0,456976.0,0.0,14,6561.0,2013,1.0,168896016.0,0.0,20632736881.0,0.0,0.0,1.0,Min,DST,Ravens
909,256.0,24840596881.0,531441.0,0.0,14,6561.0,2013,0.0,57289761.0,1.0,54875873536.0,0.0,1.0,1.0,Patriots,DST,Browns
910,16.0,2702336256.0,707281.0,0.0,14,4096.0,2013,0.0,88529281.0,81.0,11156640625.0,0.0,1.0,0.0,Ravens,DST,Vikings
911,16.0,577200625.0,130321.0,0.0,14,4096.0,2013,0.0,705911761.0,1.0,10226063376.0,0.0,1.0,0.0,49ers,DST,Seahawks
912,81.0,11574317056.0,614656.0,0.0,14,2401.0,2013,0.0,49787136.0,0.0,28813025536.0,1.0,1.0,1.0,Steelers,DST,Dolphins
913,1.0,43046721.0,531441.0,0.0,14,1296.0,2013,0.0,741200625.0,16.0,3662186256.0,0.0,1.0,0.0,Buccaneers,DST,Bills
914,16.0,623201296.0,614656.0,0.0,14,1296.0,2013,0.0,84934656.0,1.0,4162314256.0,0.0,0.0,1.0,Titans,DST,Broncos
915,1.0,1664966416.0,194481.0,0.0,14,1296.0,2013,0.0,47458321.0,1.0,6597500625.0,0.0,0.0,1.0,Falcons,DST,Packers
916,16.0,3544535296.0,1874161.0,0.0,14,256.0,2013,0.0,429981696.0,0.0,22663495936.0,0.0,1.0,1.0,Chargers,DST,Giants
917,1.0,1908029761.0,1874161.0,0.0,14,81.0,2013,0.0,418161601.0,1.0,15352201216.0,0.0,1.0,0.0,Jets,DST,Raiders
918,1.0,4711998736.0,810000.0,0.0,14,81.0,2013,0.0,131079601.0,0.0,18539817921.0,0.0,1.0,1.0,Cardinals,DST,Rams
919,16.0,8540717056.0,923521.0,0.0,14,16.0,2013,0.0,22667121.0,0.0,19356878641.0,0.0,1.0,0.0,Saints,DST,Panthers
920,16.0,285610000.0,614656.0,0.0,14,16.0,2013,0.0,1536953616.0,0.0,11574317056.0,0.0,0.0,0.0,Cowboys,DST,Bears
921,1.0,303595776.0,531441.0,0.0,14,16.0,2013,0.0,492884401.0,0.0,6234839521.0,0.0,1.0,0.0,Jaguars,DST,Texans
922,1.0,22199808016.0,456976.0,0.0,14,16.0,2013,0.0,136048896.0,0.0,59553569296.0,0.0,0.0,0.0,Browns,DST,Patriots
923,0.0,562448656.0,4100625.0,0.0,14,16.0,2013,0.0,1358954496.0,1.0,14331920656.0,0.0,0.0,0.0,Chiefs,DST,Redskins
924,1.0,13521270961.0,4100625.0,0.0,14,1.0,2013,0.0,492884401.0,0.0,57648010000.0,0.0,1.0,0.0,Bears,DST,Cowboys
925,0.0,11294588176.0,614656.0,0.0,14,0.0,2013,0.0,15752961.0,0.0,22898045041.0,0.0,0.0,0.0,Colts,DST,Bengals
926,0.0,5719140625.0,3111696.0,0.0,14,0.0,2013,0.0,577200625.0,0.0,34188010000.0,0.0,1.0,0.0,Bengals,DST,Colts
927,0.0,24840596881.0,6765201.0,0.0,14,0.0,2013,0.0,562448656.0,0.0,92173567201.0,0.0,1.0,0.0,Broncos,DST,Titans
928,256.0,592240896.0,0.0,0.0,15,331776.0,2013,0.0,390625.0,625.0,1073283121.0,0.0,1.0,0.0,Giants,DST,Seahawks
929,16.0,4640470641.0,2085136.0,0.0,15,160000.0,2013,16.0,1026625681.0,16.0,37480960000.0,0.0,0.0,1.0,Bears,DST,Browns
930,256.0,303595776.0,81.0,1.0,15,160000.0,2013,0.0,131079601.0,16.0,3262808641.0,0.0,0.0,0.0,Texans,DST,Colts
931,0.0,12003612721.0,923521.0,0.0,15,160000.0,2013,1.0,285610000.0,625.0,45165175441.0,0.0,1.0,16.0,Raiders,DST,Chiefs
932,256.0,384160000.0,160000.0,0.0,15,104976.0,2013,1.0,607573201.0,1.0,7780827681.0,1.0,0.0,0.0,Jets,DST,Panthers
933,256.0,429981696.0,38416.0,0.0,15,104976.0,2013,1.0,2313441.0,1.0,1121513121.0,0.0,1.0,1.0,Buccaneers,DST,49ers
934,1.0,19356878641.0,456976.0,0.0,15,65536.0,2013,0.0,112550881.0,16.0,51336683776.0,0.0,0.0,625.0,Redskins,DST,Falcons
935,256.0,18945044881.0,65536.0,0.0,15,65536.0,2013,0.0,13845841.0,16.0,34828517376.0,1.0,0.0,1.0,Saints,DST,Rams
936,81.0,24098215696.0,1336336.0,0.0,15,50625.0,2013,1.0,18974736.0,16.0,44774560000.0,0.0,1.0,1.0,Titans,DST,Cardinals
937,625.0,1445900625.0,160000.0,0.0,15,50625.0,2013,0.0,639128961.0,16.0,15704099856.0,0.0,1.0,1.0,Jaguars,DST,Bills
938,1.0,2428912656.0,160000.0,0.0,15,28561.0,2013,1.0,10556001.0,0.0,6059221281.0,0.0,0.0,1.0,Bengals,DST,Steelers
939,1.0,2798410000.0,65536.0,0.0,15,14641.0,2013,0.0,200533921.0,81.0,14835483601.0,0.0,1.0,0.0,Lions,DST,Ravens
940,0.0,5554571841.0,923521.0,0.0,15,10000.0,2013,1.0,74805201.0,16.0,17944209936.0,0.0,1.0,0.0,Browns,DST,Bears
941,256.0,796594176.0,531441.0,0.0,15,6561.0,2013,0.0,1536953616.0,1.0,17944209936.0,0.0,0.0,1.0,Bills,DST,Jaguars
942,81.0,1275989841.0,531441.0,0.0,15,4096.0,2013,0.0,8503056.0,1.0,3486784401.0,0.0,1.0,1.0,Falcons,DST,Redskins
943,81.0,12149330176.0,1679616.0,0.0,15,2401.0,2013,0.0,322417936.0,16.0,47156728336.0,0.0,1.0,0.0,Cowboys,DST,Packers
944,1.0,16243247601.0,160000.0,0.0,15,2401.0,2013,0.0,84934656.0,1.0,42110733681.0,0.0,0.0,0.0,Patriots,DST,Dolphins
945,256.0,6975757441.0,331776.0,0.0,15,2401.0,2013,0.0,62742241.0,0.0,20415837456.0,0.0,1.0,1.0,Dolphins,DST,Patriots
946,256.0,1387488001.0,279841.0,0.0,15,2401.0,2013,0.0,322417936.0,1.0,11433811041.0,0.0,0.0,0.0,Seahawks,DST,Giants
947,1.0,5887339441.0,160000.0,0.0,15,2401.0,2013,0.0,104976.0,1.0,7573350625.0,0.0,1.0,0.0,Broncos,DST,Chargers
948,256.0,24591257856.0,810000.0,0.0,15,1296.0,2013,0.0,38950081.0,1.0,50906640625.0,0.0,0.0,0.0,Eagles,DST,Vikings
949,1.0,2136750625.0,104976.0,0.0,15,625.0,2013,0.0,65610000.0,0.0,8653650625.0,0.0,0.0,0.0,Ravens,DST,Lions
950,81.0,18741610000.0,5308416.0,0.0,15,625.0,2013,0.0,52200625.0,1.0,42859350625.0,0.0,1.0,0.0,Min,DST,Eagles
951,16.0,6414247921.0,1874161.0,0.0,15,256.0,2013,0.0,506250000.0,1.0,35152125121.0,0.0,0.0,0.0,Packers,DST,Cowboys
952,1.0,1026625681.0,390625.0,0.0,15,256.0,2013,0.0,533794816.0,1.0,12003612721.0,0.0,1.0,0.0,Colts,DST,Texans
953,16.0,8767700496.0,9834496.0,0.0,15,256.0,2013,0.0,37015056.0,0.0,21743271936.0,0.0,0.0,1.0,Chiefs,DST,Raiders
954,1.0,1146228736.0,810000.0,0.0,15,81.0,2013,0.0,126247696.0,1.0,7072810000.0,0.0,1.0,0.0,Steelers,DST,Bengals
955,16.0,655360000.0,531441.0,0.0,15,81.0,2013,0.0,981506241.0,0.0,12897917761.0,0.0,0.0,0.0,Chargers,DST,Broncos
956,16.0,4640470641.0,810000.0,0.0,15,16.0,2013,0.0,294499921.0,0.0,23612624896.0,0.0,1.0,0.0,Panthers,DST,Jets
957,16.0,1275989841.0,1185921.0,0.0,15,16.0,2013,0.0,1222830961.0,0.0,19987173376.0,0.0,0.0,0.0,49ers,DST,Buccaneers
958,16.0,2136750625.0,1874161.0,0.0,15,16.0,2013,0.0,442050625.0,0.0,16796160000.0,0.0,0.0,0.0,Cardinals,DST,Titans
959,0.0,623201296.0,531441.0,0.0,15,1.0,2013,0.0,429981696.0,0.0,8318169616.0,0.0,1.0,0.0,Rams,DST,Saints
960,256.0,3154956561.0,2401.0,0.0,16,923521.0,2013,16.0,214358881.0,81.0,16426010896.0,0.0,1.0,1.0,Ravens,DST,Patriots
961,625.0,1475789056.0,14641.0,1.0,16,331776.0,2013,1.0,13845841.0,1.0,4362470401.0,0.0,0.0,1.0,Bears,DST,Eagles
962,256.0,78074896.0,38416.0,0.0,16,234256.0,2013,1.0,174900625.0,81.0,1908029761.0,0.0,0.0,1.0,Min,DST,Bengals
963,2401.0,62742241.0,0.0,0.0,16,194481.0,2013,0.0,38416.0,16.0,112550881.0,0.0,0.0,0.0,Dolphins,DST,Bills
964,625.0,303595776.0,2401.0,0.0,16,160000.0,2013,0.0,577200625.0,1.0,6784652161.0,0.0,1.0,81.0,Chiefs,DST,Colts
965,16.0,1836036801.0,160000.0,0.0,16,104976.0,2013,1.0,479785216.0,16.0,15882300625.0,0.0,1.0,1.0,Lions,DST,Giants
966,2401.0,151807041.0,28561.0,0.0,16,104976.0,2013,0.0,12117361.0,0.0,835210000.0,0.0,0.0,16.0,Buccaneers,DST,Rams
967,1296.0,3262808641.0,28561.0,0.0,16,83521.0,2013,0.0,252047376.0,16.0,17748900625.0,0.0,0.0,0.0,Saints,DST,Panthers
968,256.0,62742241.0,10000.0,0.0,16,50625.0,2013,0.0,112550881.0,1.0,1358954496.0,0.0,1.0,1.0,Seahawks,DST,Cardinals
969,81.0,547981281.0,28561.0,0.0,16,38416.0,2013,0.0,57289761.0,16.0,3317760000.0,0.0,1.0,0.0,Texans,DST,Broncos
970,81.0,796594176.0,28561.0,0.0,16,38416.0,2013,0.0,174900625.0,16.0,6414247921.0,0.0,0.0,0.0,Browns,DST,Jets
971,16.0,796594176.0,83521.0,0.0,16,38416.0,2013,0.0,373301041.0,256.0,8882874001.0,0.0,0.0,0.0,Cardinals,DST,Seahawks
972,81.0,2300257521.0,923521.0,0.0,16,28561.0,2013,1.0,519885601.0,1.0,18741610000.0,0.0,1.0,1.0,Packers,DST,Steelers
973,1.0,1800814096.0,28561.0,0.0,16,20736.0,2013,0.0,12117361.0,1.0,4931550625.0,0.0,0.0,1.0,Raiders,DST,Chargers
974,1.0,13521270961.0,331776.0,0.0,16,20736.0,2013,1.0,13845841.0,16.0,26115852816.0,0.0,0.0,0.0,Falcons,DST,49ers
975,256.0,395254161.0,83521.0,0.0,16,10000.0,2013,0.0,43046721.0,1.0,2428912656.0,0.0,1.0,0.0,Panthers,DST,Saints
976,16.0,2608757776.0,65536.0,0.0,16,10000.0,2013,0.0,15752961.0,1.0,6975757441.0,1.0,1.0,0.0,Jaguars,DST,Titans
977,16.0,3208542736.0,279841.0,1.0,16,6561.0,2013,0.0,2825761.0,1.0,6059221281.0,0.0,0.0,1.0,Giants,DST,Lions
978,81.0,723394816.0,160000.0,0.0,16,6561.0,2013,0.0,1097199376.0,1.0,14331920656.0,0.0,0.0,0.0,Titans,DST,Jaguars
979,1.0,1475789056.0,456976.0,0.0,16,4096.0,2013,0.0,479785216.0,1.0,14003408896.0,0.0,1.0,16.0,Chargers,DST,Raiders
980,1.0,1222830961.0,130321.0,0.0,16,2401.0,2013,0.0,1698181681.0,1.0,23134410000.0,0.0,1.0,0.0,Bills,DST,Dolphins
981,16.0,2097273616.0,331776.0,0.0,16,2401.0,2013,0.0,81450625.0,1.0,9116621361.0,0.0,0.0,1.0,Cowboys,DST,Redskins
982,1.0,479785216.0,279841.0,0.0,16,1296.0,2013,0.0,276922881.0,0.0,5887339441.0,0.0,1.0,16.0,Rams,DST,Buccaneers
983,1.0,1358954496.0,2085136.0,0.0,16,625.0,2013,0.0,519885601.0,1.0,13841287201.0,0.0,0.0,1.0,Steelers,DST,Packers
984,16.0,2562890625.0,8503056.0,0.0,16,256.0,2013,0.0,6975757441.0,0.0,69799526416.0,0.0,1.0,1.0,Eagles,DST,Bears
985,16.0,14166950625.0,3111696.0,0.0,16,256.0,2013,0.0,43046721.0,0.0,32933538576.0,0.0,1.0,1.0,Bengals,DST,Vikings
986,81.0,1049760000.0,1336336.0,0.0,16,81.0,2013,0.0,1568239201.0,0.0,20632736881.0,0.0,1.0,0.0,49ers,DST,Falcons
987,0.0,1506138481.0,279841.0,0.0,16,81.0,2013,0.0,100000000.0,1.0,7780827681.0,0.0,1.0,0.0,Redskins,DST,Cowboys
988,16.0,623201296.0,2825761.0,0.0,16,16.0,2013,0.0,406586896.0,0.0,8100000000.0,0.0,0.0,0.0,Patriots,DST,Ravens
989,1.0,2897022976.0,279841.0,0.0,16,16.0,2013,0.0,332150625.0,0.0,18141126721.0,0.0,0.0,0.0,Colts,DST,Chiefs
990,0.0,2097273616.0,331776.0,0.0,16,1.0,2013,0.0,1871773696.0,0.0,31713911056.0,0.0,1.0,0.0,Jets,DST,Browns
991,1.0,24840596881.0,1874161.0,0.0,16,1.0,2013,0.0,168896016.0,0.0,68184176641.0,0.0,0.0,0.0,Broncos,DST,Texans
992,6561.0,2847396321.0,160000.0,0.0,17,194481.0,2013,1.0,33362176.0,1.0,8882874001.0,0.0,1.0,0.0,Falcons,DST,Panthers
993,81.0,655360000.0,1296.0,0.0,17,194481.0,2013,0.0,68574961.0,16.0,3969126001.0,0.0,0.0,16.0,Redskins,DST,Giants
994,16.0,442050625.0,6561.0,0.0,17,130321.0,2013,1.0,28561.0,16.0,623201296.0,0.0,0.0,0.0,Rams,DST,Seahawks
995,16.0,937890625.0,83521.0,0.0,17,104976.0,2013,1.0,4879681.0,81.0,2428912656.0,0.0,0.0,0.0,Ravens,DST,Bengals
996,1.0,2472973441.0,10000.0,0.0,17,65536.0,2013,0.0,17850625.0,16.0,6879707136.0,0.0,0.0,16.0,Texans,DST,Titans
997,81.0,8999178496.0,10000.0,0.0,17,38416.0,2013,0.0,3111696.0,1.0,15006250000.0,0.0,0.0,1.0,Jaguars,DST,Colts
998,81.0,2385443281.0,2401.0,0.0,17,38416.0,2013,0.0,38950081.0,1.0,8100000000.0,0.0,0.0,1.0,Browns,DST,Steelers
999,0.0,1731891456.0,2401.0,0.0,17,28561.0,2013,0.0,71639296.0,81.0,7676563456.0,0.0,1.0,0.0,Dolphins,DST,Jets
1000,625.0,1097199376.0,28561.0,0.0,17,20736.0,2013,0.0,15752961.0,0.0,3603000625.0,0.0,0.0,0.0,Lions,DST,Vikings
1001,81.0,855036081.0,38416.0,0.0,17,14641.0,2013,0.0,916636176.0,1.0,14166950625.0,0.0,1.0,1.0,Min,DST,Lions
1002,1.0,2517630976.0,614656.0,0.0,17,14641.0,2013,1.0,214358881.0,1.0,14166950625.0,0.0,1.0,1.0,Bears,DST,Packers
1003,1.0,592240896.0,160000.0,0.0,17,14641.0,2013,0.0,221533456.0,16.0,5972816656.0,0.0,1.0,1.0,Giants,DST,Redskins
1004,1.0,875213056.0,160000.0,0.0,17,6561.0,2013,0.0,207360000.0,16.0,7269949696.0,0.0,1.0,0.0,Steelers,DST,Browns
1005,1.0,25344958401.0,160000.0,0.0,17,6561.0,2013,0.0,47458321.0,1.0,53974440976.0,0.0,1.0,1.0,Cardinals,DST,49ers
1006,0.0,6234839521.0,1336336.0,0.0,17,4096.0,2013,0.0,151807041.0,256.0,23612624896.0,0.0,1.0,0.0,Bengals,DST,Ravens
1007,625.0,2750058481.0,331776.0,0.0,17,4096.0,2013,0.0,352275361.0,0.0,17944209936.0,0.0,0.0,1.0,Eagles,DST,Cowboys
1008,16.0,1330863361.0,38416.0,0.0,17,4096.0,2013,0.0,16777216.0,0.0,4228250625.0,0.0,1.0,1.0,Raiders,DST,Broncos
1009,256.0,2517630976.0,160000.0,0.0,17,4096.0,2013,0.0,815730721.0,0.0,23854493601.0,0.0,0.0,0.0,Bills,DST,Patriots
1010,16.0,2136750625.0,83521.0,0.0,17,4096.0,2013,0.0,31640625.0,1.0,7072810000.0,0.0,0.0,0.0,Buccaneers,DST,Saints
1011,81.0,9597924961.0,1185921.0,0.0,17,2401.0,2013,0.0,655360000.0,16.0,50054665441.0,0.0,0.0,0.0,Packers,DST,Bears
1012,1.0,655360000.0,65536.0,0.0,17,2401.0,2013,0.0,519885601.0,1.0,9354951841.0,0.0,1.0,0.0,Titans,DST,Texans
1013,0.0,16426010896.0,234256.0,0.0,17,2401.0,2013,0.0,9834496.0,16.0,29376588816.0,0.0,1.0,1.0,Cowboys,DST,Eagles
1014,1.0,492884401.0,194481.0,0.0,17,1296.0,2013,0.0,322417936.0,1.0,6414247921.0,0.0,0.0,1.0,Panthers,DST,Falcons
1015,81.0,2300257521.0,531441.0,0.0,17,1296.0,2013,0.0,1196883216.0,1.0,26904200625.0,0.0,1.0,0.0,Chargers,DST,Chiefs
1016,81.0,12444741136.0,1336336.0,0.0,17,625.0,2013,0.0,236421376.0,0.0,44000935696.0,1.0,0.0,0.0,Broncos,DST,Raiders
1017,256.0,623201296.0,531441.0,0.0,17,625.0,2013,0.0,151807041.0,0.0,5236114321.0,0.0,1.0,0.0,Seahawks,DST,Rams
1018,0.0,2342560000.0,160000.0,0.0,17,256.0,2013,0.0,562448656.0,0.0,19565295376.0,0.0,0.0,0.0,Jets,DST,Dolphins
1019,16.0,7269949696.0,279841.0,0.0,17,81.0,2013,0.0,47458321.0,0.0,19775390625.0,0.0,0.0,0.0,49ers,DST,Cardinals
1020,1.0,174900625.0,1336336.0,0.0,17,81.0,2013,0.0,5082121521.0,1.0,21293813776.0,0.0,1.0,0.0,Patriots,DST,Bills
1021,16.0,1275989841.0,331776.0,0.0,17,81.0,2013,0.0,418161601.0,0.0,12149330176.0,0.0,0.0,0.0,Chiefs,DST,Chargers
1022,1.0,7992538801.0,810000.0,0.0,17,1.0,2013,0.0,40960000.0,0.0,20632736881.0,0.0,1.0,0.0,Colts,DST,Jaguars
1023,1.0,18741610000.0,3111696.0,0.0,17,1.0,2013,0.0,92236816.0,0.0,47971512576.0,0.0,1.0,0.0,Saints,DST,Buccaneers
