,Receiving Yards,Away Games,Week,Fumble TD,Rush Yards,Pass Yards,Points,Receiving 2PT,Fumbles Lost,Receptions,Rush TD,Pass 2PT,Rush 2PT,Year,Pass Interceptions,Rush Attempts,Pass Attempts,Pass TD,Receiving TD,Pass Completions,Name,Opponent,Position
0,0.0,0.0,1,0.0,16.0,45558341136.0,12960000.0,0.0,0.0,0.0,0.0,0.0,0.0,2013,0.0,16.0,3111696.0,2401.0,0.0,531441.0,Peyton Manning,Ravens,QB
1,0.0,1.0,1,0.0,4096.0,41006250000.0,1679616.0,0.0,0.0,0.0,0.0,0.0,0.0,2013,81.0,16.0,3111696.0,256.0,0.0,531441.0,Eli Manning,Cowboys,QB
2,0.0,0.0,1,0.0,234256.0,28813025536.0,1679616.0,0.0,0.0,0.0,0.0,0.0,0.0,2013,0.0,2401.0,2313441.0,81.0,0.0,531441.0,Colin Kaepernick,Packers,QB
3,0.0,1.0,1,0.0,8503056.0,1698181681.0,810000.0,0.0,1.0,0.0,1.0,0.0,0.0,2013,0.0,6561.0,390625.0,16.0,0.0,50625.0,Michael Vick,Redskins,QB
4,0.0,1.0,1,0.0,28561.0,12296370321.0,810000.0,0.0,0.0,0.0,0.0,0.0,0.0,2013,1.0,16.0,1874161.0,81.0,0.0,194481.0,Aaron Rodgers,49ers,QB
5,0.0,0.0,1,0.0,104976.0,1445900625.0,810000.0,0.0,0.0,0.0,0.0,0.0,0.0,2013,1.0,1.0,707281.0,256.0,0.0,38416.0,Philip Rivers,Texans,QB
6,0.0,1.0,1,0.0,0.0,14331920656.0,707281.0,0.0,0.0,0.0,0.0,0.0,0.0,2013,1.0,0.0,4100625.0,81.0,0.0,1336336.0,Matt Schaub,Chargers,QB
7,0.0,0.0,1,0.0,2085136.0,1003875856.0,614656.0,0.0,0.0,0.0,1.0,0.0,0.0,2013,0.0,1296.0,279841.0,16.0,0.0,104976.0,Andrew Luck,Raiders,QB
8,0.0,0.0,1,0.0,81.0,16243247601.0,331776.0,0.0,0.0,0.0,0.0,0.0,0.0,2013,1.0,1296.0,3418801.0,16.0,0.0,614656.0,Matthew Stafford,Min,QB
9,0.0,0.0,1,0.0,16.0,16243247601.0,331776.0,0.0,0.0,0.0,0.0,0.0,0.0,2013,1.0,81.0,1500625.0,16.0,0.0,456976.0,Drew Brees,Falcons,QB
10,0.0,1.0,1,0.0,20736.0,8540717056.0,279841.0,0.0,0.0,0.0,0.0,0.0,0.0,2013,1.0,1.0,2085136.0,16.0,0.0,390625.0,Matt Ryan,Saints,QB
11,0.0,0.0,1,0.0,331776.0,11716114081.0,279841.0,0.0,0.0,0.0,0.0,0.0,0.0,2013,16.0,625.0,5764801.0,16.0,0.0,810000.0,Robert Griffin III,Eagles,QB
12,0.0,0.0,1,0.0,1.0,7992538801.0,279841.0,0.0,0.0,0.0,0.0,0.0,1.0,2013,1.0,16.0,2085136.0,16.0,0.0,531441.0,Sam Bradford,Cardinals,QB
13,0.0,1.0,1,0.0,0.0,11433811041.0,234256.0,0.0,1.0,0.0,0.0,0.0,0.0,2013,1.0,0.0,2560000.0,16.0,0.0,456976.0,Carson Palmer,Rams,QB
14,0.0,1.0,1,0.0,0.0,17172529936.0,234256.0,0.0,0.0,0.0,0.0,0.0,0.0,2013,16.0,0.0,14776336.0,16.0,0.0,1336336.0,Joe Flacco,Broncos,QB
15,0.0,1.0,1,0.0,157351936.0,2217373921.0,194481.0,0.0,0.0,0.0,0.0,0.0,0.0,2013,16.0,28561.0,707281.0,1.0,0.0,130321.0,Terrelle Pryor,Colts,QB
16,0.0,1.0,1,0.0,390625.0,895745041.0,160000.0,0.0,0.0,0.0,0.0,0.0,0.0,2013,0.0,256.0,1336336.0,16.0,0.0,194481.0,Alex Smith,Jaguars,QB
17,0.0,0.0,1,0.0,1.0,4784350561.0,160000.0,0.0,0.0,0.0,0.0,0.0,0.0,2013,1.0,16.0,5764801.0,16.0,0.0,1679616.0,Tony Romo,Giants,QB
18,0.0,0.0,1,0.0,279841.0,506250000.0,160000.0,0.0,0.0,0.0,0.0,0.0,0.0,2013,0.0,81.0,531441.0,16.0,0.0,104976.0,E.J. Manuel,Patriots,QB
19,0.0,0.0,1,0.0,65536.0,3429742096.0,160000.0,0.0,0.0,0.0,0.0,0.0,0.0,2013,1.0,81.0,1185921.0,16.0,0.0,194481.0,Jay Cutler,Bengals,QB
20,0.0,1.0,1,0.0,256.0,6879707136.0,160000.0,0.0,1.0,0.0,0.0,0.0,0.0,2013,1.0,256.0,7311616.0,16.0,0.0,707281.0,Tom Brady,Bills,QB
21,0.0,1.0,1,0.0,16.0,6324066576.0,130321.0,0.0,0.0,0.0,0.0,0.0,0.0,2013,16.0,16.0,1185921.0,16.0,0.0,456976.0,Andy Dalton,Bears,QB
22,0.0,1.0,1,0.0,2401.0,10485760000.0,83521.0,0.0,1.0,0.0,0.0,0.0,0.0,2013,0.0,625.0,1185921.0,1.0,0.0,390625.0,Russell Wilson,Panthers,QB
23,0.0,0.0,1,0.0,4879681.0,4294967296.0,83521.0,0.0,1.0,0.0,0.0,0.0,0.0,2013,1.0,1296.0,2085136.0,1.0,0.0,331776.0,Geno Smith,Buccaneers,QB
24,0.0,1.0,1,0.0,81.0,5473632256.0,38416.0,0.0,0.0,0.0,0.0,0.0,0.0,2013,1.0,625.0,2085136.0,1.0,0.0,331776.0,Ryan Tannehill,Browns,QB
25,0.0,0.0,1,0.0,2085136.0,244140625.0,38416.0,0.0,0.0,0.0,0.0,0.0,0.0,2013,0.0,625.0,279841.0,1.0,0.0,65536.0,Cam Newton,Seahawks,QB
26,0.0,1.0,1,0.0,0.0,1944810000.0,20736.0,0.0,0.0,0.0,0.0,0.0,0.0,2013,1.0,1.0,923521.0,1.0,0.0,50625.0,Josh Freeman,Jets,QB
27,0.0,0.0,1,0.0,0.0,6975757441.0,14641.0,0.0,0.0,0.0,0.0,0.0,0.0,2013,81.0,0.0,7890481.0,1.0,0.0,456976.0,Brandon Weeden,Dolphins,QB
28,0.0,0.0,1,0.0,0.0,1330863361.0,10000.0,0.0,1.0,0.0,0.0,0.0,0.0,2013,1.0,1.0,1185921.0,1.0,0.0,194481.0,Ben Roethlisberger,Titans,QB
29,0.0,1.0,1,0.0,20736.0,3102044416.0,6561.0,0.0,1.0,0.0,0.0,0.0,0.0,2013,81.0,256.0,614656.0,1.0,0.0,104976.0,Christian Ponder,Lions,QB
30,0.0,1.0,1,0.0,81.0,244140625.0,625.0,0.0,0.0,0.0,0.0,0.0,0.0,2013,0.0,625.0,160000.0,0.0,0.0,14641.0,Jake Locker,Steelers,QB
31,0.0,0.0,1,0.0,0.0,1679616.0,1.0,0.0,0.0,0.0,0.0,0.0,0.0,2013,0.0,0.0,1296.0,0.0,0.0,81.0,Chad Henne,Chiefs,QB
32,0.0,0.0,1,0.0,65536.0,214358881.0,1.0,0.0,0.0,0.0,0.0,0.0,0.0,2013,16.0,256.0,1500625.0,0.0,0.0,65536.0,Blaine Gabbert,Chiefs,QB
33,0.0,1.0,1,0.0,1.0,0.0,0.0,0.0,0.0,0.0,0.0,0.0,0.0,2013,0.0,1.0,0.0,0.0,0.0,0.0,Chase Daniel,Jaguars,QB
34,0.0,0.0,2,0.0,81.0,53084160000.0,3418801.0,0.0,0.0,0.0,0.0,0.0,0.0,2013,0.0,81.0,3111696.0,256.0,0.0,1336336.0,Aaron Rodgers,Redskins,QB
35,16.0,0.0,2,0.0,1336336.0,33556377856.0,2085136.0,0.0,0.0,0.0,1.0,0.0,0.0,2013,0.0,625.0,1679616.0,16.0,0.0,279841.0,Michael Vick,Chargers,QB
36,0.0,1.0,2,0.0,14641.0,30821664721.0,1500625.0,0.0,0.0,0.0,0.0,0.0,0.0,2013,0.0,81.0,4879681.0,81.0,0.0,1679616.0,Philip Rivers,Eagles,QB
37,0.0,1.0,2,0.0,390625.0,15352201216.0,1048576.0,0.0,0.0,0.0,0.0,0.0,0.0,2013,1.0,81.0,9150625.0,81.0,0.0,1048576.0,Sam Bradford,Falcons,QB
38,0.0,1.0,2,0.0,1.0,10485760000.0,614656.0,0.0,0.0,0.0,0.0,0.0,0.0,2013,1.0,256.0,2560000.0,81.0,0.0,456976.0,Robert Griffin III,Packers,QB
39,0.0,0.0,2,0.0,0.0,19565295376.0,456976.0,0.0,0.0,0.0,0.0,0.0,0.0,2013,0.0,0.0,3418801.0,16.0,0.0,1185921.0,Matt Ryan,Rams,QB
40,0.0,0.0,2,0.0,10556001.0,2472973441.0,390625.0,0.0,0.0,0.0,0.0,0.0,0.0,2013,0.0,4096.0,1679616.0,16.0,0.0,194481.0,Alex Smith,Cowboys,QB
41,0.0,0.0,2,0.0,0.0,7886150416.0,390625.0,0.0,0.0,0.0,0.0,0.0,0.0,2013,16.0,0.0,5308416.0,81.0,0.0,456976.0,Matt Schaub,Titans,QB
42,0.0,1.0,2,0.0,81.0,8882874001.0,331776.0,0.0,0.0,0.0,0.0,0.0,0.0,2013,0.0,81.0,3418801.0,16.0,0.0,810000.0,Peyton Manning,Giants,QB
43,0.0,0.0,2,0.0,6561.0,7269949696.0,331776.0,0.0,1.0,0.0,0.0,0.0,0.0,2013,16.0,81.0,2085136.0,81.0,0.0,531441.0,Jay Cutler,Min,QB
44,0.0,1.0,2,0.0,1.0,5972816656.0,234256.0,0.0,1.0,0.0,0.0,0.0,0.0,2013,0.0,16.0,1679616.0,16.0,0.0,331776.0,Matthew Stafford,Cardinals,QB
45,0.0,1.0,2,0.0,50625.0,2750058481.0,160000.0,0.0,0.0,0.0,0.0,0.0,0.0,2013,1.0,256.0,2085136.0,16.0,0.0,194481.0,Cam Newton,Bills,QB
46,0.0,0.0,2,0.0,2085136.0,10617447681.0,130321.0,0.0,0.0,0.0,0.0,0.0,0.0,2013,1.0,256.0,3418801.0,1.0,0.0,390625.0,Andrew Luck,Dolphins,QB
47,0.0,1.0,2,0.0,10000.0,479785216.0,104976.0,0.0,0.0,0.0,0.0,0.0,0.0,2013,0.0,16.0,810000.0,16.0,0.0,83521.0,Jake Locker,Texans,QB
48,0.0,0.0,2,0.0,10000.0,6146560000.0,104976.0,0.0,0.0,0.0,0.0,0.0,0.0,2013,0.0,81.0,4100625.0,1.0,0.0,390625.0,Andy Dalton,Steelers,QB
49,0.0,1.0,2,0.0,1.0,10355301121.0,83521.0,0.0,1.0,0.0,0.0,0.0,0.0,2013,0.0,256.0,1336336.0,1.0,0.0,279841.0,Ryan Tannehill,Colts,QB
50,0.0,0.0,2,0.0,28561.0,7676563456.0,83521.0,0.0,1.0,0.0,0.0,1.0,0.0,2013,1.0,256.0,2313441.0,1.0,0.0,531441.0,E.J. Manuel,Panthers,QB
51,0.0,1.0,2,0.0,81.0,7886150416.0,65536.0,0.0,1.0,0.0,0.0,0.0,0.0,2013,0.0,16.0,3111696.0,1.0,0.0,810000.0,Tony Romo,Chiefs,QB
52,0.0,1.0,2,0.0,6561.0,3373402561.0,50625.0,0.0,0.0,0.0,0.0,0.0,0.0,2013,0.0,16.0,2085136.0,1.0,0.0,390625.0,Chad Henne,Raiders,QB
53,0.0,1.0,2,0.0,1296.0,3969126001.0,38416.0,0.0,0.0,0.0,0.0,0.0,0.0,2013,1.0,1.0,1874161.0,1.0,0.0,160000.0,Ben Roethlisberger,Bengals,QB
54,0.0,1.0,2,0.0,104976.0,2655237841.0,38416.0,0.0,0.0,0.0,0.0,0.0,0.0,2013,1.0,1296.0,810000.0,1.0,0.0,65536.0,Christian Ponder,Bears,QB
55,0.0,0.0,2,0.0,1296.0,1982119441.0,38416.0,0.0,0.0,0.0,0.0,0.0,0.0,2013,0.0,256.0,1185921.0,1.0,0.0,234256.0,Joe Flacco,Browns,QB
56,0.0,1.0,2,0.0,0.0,10750371856.0,38416.0,0.0,0.0,0.0,0.0,0.0,0.0,2013,16.0,0.0,4477456.0,1.0,0.0,456976.0,Drew Brees,Buccaneers,QB
57,0.0,0.0,2,0.0,16.0,3782742016.0,28561.0,0.0,0.0,0.0,0.0,0.0,0.0,2013,1.0,16.0,2313441.0,1.0,0.0,234256.0,Carson Palmer,Lions,QB
58,0.0,0.0,2,0.0,16.0,1171350625.0,28561.0,0.0,0.0,0.0,0.0,0.0,0.0,2013,0.0,16.0,2313441.0,1.0,0.0,130321.0,Tom Brady,Jets,QB
59,0.0,0.0,2,0.0,1185921.0,406586896.0,20736.0,0.0,0.0,0.0,0.0,0.0,0.0,2013,1.0,10000.0,130321.0,1.0,0.0,4096.0,Russell Wilson,49ers,QB
60,0.0,0.0,2,0.0,0.0,17172529936.0,20736.0,0.0,0.0,0.0,0.0,0.0,0.0,2013,256.0,0.0,5764801.0,1.0,0.0,614656.0,Eli Manning,Broncos,QB
61,0.0,0.0,2,0.0,6250000.0,252047376.0,10000.0,0.0,0.0,0.0,0.0,0.0,0.0,2013,0.0,6561.0,331776.0,0.0,0.0,50625.0,Terrelle Pryor,Jaguars,QB
62,0.0,1.0,2,0.0,2401.0,2655237841.0,6561.0,0.0,0.0,0.0,0.0,0.0,0.0,2013,0.0,16.0,1185921.0,0.0,0.0,194481.0,Brandon Weeden,Ravens,QB
63,0.0,0.0,2,0.0,65536.0,244140625.0,6561.0,0.0,1.0,0.0,0.0,0.0,0.0,2013,1.0,81.0,234256.0,1.0,0.0,6561.0,Josh Freeman,Saints,QB
64,0.0,1.0,2,0.0,57289761.0,260144641.0,1296.0,0.0,1.0,0.0,0.0,0.0,0.0,2013,81.0,6561.0,614656.0,0.0,0.0,28561.0,Colin Kaepernick,Seahawks,QB
65,0.0,1.0,2,0.0,83521.0,2097273616.0,81.0,0.0,0.0,0.0,0.0,0.0,0.0,2013,81.0,81.0,1500625.0,0.0,0.0,50625.0,Geno Smith,Patriots,QB
66,0.0,0.0,2,0.0,0.0,0.0,0.0,0.0,0.0,0.0,0.0,0.0,0.0,2013,0.0,0.0,1.0,0.0,0.0,0.0,Nick Foles,Chargers,QB
67,0.0,1.0,2,0.0,0.0,1296.0,0.0,0.0,0.0,0.0,0.0,0.0,0.0,2013,0.0,0.0,256.0,0.0,0.0,1.0,Jason Campbell,Ravens,QB
68,0.0,0.0,3,0.0,194481.0,13680577296.0,1874161.0,0.0,0.0,0.0,1.0,0.0,0.0,2013,1.0,1296.0,4477456.0,81.0,0.0,707281.0,Drew Brees,Cardinals,QB
69,0.0,0.0,3,0.0,4100625.0,2472973441.0,1336336.0,0.0,0.0,0.0,1.0,0.0,0.0,2013,1.0,2401.0,531441.0,81.0,0.0,50625.0,Cam Newton,Giants,QB
70,0.0,0.0,3,0.0,16.0,19565295376.0,923521.0,0.0,1.0,0.0,0.0,0.0,0.0,2013,0.0,81.0,1874161.0,81.0,0.0,1048576.0,Peyton Manning,Raiders,QB
71,0.0,0.0,3,0.0,38416.0,1664966416.0,810000.0,0.0,1.0,0.0,0.0,0.0,0.0,2013,1.0,16.0,194481.0,256.0,0.0,38416.0,Russell Wilson,Jaguars,QB
72,0.0,0.0,3,0.0,21381376.0,7992538801.0,707281.0,0.0,0.0,0.0,1.0,0.0,0.0,2013,0.0,625.0,1874161.0,1.0,0.0,279841.0,Jake Locker,Chargers,QB
73,0.0,0.0,3,0.0,38416.0,12003612721.0,614656.0,0.0,0.0,0.0,1.0,0.0,0.0,2013,16.0,256.0,707281.0,16.0,0.0,65536.0,Geno Smith,Bills,QB
74,0.0,0.0,3,0.0,0.0,1944810000.0,456976.0,0.0,0.0,0.0,0.0,0.0,0.0,2013,0.0,0.0,331776.0,81.0,0.0,83521.0,Tony Romo,Rams,QB
75,0.0,1.0,3,0.0,16.0,21970650625.0,390625.0,0.0,0.0,0.0,0.0,0.0,0.0,2013,1.0,1.0,3111696.0,16.0,0.0,390625.0,Matthew Stafford,Redskins,QB
76,0.0,1.0,3,0.0,16.0,10617447681.0,331776.0,0.0,0.0,0.0,0.0,0.0,0.0,2013,81.0,1.0,8503056.0,81.0,0.0,810000.0,Brian Hoyer,Min,QB
77,0.0,0.0,3,0.0,2401.0,27170906896.0,234256.0,0.0,16.0,0.0,0.0,0.0,0.0,2013,16.0,16.0,2825761.0,16.0,0.0,456976.0,Ben Roethlisberger,Bears,QB
78,0.0,0.0,3,0.0,4477456.0,2702336256.0,234256.0,0.0,1.0,0.0,16.0,0.0,0.0,2013,1.0,625.0,3111696.0,0.0,0.0,390625.0,Christian Ponder,Browns,QB
79,0.0,1.0,3,0.0,2560000.0,3486784401.0,194481.0,0.0,0.0,0.0,0.0,1.0,0.0,2013,0.0,1296.0,3111696.0,1.0,0.0,130321.0,E.J. Manuel,Jets,QB
80,0.0,1.0,3,0.0,1679616.0,6234839521.0,160000.0,0.0,0.0,0.0,0.0,0.0,0.0,2013,0.0,256.0,614656.0,1.0,0.0,130321.0,Terrelle Pryor,Broncos,QB
81,0.0,1.0,3,0.0,0.0,2847396321.0,130321.0,0.0,0.0,0.0,0.0,0.0,0.0,2013,1.0,0.0,2085136.0,16.0,0.0,279841.0,Matt Ryan,Dolphins,QB
82,0.0,0.0,3,0.0,625.0,2562890625.0,130321.0,0.0,0.0,0.0,0.0,0.0,0.0,2013,1.0,625.0,1679616.0,16.0,0.0,390625.0,Tom Brady,Buccaneers,QB
83,0.0,0.0,3,0.0,96059601.0,1632240801.0,104976.0,0.0,1.0,0.0,0.0,0.0,0.0,2013,16.0,256.0,810000.0,1.0,0.0,28561.0,Michael Vick,Chiefs,QB
84,0.0,0.0,3,0.0,2401.0,3102044416.0,104976.0,0.0,1.0,0.0,0.0,0.0,0.0,2013,1.0,16.0,1500625.0,16.0,0.0,331776.0,Ryan Tannehill,Falcons,QB
85,0.0,0.0,3,0.0,81.0,3049800625.0,104976.0,0.0,1.0,0.0,0.0,0.0,0.0,2013,1.0,256.0,614656.0,16.0,0.0,160000.0,Andy Dalton,Packers,QB
86,0.0,0.0,3,0.0,16.0,276922881.0,83521.0,0.0,0.0,0.0,1.0,0.0,0.0,2013,0.0,81.0,4096.0,1.0,0.0,2401.0,Tarvaris Jackson,Jaguars,QB
87,0.0,1.0,3,0.0,0.0,3317760000.0,50625.0,0.0,0.0,0.0,0.0,0.0,0.0,2013,0.0,0.0,5308416.0,1.0,0.0,707281.0,Sam Bradford,Cowboys,QB
88,0.0,1.0,3,0.0,331776.0,639128961.0,38416.0,0.0,0.0,0.0,1.0,0.0,0.0,2013,0.0,256.0,456976.0,0.0,0.0,83521.0,Andrew Luck,49ers,QB
89,0.0,1.0,3,0.0,1048576.0,5554571841.0,28561.0,0.0,0.0,0.0,0.0,0.0,0.0,2013,0.0,14641.0,1500625.0,0.0,0.0,234256.0,Alex Smith,Eagles,QB
90,0.0,1.0,3,0.0,331776.0,3544535296.0,28561.0,0.0,0.0,0.0,0.0,0.0,0.0,2013,16.0,81.0,3418801.0,1.0,0.0,456976.0,Aaron Rodgers,Bengals,QB
91,6561.0,1.0,3,0.0,0.0,1146228736.0,28561.0,0.0,0.0,0.0,0.0,0.0,0.0,2013,0.0,0.0,331776.0,1.0,0.0,160000.0,Philip Rivers,Titans,QB
92,0.0,0.0,3,0.0,1874161.0,11294588176.0,28561.0,0.0,1.0,0.0,0.0,0.0,0.0,2013,1.0,1296.0,6250000.0,0.0,0.0,1048576.0,Robert Griffin III,Lions,QB
93,0.0,1.0,3,0.0,14641.0,639128961.0,28561.0,0.0,0.0,0.0,0.0,0.0,0.0,2013,0.0,256.0,810000.0,1.0,0.0,160000.0,Jay Cutler,Steelers,QB
94,0.0,1.0,3,0.0,256.0,3102044416.0,2401.0,0.0,0.0,0.0,0.0,0.0,0.0,2013,1.0,1.0,2825761.0,0.0,0.0,130321.0,Josh Freeman,Patriots,QB
95,0.0,0.0,3,0.0,0.0,855036081.0,1296.0,0.0,0.0,0.0,0.0,0.0,0.0,2013,0.0,0.0,331776.0,0.0,0.0,65536.0,Joe Flacco,Texans,QB
96,0.0,1.0,3,0.0,0.0,1416468496.0,625.0,0.0,0.0,0.0,0.0,0.0,0.0,2013,1.0,0.0,1500625.0,0.0,0.0,390625.0,Matt Schaub,Ravens,QB
97,0.0,0.0,3,0.0,160000.0,506250000.0,625.0,0.0,1.0,0.0,0.0,0.0,0.0,2013,1.0,2401.0,531441.0,0.0,0.0,28561.0,Colin Kaepernick,Colts,QB
98,0.0,1.0,3,0.0,625.0,3049800625.0,625.0,0.0,0.0,0.0,0.0,0.0,0.0,2013,16.0,16.0,2085136.0,0.0,0.0,104976.0,Chad Henne,Seahawks,QB
99,0.0,1.0,3,0.0,0.0,1222830961.0,81.0,0.0,0.0,0.0,0.0,0.0,0.0,2013,16.0,0.0,1500625.0,0.0,0.0,104976.0,Carson Palmer,Saints,QB
100,0.0,1.0,3,0.0,38416.0,200533921.0,81.0,0.0,0.0,0.0,0.0,0.0,0.0,2013,1.0,1.0,279841.0,0.0,0.0,20736.0,Eli Manning,Panthers,QB
101,0.0,1.0,3,0.0,0.0,130321.0,0.0,0.0,0.0,0.0,0.0,0.0,0.0,2013,0.0,0.0,16.0,0.0,0.0,1.0,Matt Flynn,Broncos,QB
102,0.0,0.0,3,0.0,1.0,0.0,0.0,0.0,0.0,0.0,0.0,0.0,0.0,2013,0.0,16.0,0.0,0.0,0.0,0.0,Derek Anderson,Giants,QB
103,0.0,1.0,3,0.0,0.0,65536.0,16.0,0.0,0.0,0.0,0.0,0.0,0.0,2013,1.0,0.0,256.0,0.0,0.0,16.0,Curtis Painter,Panthers,QB
104,0.0,0.0,4,0.0,16.0,29093783761.0,2560000.0,0.0,0.0,0.0,0.0,0.0,0.0,2013,0.0,256.0,2313441.0,256.0,0.0,810000.0,Drew Brees,Dolphins,QB
105,0.0,0.0,4,0.0,0.0,11433811041.0,1874161.0,0.0,0.0,0.0,0.0,0.0,0.0,2013,0.0,0.0,1336336.0,256.0,0.0,614656.0,Peyton Manning,Eagles,QB
106,0.0,0.0,4,0.0,0.0,25856961601.0,1048576.0,0.0,0.0,0.0,0.0,0.0,0.0,2013,1.0,0.0,3111696.0,81.0,0.0,1500625.0,Philip Rivers,Cowboys,QB
107,0.0,0.0,4,0.0,1874161.0,6879707136.0,614656.0,0.0,0.0,0.0,0.0,0.0,0.0,2013,16.0,2401.0,2825761.0,81.0,0.0,331776.0,Alex Smith,Giants,QB
108,0.0,0.0,4,0.0,0.0,31414372081.0,456976.0,0.0,0.0,0.0,0.0,0.0,0.0,2013,1.0,0.0,8503056.0,16.0,0.0,1336336.0,Matt Ryan,Patriots,QB
109,0.0,0.0,4,0.0,83521.0,492884401.0,331776.0,0.0,0.0,0.0,0.0,0.0,0.0,2013,0.0,81.0,331776.0,81.0,0.0,104976.0,Jake Locker,Jets,QB
110,0.0,1.0,4,0.0,16.0,9971220736.0,331776.0,0.0,0.0,0.0,0.0,0.0,0.0,2013,0.0,625.0,923521.0,16.0,0.0,160000.0,Tom Brady,Falcons,QB
111,0.0,0.0,4,0.0,625.0,15882300625.0,234256.0,0.0,0.0,0.0,0.0,0.0,0.0,2013,16.0,1.0,5764801.0,16.0,0.0,923521.0,Matt Schaub,Seahawks,QB
112,0.0,1.0,4,0.0,50625.0,3662186256.0,234256.0,0.0,0.0,0.0,0.0,0.0,0.0,2013,0.0,1.0,1874161.0,16.0,0.0,531441.0,Tony Romo,Chargers,QB
113,0.0,1.0,4,0.0,456976.0,4362470401.0,234256.0,0.0,0.0,0.0,0.0,0.0,0.0,2013,1.0,16.0,1500625.0,16.0,0.0,194481.0,Andrew Luck,Jaguars,QB
114,0.0,0.0,4,0.0,2401.0,5236114321.0,234256.0,0.0,0.0,0.0,0.0,0.0,0.0,2013,0.0,256.0,2085136.0,16.0,0.0,390625.0,Brian Hoyer,Bengals,QB
115,0.0,1.0,4,0.0,6561.0,10098039121.0,194481.0,0.0,1.0,0.0,0.0,16.0,0.0,2013,81.0,1.0,4879681.0,16.0,0.0,531441.0,Jay Cutler,Lions,QB
116,0.0,0.0,4,0.0,625.0,3782742016.0,194481.0,0.0,0.0,0.0,0.0,0.0,0.0,2013,0.0,16.0,390625.0,16.0,0.0,65536.0,Matt Cassel,Steelers,QB
117,0.0,0.0,4,0.0,4096.0,3429742096.0,104976.0,0.0,1.0,0.0,1.0,0.0,0.0,2013,1.0,625.0,1500625.0,1.0,0.0,279841.0,Matthew Stafford,Bears,QB
118,0.0,1.0,4,0.0,0.0,21517662721.0,104976.0,0.0,1.0,0.0,0.0,0.0,0.0,2013,1.0,0.0,6765201.0,1.0,0.0,1679616.0,Ben Roethlisberger,Min,QB
119,0.0,1.0,4,0.0,14641.0,777796321.0,104976.0,0.0,1.0,0.0,0.0,0.0,0.0,2013,0.0,81.0,279841.0,16.0,0.0,50625.0,Colin Kaepernick,Rams,QB
120,0.0,1.0,4,0.0,10000.0,2655237841.0,65536.0,0.0,0.0,0.0,0.0,0.0,0.0,2013,0.0,81.0,923521.0,1.0,0.0,104976.0,Robert Griffin III,Raiders,QB
121,0.0,1.0,4,0.0,0.0,14498327281.0,50625.0,0.0,0.0,0.0,0.0,0.0,0.0,2013,625.0,0.0,6250000.0,16.0,0.0,390625.0,Joe Flacco,Bills,QB
122,0.0,1.0,4,0.0,2825761.0,3782742016.0,28561.0,0.0,0.0,0.0,0.0,0.0,0.0,2013,0.0,4096.0,531441.0,0.0,0.0,38416.0,Michael Vick,Broncos,QB
123,0.0,1.0,4,0.0,5308416.0,3844124001.0,20736.0,0.0,1.0,0.0,0.0,0.0,0.0,2013,81.0,256.0,1500625.0,1.0,0.0,234256.0,Ryan Tannehill,Saints,QB
124,0.0,1.0,4,0.0,2401.0,6975757441.0,14641.0,0.0,16.0,0.0,0.0,0.0,0.0,2013,16.0,81.0,1336336.0,1.0,0.0,279841.0,Geno Smith,Titans,QB
125,0.0,1.0,4,0.0,1296.0,3782742016.0,14641.0,0.0,0.0,0.0,0.0,0.0,0.0,2013,16.0,256.0,2085136.0,1.0,0.0,194481.0,Carson Palmer,Buccaneers,QB
126,0.0,1.0,4,0.0,20736.0,2217373921.0,14641.0,0.0,16.0,0.0,0.0,0.0,0.0,2013,1.0,16.0,1874161.0,1.0,0.0,104976.0,Eli Manning,Chiefs,QB
127,0.0,0.0,4,0.0,256.0,2655237841.0,14641.0,0.0,16.0,0.0,0.0,0.0,0.0,2013,1.0,81.0,1048576.0,1.0,0.0,194481.0,Matt Flynn,Redskins,QB
128,0.0,0.0,4,0.0,256.0,1664966416.0,14641.0,0.0,1.0,0.0,0.0,0.0,0.0,2013,1.0,81.0,2825761.0,1.0,0.0,130321.0,Sam Bradford,49ers,QB
129,0.0,0.0,4,0.0,16.0,136048896.0,10000.0,0.0,0.0,0.0,0.0,0.0,0.0,2013,0.0,16.0,4096.0,1.0,0.0,81.0,Ryan Fitzpatrick,Jets,QB
130,0.0,1.0,4,0.0,35153041.0,228886641.0,6561.0,0.0,0.0,0.0,0.0,0.0,0.0,2013,1.0,10000.0,279841.0,0.0,0.0,20736.0,Russell Wilson,Texans,QB
131,0.0,0.0,4,0.0,1.0,1387488001.0,4096.0,0.0,1.0,0.0,0.0,0.0,0.0,2013,16.0,16.0,3418801.0,1.0,0.0,331776.0,Mike Glennon,Cardinals,QB
132,0.0,0.0,4,0.0,1.0,777796321.0,2401.0,0.0,1.0,0.0,0.0,0.0,0.0,2013,16.0,14641.0,234256.0,1.0,0.0,10000.0,E.J. Manuel,Ravens,QB
133,0.0,1.0,4,0.0,0.0,5764801.0,2401.0,0.0,0.0,0.0,0.0,0.0,0.0,2013,0.0,0.0,256.0,1.0,0.0,81.0,Nick Foles,Broncos,QB
134,0.0,1.0,4,0.0,28561.0,1800814096.0,1296.0,0.0,1.0,0.0,0.0,0.0,0.0,2013,1.0,256.0,3111696.0,0.0,0.0,279841.0,Andy Dalton,Browns,QB
135,0.0,0.0,4,0.0,10000.0,1026625681.0,16.0,0.0,0.0,0.0,0.0,0.0,0.0,2013,81.0,16.0,1048576.0,0.0,0.0,83521.0,Blaine Gabbert,Colts,QB
136,0.0,1.0,4,0.0,0.0,1874161.0,1.0,0.0,0.0,0.0,0.0,0.0,0.0,2013,0.0,0.0,81.0,0.0,0.0,16.0,Matt Hasselbeck,Jaguars,QB
137,0.0,0.0,4,0.0,81.0,10000.0,0.0,0.0,0.0,0.0,0.0,0.0,0.0,2013,0.0,16.0,81.0,0.0,0.0,16.0,Brock Osweiler,Eagles,QB
138,0.0,0.0,4,0.0,16.0,0.0,0.0,0.0,0.0,0.0,0.0,0.0,0.0,2013,0.0,16.0,0.0,0.0,0.0,0.0,Chase Daniel,Giants,QB
139,0.0,0.0,5,0.0,2401.0,65554433296.0,6250000.0,0.0,0.0,0.0,0.0,1.0,0.0,2013,1.0,1.0,1679616.0,625.0,0.0,390625.0,Tony Romo,Broncos,QB
140,0.0,1.0,5,0.0,4096.0,29376588816.0,3748096.0,0.0,0.0,0.0,1.0,0.0,0.0,2013,1.0,256.0,3111696.0,256.0,0.0,1185921.0,Peyton Manning,Cowboys,QB
141,0.0,1.0,5,0.0,108243216.0,1944810000.0,531441.0,0.0,1.0,0.0,0.0,0.0,0.0,2013,1.0,28561.0,923521.0,16.0,0.0,50625.0,Russell Wilson,Colts,QB
142,0.0,1.0,5,0.0,194481.0,1568239201.0,531441.0,0.0,0.0,0.0,0.0,0.0,0.0,2013,0.0,81.0,160000.0,81.0,0.0,65536.0,Geno Smith,Falcons,QB
143,0.0,0.0,5,0.0,531441.0,16426010896.0,531441.0,0.0,1.0,0.0,0.0,0.0,0.0,2013,0.0,256.0,1185921.0,16.0,0.0,331776.0,Jay Cutler,Saints,QB
144,0.0,0.0,5,0.0,256.0,2428912656.0,456976.0,0.0,0.0,0.0,0.0,0.0,0.0,2013,0.0,625.0,1336336.0,81.0,0.0,130321.0,Sam Bradford,Jaguars,QB
145,0.0,0.0,5,0.0,0.0,10355301121.0,279841.0,0.0,1.0,0.0,0.0,0.0,0.0,2013,0.0,0.0,4100625.0,16.0,0.0,1679616.0,Matt Ryan,Jets,QB
146,0.0,0.0,5,0.0,923521.0,2385443281.0,279841.0,0.0,0.0,0.0,0.0,0.0,0.0,2013,0.0,14641.0,279841.0,16.0,0.0,104976.0,Terrelle Pryor,Chargers,QB
147,0.0,1.0,5,0.0,16.0,6879707136.0,279841.0,0.0,0.0,0.0,0.0,0.0,0.0,2013,0.0,1.0,1500625.0,16.0,0.0,707281.0,Drew Brees,Bears,QB
148,0.0,1.0,5,0.0,0.0,28534304241.0,234256.0,0.0,0.0,0.0,0.0,0.0,0.0,2013,81.0,0.0,5308416.0,16.0,0.0,1500625.0,Philip Rivers,Raiders,QB
149,0.0,0.0,5,0.0,6561.0,2750058481.0,234256.0,0.0,1.0,0.0,0.0,1.0,0.0,2013,0.0,256.0,707281.0,16.0,0.0,65536.0,Andrew Luck,Seahawks,QB
150,0.0,0.0,5,0.0,6250000.0,3722098081.0,234256.0,0.0,0.0,1.0,1.0,0.0,0.0,2013,16.0,1296.0,2825761.0,1.0,0.0,194481.0,Ryan Fitzpatrick,Chiefs,QB
151,0.0,0.0,5,0.0,0.0,12444741136.0,130321.0,0.0,0.0,0.0,0.0,0.0,0.0,2013,81.0,0.0,7311616.0,16.0,0.0,331776.0,Eli Manning,Eagles,QB
152,0.0,1.0,5,0.0,1.0,1506138481.0,130321.0,0.0,0.0,0.0,0.0,0.0,0.0,2013,0.0,81.0,390625.0,16.0,0.0,65536.0,Nick Foles,Giants,QB
153,0.0,0.0,5,0.0,1296.0,8882874001.0,104976.0,0.0,0.0,0.0,0.0,0.0,0.0,2013,0.0,16.0,2560000.0,1.0,0.0,194481.0,Ryan Tannehill,Ravens,QB
154,0.0,1.0,5,0.0,1.0,4711998736.0,65536.0,0.0,0.0,0.0,0.0,0.0,0.0,2013,0.0,1.0,2560000.0,1.0,0.0,390625.0,Matthew Stafford,Packers,QB
155,0.0,0.0,5,0.0,4096.0,5636405776.0,65536.0,0.0,0.0,0.0,0.0,0.0,0.0,2013,0.0,625.0,810000.0,1.0,0.0,160000.0,Aaron Rodgers,Lions,QB
156,0.0,0.0,5,0.0,0.0,1506138481.0,28561.0,0.0,0.0,0.0,0.0,0.0,0.0,2013,0.0,81.0,331776.0,1.0,0.0,28561.0,Brandon Weeden,Bills,QB
157,0.0,1.0,5,0.0,38950081.0,121550625.0,14641.0,0.0,0.0,0.0,0.0,0.0,0.0,2013,0.0,2401.0,38416.0,0.0,0.0,1296.0,Michael Vick,Giants,QB
158,0.0,0.0,5,0.0,38416.0,163047361.0,14641.0,0.0,0.0,0.0,0.0,0.0,0.0,2013,0.0,1.0,50625.0,1.0,0.0,1296.0,Colin Kaepernick,Texans,QB
159,0.0,1.0,5,0.0,16.0,62742241.0,6561.0,0.0,0.0,0.0,0.0,0.0,0.0,2013,0.0,1.0,28561.0,1.0,0.0,2401.0,Chad Henne,Rams,QB
160,0.0,1.0,5,0.0,1296.0,1073283121.0,6561.0,0.0,0.0,0.0,0.0,0.0,0.0,2013,16.0,81.0,130321.0,1.0,0.0,6561.0,Blaine Gabbert,Rams,QB
161,0.0,1.0,5,0.0,28561.0,5236114321.0,6561.0,0.0,0.0,0.0,0.0,0.0,0.0,2013,1.0,16.0,1048576.0,0.0,0.0,130321.0,Joe Flacco,Dolphins,QB
162,0.0,1.0,5,0.0,10000.0,3603000625.0,4096.0,0.0,0.0,0.0,0.0,0.0,0.0,2013,1.0,81.0,2313441.0,0.0,0.0,160000.0,Alex Smith,Titans,QB
163,0.0,0.0,5,0.0,390625.0,2019963136.0,4096.0,0.0,0.0,0.0,0.0,0.0,0.0,2013,1.0,1296.0,531441.0,0.0,0.0,160000.0,Andy Dalton,Patriots,QB
164,0.0,0.0,5,0.0,81.0,937890625.0,2401.0,0.0,0.0,0.0,0.0,0.0,0.0,2013,81.0,81.0,614656.0,1.0,0.0,130321.0,Carson Palmer,Panthers,QB
165,0.0,1.0,5,0.0,390625.0,8999178496.0,2401.0,0.0,1.0,0.0,0.0,0.0,0.0,2013,81.0,256.0,2313441.0,0.0,0.0,194481.0,Cam Newton,Cardinals,QB
166,0.0,1.0,5,0.0,38416.0,276922881.0,1296.0,0.0,0.0,0.0,0.0,0.0,0.0,2013,0.0,1.0,160000.0,0.0,0.0,14641.0,E.J. Manuel,Browns,QB
167,0.0,1.0,5,0.0,0.0,1506138481.0,625.0,0.0,0.0,0.0,0.0,0.0,0.0,2013,1.0,0.0,2085136.0,0.0,0.0,104976.0,Tom Brady,Bengals,QB
168,0.0,0.0,5,0.0,14641.0,390625.0,16.0,0.0,0.0,0.0,0.0,0.0,0.0,2013,0.0,1.0,256.0,0.0,0.0,16.0,Brian Hoyer,Bills,QB
169,0.0,1.0,5,0.0,0.0,40960000.0,1.0,0.0,0.0,0.0,0.0,0.0,0.0,2013,1.0,0.0,160000.0,0.0,0.0,4096.0,Jeff Tuel,Browns,QB
170,0.0,1.0,5,0.0,0.0,50625.0,0.0,0.0,0.0,0.0,0.0,0.0,0.0,2013,0.0,1.0,625.0,0.0,0.0,81.0,T.J. Yates,49ers,QB
171,0.0,1.0,5,0.0,0.0,895745041.0,0.0,0.0,0.0,0.0,0.0,0.0,0.0,2013,81.0,0.0,1500625.0,0.0,0.0,130321.0,Matt Schaub,49ers,QB
172,0.0,0.0,5,0.0,81.0,0.0,0.0,0.0,0.0,0.0,0.0,0.0,0.0,2013,0.0,81.0,0.0,0.0,0.0,0.0,Colt McCoy,Texans,QB
173,0.0,1.0,6,0.0,810000.0,3429742096.0,1679616.0,0.0,0.0,0.0,1.0,0.0,0.0,2013,0.0,6561.0,456976.0,81.0,0.0,160000.0,Cam Newton,Min,QB
174,0.0,1.0,6,0.0,16.0,7676563456.0,1500625.0,0.0,0.0,0.0,1.0,0.0,0.0,2013,0.0,81.0,923521.0,81.0,0.0,234256.0,Nick Foles,Buccaneers,QB
175,0.0,1.0,6,0.0,1296.0,3782742016.0,923521.0,0.0,0.0,0.0,0.0,0.0,0.0,2013,1.0,16.0,3418801.0,256.0,0.0,390625.0,Matthew Stafford,Browns,QB
176,0.0,1.0,6,0.0,83521.0,12897917761.0,810000.0,0.0,0.0,0.0,0.0,0.0,0.0,2013,1.0,2401.0,2560000.0,81.0,0.0,456976.0,Andy Dalton,Bills,QB
177,0.0,0.0,6,0.0,83521.0,2176782336.0,456976.0,0.0,1.0,0.0,1.0,0.0,0.0,2013,0.0,2401.0,1048576.0,16.0,0.0,130321.0,Thaddeus Lewis,Bengals,QB
178,0.0,0.0,6,0.0,1296.0,13680577296.0,331776.0,0.0,1.0,0.0,0.0,0.0,0.0,2013,0.0,1.0,1336336.0,16.0,0.0,160000.0,Joe Flacco,Packers,QB
179,0.0,0.0,6,0.0,160000.0,4711998736.0,331776.0,0.0,0.0,0.0,0.0,0.0,0.0,2013,0.0,81.0,1679616.0,16.0,0.0,331776.0,Jay Cutler,Giants,QB
180,0.0,0.0,6,0.0,160000.0,5554571841.0,234256.0,0.0,0.0,0.0,0.0,0.0,0.0,2013,1.0,81.0,3418801.0,16.0,0.0,456976.0,Mike Glennon,Eagles,QB
181,0.0,1.0,6,0.0,256.0,187388721.0,234256.0,0.0,0.0,0.0,0.0,0.0,0.0,2013,0.0,1.0,65536.0,81.0,0.0,20736.0,Sam Bradford,Texans,QB
182,0.0,0.0,6,0.0,10000.0,7269949696.0,160000.0,0.0,0.0,0.0,0.0,0.0,0.0,2013,16.0,16.0,3418801.0,16.0,0.0,456976.0,Brandon Weeden,Lions,QB
183,0.0,0.0,6,0.0,104976.0,4032758016.0,160000.0,0.0,1.0,0.0,0.0,0.0,0.0,2013,1.0,256.0,707281.0,16.0,0.0,65536.0,Colin Kaepernick,Cardinals,QB
184,0.0,1.0,6,0.0,14641.0,3102044416.0,160000.0,0.0,0.0,0.0,0.0,0.0,0.0,2013,1.0,16.0,1679616.0,16.0,0.0,83521.0,Drew Brees,Patriots,QB
185,0.0,1.0,6,0.0,0.0,7886150416.0,130321.0,0.0,0.0,0.0,0.0,0.0,0.0,2013,16.0,0.0,2825761.0,16.0,0.0,390625.0,Carson Palmer,49ers,QB
186,0.0,0.0,6,0.0,2401.0,7573350625.0,130321.0,0.0,16.0,0.0,0.0,0.0,0.0,2013,1.0,625.0,3111696.0,16.0,0.0,614656.0,Peyton Manning,Jaguars,QB
187,0.0,1.0,6,0.0,194481.0,9845600625.0,104976.0,0.0,0.0,0.0,0.0,0.0,0.0,2013,1.0,625.0,1048576.0,1.0,0.0,83521.0,Aaron Rodgers,Ravens,QB
188,0.0,1.0,6,0.0,14641.0,4857532416.0,83521.0,0.0,0.0,0.0,0.0,0.0,0.0,2013,0.0,16.0,810000.0,1.0,0.0,279841.0,Ben Roethlisberger,Jets,QB
189,0.0,0.0,6,0.0,13845841.0,4362470401.0,65536.0,0.0,0.0,0.0,0.0,0.0,0.0,2013,0.0,10000.0,923521.0,0.0,0.0,279841.0,Russell Wilson,Titans,QB
190,0.0,0.0,6,0.0,1.0,3154956561.0,50625.0,0.0,0.0,0.0,0.0,0.0,0.0,2013,0.0,1.0,1185921.0,1.0,0.0,234256.0,Philip Rivers,Colts,QB
191,0.0,0.0,6,0.0,65536.0,5236114321.0,50625.0,0.0,0.0,0.0,0.0,0.0,0.0,2013,1.0,16.0,3418801.0,1.0,0.0,390625.0,Tom Brady,Saints,QB
192,0.0,1.0,6,0.0,9834496.0,2176782336.0,28561.0,0.0,0.0,0.0,0.0,0.0,0.0,2013,81.0,2401.0,1336336.0,1.0,0.0,104976.0,Terrelle Pryor,Chiefs,QB
193,0.0,1.0,6,0.0,35153041.0,3662186256.0,28561.0,0.0,1.0,0.0,0.0,0.0,0.0,2013,1.0,6561.0,2313441.0,0.0,0.0,130321.0,Robert Griffin III,Cowboys,QB
194,0.0,0.0,6,0.0,2401.0,3373402561.0,14641.0,0.0,0.0,0.0,0.0,0.0,0.0,2013,16.0,16.0,3748096.0,1.0,0.0,1048576.0,Matt Cassel,Panthers,QB
195,0.0,0.0,6,0.0,0.0,835210000.0,10000.0,0.0,0.0,0.0,0.0,0.0,0.0,2013,1.0,0.0,810000.0,1.0,0.0,104976.0,Tony Romo,Redskins,QB
196,0.0,1.0,6,0.0,0.0,3262808641.0,6561.0,0.0,0.0,0.0,0.0,0.0,0.0,2013,81.0,0.0,456976.0,1.0,0.0,38416.0,Eli Manning,Bears,QB
197,0.0,1.0,6,0.0,81.0,8428892481.0,4096.0,0.0,0.0,0.0,0.0,0.0,0.0,2013,16.0,16.0,3111696.0,0.0,0.0,531441.0,Chad Henne,Broncos,QB
198,0.0,0.0,6,0.0,707281.0,268435456.0,2401.0,0.0,0.0,0.0,0.0,0.0,0.0,2013,0.0,256.0,923521.0,0.0,0.0,38416.0,Alex Smith,Raiders,QB
199,0.0,0.0,6,0.0,0.0,1196883216.0,2401.0,0.0,0.0,0.0,0.0,0.0,0.0,2013,0.0,0.0,194481.0,0.0,0.0,50625.0,Matt Schaub,Rams,QB
200,0.0,1.0,6,0.0,130321.0,1664966416.0,2401.0,0.0,0.0,0.0,0.0,0.0,0.0,2013,1.0,256.0,810000.0,0.0,0.0,104976.0,Andrew Luck,Chargers,QB
201,0.0,1.0,6,0.0,1185921.0,855036081.0,625.0,0.0,0.0,0.0,0.0,0.0,0.0,2013,16.0,1296.0,707281.0,0.0,0.0,83521.0,Ryan Fitzpatrick,Seahawks,QB
202,0.0,0.0,6,0.0,4096.0,1632240801.0,256.0,0.0,0.0,0.0,0.0,0.0,0.0,2013,16.0,81.0,1336336.0,0.0,0.0,130321.0,Geno Smith,Steelers,QB
203,331776.0,0.0,6,0.0,0.0,0.0,16.0,0.0,0.0,81.0,0.0,0.0,0.0,2013,0.0,0.0,0.0,0.0,0.0,0.0,Joe Webb,Panthers,QB
204,0.0,1.0,6,0.0,1.0,0.0,0.0,0.0,0.0,0.0,0.0,0.0,0.0,2013,0.0,16.0,0.0,0.0,0.0,0.0,Derek Anderson,Min,QB
205,0.0,0.0,6,0.0,0.0,92236816.0,1.0,0.0,0.0,0.0,0.0,0.0,0.0,2013,16.0,0.0,83521.0,0.0,0.0,20736.0,T.J. Yates,Rams,QB
206,0.0,0.0,7,0.0,707281.0,2702336256.0,1500625.0,0.0,0.0,0.0,1.0,0.0,0.0,2013,0.0,256.0,2085136.0,81.0,0.0,194481.0,Andrew Luck,Broncos,QB
207,0.0,0.0,7,0.0,0.0,16243247601.0,1048576.0,0.0,0.0,0.0,0.0,0.0,0.0,2013,0.0,0.0,6765201.0,81.0,0.0,614656.0,Matthew Stafford,Bengals,QB
208,0.0,1.0,7,0.0,1296.0,19150131456.0,1048576.0,0.0,0.0,0.0,0.0,0.0,0.0,2013,0.0,1.0,1336336.0,81.0,0.0,331776.0,Andy Dalton,Lions,QB
209,0.0,1.0,7,0.0,1.0,22199808016.0,923521.0,0.0,0.0,0.0,0.0,0.0,0.0,2013,1.0,1.0,5764801.0,81.0,0.0,707281.0,Peyton Manning,Colts,QB
210,0.0,0.0,7,0.0,20736.0,4569760000.0,707281.0,0.0,0.0,0.0,0.0,0.0,0.0,2013,0.0,256.0,1679616.0,81.0,0.0,390625.0,Aaron Rodgers,Browns,QB
211,0.0,0.0,7,0.0,49787136.0,7886150416.0,707281.0,0.0,0.0,0.0,0.0,0.0,0.0,2013,1.0,14641.0,707281.0,16.0,0.0,104976.0,Robert Griffin III,Bears,QB
212,0.0,0.0,7,0.0,20736.0,5554571841.0,614656.0,0.0,0.0,0.0,0.0,0.0,0.0,2013,0.0,81.0,456976.0,81.0,0.0,160000.0,Matt Ryan,Buccaneers,QB
213,0.0,1.0,7,0.0,707281.0,3049800625.0,531441.0,0.0,16.0,0.0,0.0,0.0,0.0,2013,0.0,4096.0,707281.0,81.0,0.0,104976.0,Russell Wilson,Cardinals,QB
214,0.0,0.0,7,0.0,707281.0,11294588176.0,390625.0,0.0,0.0,0.0,0.0,0.0,0.0,2013,1.0,81.0,2825761.0,16.0,0.0,390625.0,Jake Locker,49ers,QB
215,0.0,0.0,7,0.0,1048576.0,2947295521.0,234256.0,0.0,0.0,0.0,1.0,0.0,0.0,2013,1.0,1296.0,1185921.0,1.0,0.0,83521.0,Geno Smith,Patriots,QB
216,0.0,1.0,7,0.0,28561.0,4294967296.0,234256.0,0.0,1.0,0.0,0.0,0.0,0.0,2013,0.0,1.0,3748096.0,16.0,0.0,456976.0,Mike Glennon,Falcons,QB
217,0.0,0.0,7,0.0,625.0,1416468496.0,160000.0,0.0,1.0,0.0,0.0,0.0,0.0,2013,16.0,81.0,1874161.0,81.0,0.0,130321.0,Ryan Tannehill,Bills,QB
218,0.0,1.0,7,0.0,21381376.0,1568239201.0,130321.0,0.0,0.0,0.0,1.0,0.0,0.0,2013,0.0,14641.0,194481.0,0.0,0.0,28561.0,Colin Kaepernick,Titans,QB
219,0.0,1.0,7,0.0,256.0,6597500625.0,83521.0,0.0,0.0,0.0,0.0,0.0,0.0,2013,0.0,16.0,456976.0,1.0,0.0,234256.0,Philip Rivers,Jaguars,QB
220,0.0,1.0,7,0.0,1185921.0,1731891456.0,83521.0,0.0,0.0,0.0,0.0,0.0,0.0,2013,0.0,256.0,160000.0,1.0,0.0,38416.0,Josh McCown,Redskins,QB
221,0.0,0.0,7,0.0,456976.0,1731891456.0,65536.0,0.0,0.0,0.0,0.0,0.0,0.0,2013,0.0,10000.0,83521.0,1.0,0.0,50625.0,Cam Newton,Rams,QB
222,0.0,1.0,7,0.0,10000.0,5393580481.0,65536.0,0.0,1.0,0.0,0.0,0.0,0.0,2013,0.0,81.0,390625.0,1.0,0.0,50625.0,Case Keenum,Chiefs,QB
223,256.0,0.0,7,0.0,614656.0,3317760000.0,50625.0,0.0,0.0,1.0,1.0,0.0,0.0,2013,1.0,1296.0,1336336.0,0.0,0.0,279841.0,Alex Smith,Texans,QB
224,0.0,1.0,7,0.0,38416.0,2136750625.0,50625.0,0.0,0.0,0.0,0.0,0.0,0.0,2013,0.0,16.0,1336336.0,1.0,0.0,331776.0,Joe Flacco,Steelers,QB
225,0.0,1.0,7,0.0,16.0,10098039121.0,38416.0,0.0,0.0,0.0,0.0,0.0,0.0,2013,16.0,256.0,4879681.0,1.0,0.0,614656.0,Tony Romo,Eagles,QB
226,0.0,0.0,7,0.0,390625.0,655360000.0,38416.0,0.0,0.0,0.0,0.0,0.0,0.0,2013,0.0,81.0,279841.0,1.0,0.0,83521.0,Ben Roethlisberger,Ravens,QB
227,0.0,0.0,7,0.0,625.0,1600000000.0,38416.0,0.0,0.0,0.0,0.0,0.0,0.0,2013,0.0,81.0,2313441.0,1.0,0.0,279841.0,Eli Manning,Min,QB
228,0.0,1.0,7,0.0,1.0,4228250625.0,38416.0,0.0,0.0,0.0,0.0,0.0,0.0,2013,1.0,1.0,810000.0,1.0,0.0,194481.0,Sam Bradford,Panthers,QB
229,0.0,0.0,7,0.0,625.0,4430766096.0,20736.0,0.0,0.0,0.0,0.0,0.0,0.0,2013,16.0,16.0,4100625.0,1.0,0.0,810000.0,Carson Palmer,Seahawks,QB
230,0.0,1.0,7,0.0,160000.0,492884401.0,14641.0,0.0,0.0,0.0,0.0,0.0,0.0,2013,1.0,16.0,3111696.0,1.0,0.0,83521.0,Brandon Weeden,Packers,QB
231,0.0,0.0,7,0.0,625.0,10226063376.0,10000.0,0.0,0.0,0.0,0.0,0.0,0.0,2013,1.0,256.0,1679616.0,0.0,0.0,279841.0,Chad Henne,Chargers,QB
232,0.0,1.0,7,0.0,28561.0,1664966416.0,2401.0,0.0,0.0,0.0,0.0,0.0,0.0,2013,1.0,625.0,1048576.0,0.0,0.0,194481.0,Thaddeus Lewis,Dolphins,QB
233,0.0,1.0,7,0.0,0.0,2702336256.0,2401.0,0.0,0.0,0.0,0.0,0.0,0.0,2013,1.0,0.0,4477456.0,0.0,0.0,234256.0,Tom Brady,Jets,QB
234,0.0,1.0,7,0.0,0.0,1303210000.0,625.0,0.0,0.0,0.0,0.0,0.0,0.0,2013,1.0,0.0,7890481.0,0.0,0.0,160000.0,Josh Freeman,Giants,QB
235,0.0,0.0,7,0.0,390625.0,40960000.0,625.0,0.0,0.0,0.0,0.0,0.0,0.0,2013,0.0,81.0,707281.0,0.0,0.0,14641.0,Nick Foles,Cowboys,QB
236,0.0,1.0,7,0.0,81.0,0.0,0.0,0.0,0.0,0.0,0.0,0.0,0.0,2013,0.0,81.0,0.0,0.0,0.0,0.0,Charlie Whitehurst,Jaguars,QB
237,0.0,1.0,7,0.0,0.0,614656.0,1.0,0.0,0.0,0.0,0.0,0.0,0.0,2013,1.0,0.0,4096.0,0.0,0.0,81.0,Jay Cutler,Redskins,QB
238,0.0,1.0,7,0.0,0.0,130321.0,1.0,0.0,1.0,0.0,0.0,0.0,0.0,2013,0.0,0.0,256.0,0.0,0.0,16.0,Kellen Clemens,Panthers,QB
239,0.0,0.0,7,0.0,0.0,276922881.0,1.0,0.0,0.0,0.0,0.0,0.0,0.0,2013,81.0,0.0,160000.0,0.0,0.0,14641.0,Matt Barkley,Cowboys,QB
240,0.0,0.0,8,0.0,1.0,12149330176.0,3418801.0,0.0,0.0,0.0,0.0,0.0,0.0,2013,0.0,256.0,1336336.0,625.0,0.0,456976.0,Drew Brees,Bills,QB
241,0.0,0.0,8,0.0,0.0,11156640625.0,2825761.0,0.0,0.0,0.0,0.0,0.0,0.0,2013,1.0,0.0,810000.0,625.0,0.0,130321.0,Andy Dalton,Jets,QB
242,0.0,1.0,8,0.0,6250000.0,2385443281.0,923521.0,0.0,0.0,0.0,1.0,0.0,0.0,2013,0.0,14641.0,1048576.0,16.0,0.0,279841.0,Cam Newton,Buccaneers,QB
243,0.0,0.0,8,0.0,81.0,15704099856.0,923521.0,0.0,1.0,0.0,0.0,0.0,0.0,2013,81.0,256.0,3748096.0,256.0,0.0,810000.0,Peyton Manning,Redskins,QB
244,0.0,1.0,8,0.0,8503056.0,723394816.0,707281.0,0.0,0.0,0.0,16.0,0.0,0.0,2013,0.0,2401.0,65536.0,1.0,0.0,10000.0,Colin Kaepernick,Jaguars,QB
245,0.0,0.0,8,0.0,20736.0,56712564736.0,614656.0,0.0,0.0,0.0,1.0,0.0,0.0,2013,16.0,81.0,5308416.0,1.0,0.0,1185921.0,Matthew Stafford,Cowboys,QB
246,0.0,1.0,8,0.0,1296.0,1800814096.0,456976.0,0.0,0.0,0.0,0.0,0.0,0.0,2013,0.0,81.0,810000.0,81.0,0.0,38416.0,Tony Romo,Lions,QB
247,0.0,1.0,8,0.0,923521.0,6597500625.0,456976.0,0.0,0.0,0.0,0.0,0.0,0.0,2013,0.0,1296.0,707281.0,16.0,0.0,331776.0,Aaron Rodgers,Min,QB
248,0.0,0.0,8,0.0,2560000.0,2562890625.0,390625.0,0.0,0.0,0.0,0.0,0.0,0.0,2013,0.0,1296.0,1679616.0,16.0,0.0,331776.0,Alex Smith,Browns,QB
249,0.0,1.0,8,0.0,83521.0,7370050801.0,331776.0,0.0,0.0,0.0,0.0,0.0,0.0,2013,0.0,81.0,1679616.0,16.0,0.0,234256.0,Jason Campbell,Chiefs,QB
250,0.0,1.0,8,0.0,65536.0,373301041.0,104976.0,0.0,0.0,0.0,0.0,0.0,0.0,2013,0.0,81.0,104976.0,16.0,0.0,10000.0,Russell Wilson,Rams,QB
251,0.0,0.0,8,0.0,16.0,5719140625.0,83521.0,0.0,0.0,0.0,0.0,0.0,0.0,2013,0.0,81.0,6765201.0,1.0,0.0,810000.0,Mike Glennon,Panthers,QB
252,0.0,0.0,8,0.0,6561.0,875213056.0,65536.0,0.0,0.0,0.0,0.0,0.0,0.0,2013,1.0,1.0,104976.0,16.0,0.0,28561.0,Carson Palmer,Falcons,QB
253,0.0,1.0,8,0.0,20736.0,1358954496.0,50625.0,0.0,1.0,0.0,0.0,0.0,0.0,2013,16.0,1.0,3111696.0,16.0,0.0,234256.0,Ryan Tannehill,Patriots,QB
254,0.0,0.0,8,0.0,126247696.0,59969536.0,50625.0,0.0,0.0,0.0,1.0,0.0,0.0,2013,16.0,6561.0,130321.0,0.0,0.0,10000.0,Terrelle Pryor,Steelers,QB
255,0.0,0.0,8,0.0,1.0,2702336256.0,50625.0,0.0,0.0,0.0,0.0,0.0,0.0,2013,0.0,1.0,4100625.0,1.0,0.0,707281.0,Chad Henne,49ers,QB
256,0.0,0.0,8,0.0,2085136.0,442050625.0,38416.0,0.0,0.0,0.0,1.0,0.0,0.0,2013,0.0,625.0,194481.0,0.0,0.0,38416.0,Christian Ponder,Packers,QB
257,0.0,1.0,8,0.0,1.0,5719140625.0,28561.0,0.0,0.0,0.0,0.0,0.0,0.0,2013,16.0,1.0,4100625.0,1.0,0.0,707281.0,Ben Roethlisberger,Raiders,QB
258,0.0,1.0,8,0.0,28561.0,8208541201.0,14641.0,0.0,0.0,0.0,0.0,0.0,0.0,2013,256.0,1.0,13845841.0,1.0,0.0,1336336.0,Matt Ryan,Cardinals,QB
259,0.0,1.0,8,0.0,625.0,2998219536.0,14641.0,0.0,16.0,0.0,0.0,0.0,0.0,2013,1.0,16.0,2313441.0,1.0,0.0,234256.0,Thaddeus Lewis,Saints,QB
260,0.0,1.0,8,0.0,1.0,3662186256.0,6561.0,0.0,0.0,0.0,0.0,0.0,0.0,2013,0.0,1.0,2313441.0,0.0,0.0,390625.0,Eli Manning,Eagles,QB
261,0.0,0.0,8,0.0,625.0,181063936.0,4096.0,0.0,0.0,0.0,0.0,0.0,0.0,2013,1.0,256.0,234256.0,1.0,0.0,28561.0,Tom Brady,Dolphins,QB
262,0.0,1.0,8,0.0,2401.0,303595776.0,1296.0,0.0,1.0,0.0,0.0,0.0,0.0,2013,16.0,625.0,810000.0,1.0,0.0,50625.0,Robert Griffin III,Broncos,QB
263,0.0,1.0,8,0.0,1500625.0,83521.0,81.0,0.0,0.0,0.0,0.0,0.0,0.0,2013,0.0,81.0,2401.0,0.0,0.0,81.0,Matt Simms,Bengals,QB
264,0.0,0.0,8,0.0,14641.0,623201296.0,81.0,0.0,0.0,0.0,0.0,0.0,0.0,2013,16.0,16.0,923521.0,0.0,0.0,50625.0,Kellen Clemens,Seahawks,QB
265,0.0,0.0,8,0.0,0.0,623201296.0,81.0,0.0,1.0,0.0,0.0,0.0,0.0,2013,1.0,0.0,456976.0,0.0,0.0,83521.0,Matt Barkley,Giants,QB
266,0.0,1.0,8,0.0,4096.0,639128961.0,16.0,0.0,0.0,0.0,0.0,0.0,0.0,2013,16.0,16.0,810000.0,0.0,0.0,160000.0,Geno Smith,Bengals,QB
267,0.0,0.0,8,0.0,83521.0,0.0,1.0,0.0,0.0,0.0,0.0,0.0,0.0,2013,0.0,81.0,0.0,0.0,0.0,0.0,Josh Johnson,Jets,QB
268,0.0,1.0,8,0.0,0.0,28561.0,0.0,0.0,0.0,0.0,0.0,0.0,0.0,2013,0.0,0.0,1.0,0.0,0.0,1.0,Colt McCoy,Jaguars,QB
269,0.0,0.0,8,0.0,1.0,810000.0,1.0,0.0,0.0,0.0,0.0,0.0,0.0,2013,1.0,1.0,6561.0,0.0,0.0,1296.0,Michael Vick,Giants,QB
270,0.0,1.0,8,0.0,1.0,5308416.0,81.0,0.0,0.0,0.0,0.0,0.0,0.0,2013,16.0,1.0,6561.0,0.0,0.0,625.0,Kirk Cousins,Broncos,QB
271,0.0,1.0,9,0.0,10000.0,27170906896.0,12117361.0,0.0,0.0,0.0,0.0,0.0,0.0,2013,0.0,256.0,614656.0,2401.0,0.0,234256.0,Nick Foles,Raiders,QB
272,0.0,0.0,9,0.0,1.0,34828517376.0,2825761.0,0.0,0.0,0.0,0.0,0.0,0.0,2013,0.0,1.0,1185921.0,256.0,0.0,279841.0,Tom Brady,Steelers,QB
273,0.0,1.0,9,0.0,1.0,25600000000.0,1500625.0,0.0,1.0,0.0,0.0,0.0,0.0,2013,16.0,16.0,5308416.0,256.0,0.0,614656.0,Ben Roethlisberger,Patriots,QB
274,0.0,0.0,9,0.0,456976.0,15006250000.0,1336336.0,0.0,0.0,0.0,0.0,0.0,0.0,2013,0.0,81.0,1336336.0,81.0,0.0,160000.0,Case Keenum,Colts,QB
275,0.0,1.0,9,0.0,0.0,5393580481.0,810000.0,0.0,0.0,0.0,0.0,1.0,0.0,2013,0.0,0.0,2560000.0,81.0,0.0,104976.0,Andrew Luck,Texans,QB
276,0.0,0.0,9,0.0,160000.0,4711998736.0,810000.0,0.0,0.0,0.0,0.0,0.0,0.0,2013,0.0,256.0,1500625.0,81.0,0.0,279841.0,Jason Campbell,Ravens,QB
277,0.0,0.0,9,0.0,1679616.0,2217373921.0,390625.0,0.0,0.0,0.0,1.0,0.0,0.0,2013,16.0,1296.0,456976.0,16.0,0.0,130321.0,Russell Wilson,Buccaneers,QB
278,0.0,1.0,9,0.0,160000.0,5473632256.0,331776.0,0.0,0.0,0.0,0.0,0.0,0.0,2013,0.0,1.0,2825761.0,16.0,0.0,234256.0,Josh McCown,Packers,QB
279,0.0,1.0,9,0.0,390625.0,3906250000.0,331776.0,0.0,0.0,0.0,0.0,1.0,0.0,2013,1.0,81.0,2825761.0,16.0,0.0,331776.0,Joe Flacco,Browns,QB
280,0.0,0.0,9,0.0,4096.0,12897917761.0,279841.0,0.0,0.0,0.0,0.0,0.0,0.0,2013,1.0,1.0,6765201.0,16.0,0.0,1336336.0,Tony Romo,Min,QB
281,0.0,1.0,9,0.0,1.0,21293813776.0,279841.0,0.0,0.0,0.0,0.0,0.0,0.0,2013,16.0,1.0,6765201.0,16.0,0.0,810000.0,Drew Brees,Jets,QB
282,0.0,1.0,9,0.0,38416.0,13521270961.0,234256.0,0.0,0.0,0.0,0.0,0.0,0.0,2013,16.0,16.0,4477456.0,16.0,0.0,707281.0,Philip Rivers,Redskins,QB
283,0.0,1.0,9,0.0,707281.0,3102044416.0,160000.0,0.0,1.0,0.0,1.0,0.0,0.0,2013,1.0,256.0,1874161.0,1.0,0.0,390625.0,Christian Ponder,Cowboys,QB
284,0.0,0.0,9,0.0,234256.0,3844124001.0,130321.0,0.0,0.0,0.0,1.0,0.0,0.0,2013,16.0,625.0,1874161.0,1.0,0.0,279841.0,Cam Newton,Falcons,QB
285,0.0,1.0,9,0.0,28561.0,796594176.0,130321.0,0.0,0.0,0.0,0.0,0.0,0.0,2013,0.0,256.0,279841.0,16.0,0.0,83521.0,Mike Glennon,Seahawks,QB
286,0.0,0.0,9,0.0,78074896.0,6879707136.0,65536.0,0.0,0.0,0.0,0.0,0.0,0.0,2013,16.0,10000.0,2825761.0,0.0,0.0,234256.0,Terrelle Pryor,Eagles,QB
287,0.0,0.0,9,0.0,1.0,1871773696.0,38416.0,0.0,0.0,0.0,1.0,0.0,0.0,2013,0.0,1.0,614656.0,0.0,0.0,160000.0,Ryan Tannehill,Bengals,QB
288,0.0,0.0,9,0.0,65536.0,1944810000.0,38416.0,0.0,1.0,0.0,0.0,0.0,0.0,2013,0.0,1.0,1500625.0,1.0,0.0,160000.0,Kellen Clemens,Titans,QB
289,0.0,0.0,9,0.0,83521.0,2750058481.0,20736.0,0.0,0.0,0.0,0.0,0.0,0.0,2013,16.0,81.0,2313441.0,1.0,0.0,104976.0,Jeff Tuel,Chiefs,QB
290,0.0,0.0,9,0.0,104976.0,174900625.0,14641.0,0.0,0.0,0.0,1.0,0.0,0.0,2013,0.0,1296.0,130321.0,0.0,0.0,4096.0,Geno Smith,Saints,QB
291,0.0,1.0,9,0.0,10000.0,1171350625.0,10000.0,0.0,0.0,0.0,1.0,0.0,0.0,2013,16.0,81.0,234256.0,0.0,0.0,28561.0,Jake Locker,Rams,QB
292,0.0,0.0,9,0.0,83521.0,7170871761.0,10000.0,0.0,0.0,0.0,0.0,0.0,0.0,2013,1.0,1296.0,1048576.0,0.0,0.0,279841.0,Robert Griffin III,Chargers,QB
293,0.0,1.0,9,0.0,16.0,2300257521.0,4096.0,0.0,0.0,0.0,0.0,0.0,0.0,2013,81.0,16.0,531441.0,1.0,0.0,160000.0,Matt Ryan,Panthers,QB
294,0.0,1.0,9,0.0,20736.0,13051691536.0,2401.0,0.0,1.0,0.0,0.0,0.0,0.0,2013,81.0,625.0,7890481.0,0.0,0.0,1048576.0,Andy Dalton,Dolphins,QB
295,0.0,1.0,9,0.0,2401.0,236421376.0,256.0,0.0,0.0,0.0,0.0,0.0,0.0,2013,0.0,256.0,707281.0,0.0,0.0,130321.0,Alex Smith,Bills,QB
296,0.0,0.0,9,0.0,0.0,57289761.0,81.0,0.0,0.0,0.0,0.0,0.0,0.0,2013,0.0,0.0,50625.0,0.0,0.0,2401.0,Matt McGloin,Eagles,QB
297,0.0,0.0,9,0.0,0.0,168896016.0,16.0,0.0,0.0,0.0,0.0,0.0,0.0,2013,1.0,0.0,130321.0,0.0,0.0,14641.0,Seneca Wallace,Bears,QB
298,0.0,0.0,9,0.0,6561.0,531441.0,1.0,0.0,0.0,0.0,0.0,0.0,0.0,2013,0.0,1.0,16.0,0.0,0.0,1.0,Aaron Rodgers,Bears,QB
299,10000.0,0.0,9,0.0,0.0,0.0,1.0,0.0,0.0,1.0,0.0,0.0,0.0,2013,0.0,0.0,0.0,0.0,0.0,0.0,Armanti Edwards,Ravens,QB
300,0.0,0.0,9,0.0,0.0,16.0,0.0,0.0,0.0,0.0,0.0,0.0,0.0,2013,0.0,0.0,16.0,0.0,0.0,1.0,Brandon Weeden,Ravens,QB
301,0.0,1.0,9,0.0,16.0,28561.0,0.0,0.0,0.0,0.0,0.0,0.0,0.0,2013,0.0,16.0,81.0,0.0,0.0,16.0,Matt Barkley,Raiders,QB
302,0.0,0.0,10,0.0,0.0,23612624896.0,2313441.0,0.0,0.0,0.0,0.0,0.0,0.0,2013,0.0,0.0,2825761.0,256.0,0.0,1336336.0,Drew Brees,Cowboys,QB
303,0.0,1.0,10,0.0,1.0,11859210000.0,1679616.0,0.0,1.0,0.0,0.0,0.0,0.0,2013,0.0,16.0,1679616.0,256.0,0.0,390625.0,Peyton Manning,Chargers,QB
304,0.0,1.0,10,0.0,3748096.0,6234839521.0,1185921.0,0.0,0.0,0.0,0.0,0.0,0.0,2013,0.0,2401.0,1874161.0,81.0,0.0,331776.0,Robert Griffin III,Min,QB
305,0.0,1.0,10,0.0,2085136.0,2702336256.0,707281.0,0.0,1.0,0.0,0.0,0.0,0.0,2013,0.0,4096.0,104976.0,81.0,0.0,20736.0,Nick Foles,Packers,QB
306,0.0,0.0,10,0.0,28561.0,4857532416.0,614656.0,0.0,1.0,0.0,1.0,0.0,0.0,2013,0.0,81.0,1185921.0,16.0,0.0,234256.0,Ryan Fitzpatrick,Jaguars,QB
307,0.0,1.0,10,0.0,28561.0,1632240801.0,456976.0,0.0,1.0,0.0,0.0,0.0,0.0,2013,0.0,16.0,3418801.0,81.0,0.0,234256.0,Case Keenum,Cardinals,QB
308,0.0,1.0,10,0.0,160000.0,6784652161.0,390625.0,0.0,0.0,0.0,0.0,0.0,0.0,2013,0.0,81.0,456976.0,16.0,0.0,130321.0,Russell Wilson,Falcons,QB
309,0.0,1.0,10,0.0,1.0,2300257521.0,331776.0,0.0,0.0,0.0,0.0,0.0,0.0,2013,1.0,16.0,1500625.0,81.0,0.0,104976.0,Matthew Stafford,Bears,QB
310,0.0,1.0,10,0.0,16.0,3722098081.0,160000.0,0.0,1.0,0.0,0.0,0.0,0.0,2013,0.0,81.0,65536.0,16.0,0.0,6561.0,Kellen Clemens,Colts,QB
311,0.0,1.0,10,0.0,16.0,2750058481.0,130321.0,0.0,0.0,0.0,0.0,0.0,0.0,2013,1.0,1.0,3111696.0,16.0,0.0,531441.0,Ryan Tannehill,Buccaneers,QB
312,0.0,0.0,10,0.0,16.0,3373402561.0,104976.0,0.0,1.0,0.0,0.0,0.0,0.0,2013,1.0,16.0,1048576.0,16.0,0.0,160000.0,Carson Palmer,Texans,QB
313,0.0,1.0,10,0.0,234256.0,5636405776.0,104976.0,0.0,0.0,0.0,0.0,0.0,0.0,2013,81.0,1296.0,6765201.0,16.0,0.0,331776.0,Andy Dalton,Ravens,QB
314,0.0,0.0,10,0.0,28561.0,916636176.0,83521.0,0.0,0.0,0.0,0.0,0.0,0.0,2013,1.0,16.0,194481.0,16.0,0.0,83521.0,Christian Ponder,Redskins,QB
315,0.0,0.0,10,0.0,83521.0,15527402881.0,65536.0,0.0,1.0,0.0,0.0,1.0,0.0,2013,81.0,256.0,4879681.0,1.0,0.0,707281.0,Andrew Luck,Rams,QB
316,0.0,0.0,10,0.0,130321.0,6146560000.0,38416.0,0.0,0.0,0.0,0.0,0.0,0.0,2013,16.0,1.0,2313441.0,1.0,0.0,331776.0,Scott Tolzien,Eagles,QB
317,0.0,0.0,10,0.0,2401.0,2258530576.0,38416.0,0.0,0.0,0.0,0.0,0.0,0.0,2013,0.0,625.0,707281.0,1.0,0.0,130321.0,Philip Rivers,Broncos,QB
318,0.0,0.0,10,0.0,0.0,3906250000.0,38416.0,0.0,0.0,0.0,0.0,0.0,0.0,2013,1.0,0.0,2560000.0,1.0,0.0,194481.0,Jay Cutler,Lions,QB
319,0.0,0.0,10,0.0,50625.0,875213056.0,28561.0,0.0,0.0,0.0,0.0,0.0,0.0,2013,0.0,81.0,1679616.0,1.0,0.0,279841.0,Matt Ryan,Seahawks,QB
320,0.0,0.0,10,0.0,0.0,1731891456.0,20736.0,0.0,0.0,0.0,0.0,0.0,0.0,2013,1.0,0.0,810000.0,1.0,0.0,104976.0,Ben Roethlisberger,Bills,QB
321,0.0,0.0,10,0.0,256.0,384160000.0,20736.0,0.0,1.0,0.0,0.0,0.0,0.0,2013,16.0,1.0,1679616.0,16.0,0.0,160000.0,Joe Flacco,Bengals,QB
322,0.0,1.0,10,0.0,0.0,268435456.0,14641.0,0.0,0.0,0.0,0.0,0.0,0.0,2013,0.0,0.0,331776.0,1.0,0.0,10000.0,Tony Romo,Saints,QB
323,0.0,1.0,10,0.0,83521.0,577200625.0,14641.0,0.0,0.0,0.0,0.0,0.0,0.0,2013,1.0,16.0,2313441.0,1.0,0.0,234256.0,E.J. Manuel,Steelers,QB
324,0.0,0.0,10,0.0,81.0,384160000.0,6561.0,0.0,0.0,0.0,0.0,0.0,0.0,2013,1.0,81.0,234256.0,1.0,0.0,20736.0,Eli Manning,Raiders,QB
325,0.0,0.0,10,0.0,81.0,373301041.0,6561.0,0.0,0.0,0.0,0.0,0.0,0.0,2013,1.0,256.0,194481.0,1.0,0.0,14641.0,Mike Glennon,Dolphins,QB
326,0.0,1.0,10,0.0,130321.0,221533456.0,4096.0,0.0,1.0,0.0,1.0,0.0,0.0,2013,1.0,625.0,456976.0,0.0,0.0,14641.0,Terrelle Pryor,Giants,QB
327,0.0,0.0,10,0.0,0.0,14776336.0,4096.0,0.0,0.0,0.0,0.0,0.0,0.0,2013,0.0,0.0,6561.0,1.0,0.0,1296.0,Josh McCown,Lions,QB
328,0.0,1.0,10,0.0,50625.0,815730721.0,625.0,0.0,0.0,0.0,0.0,0.0,0.0,2013,1.0,4096.0,1048576.0,0.0,0.0,65536.0,Cam Newton,49ers,QB
329,0.0,1.0,10,0.0,1.0,1049760000.0,81.0,0.0,0.0,0.0,0.0,0.0,0.0,2013,16.0,16.0,279841.0,0.0,0.0,38416.0,Chad Henne,Titans,QB
330,0.0,0.0,10,0.0,65536.0,68574961.0,16.0,0.0,0.0,0.0,0.0,0.0,0.0,2013,1.0,256.0,234256.0,0.0,0.0,14641.0,Colin Kaepernick,Panthers,QB
331,0.0,0.0,10,0.0,0.0,390625.0,1.0,0.0,0.0,0.0,0.0,0.0,0.0,2013,0.0,0.0,625.0,0.0,0.0,625.0,Seneca Wallace,Eagles,QB
332,0.0,0.0,10,0.0,104976.0,0.0,1.0,0.0,0.0,0.0,0.0,0.0,0.0,2013,0.0,1.0,0.0,0.0,0.0,0.0,Tyrod Taylor,Bengals,QB
333,0.0,0.0,10,0.0,1.0,4879681.0,1.0,0.0,0.0,0.0,0.0,0.0,0.0,2013,0.0,1.0,1296.0,0.0,0.0,256.0,Matt Cassel,Redskins,QB
334,0.0,0.0,10,0.0,16.0,0.0,0.0,0.0,0.0,0.0,0.0,0.0,0.0,2013,0.0,16.0,0.0,0.0,0.0,0.0,Luke McCown,Cowboys,QB
335,0.0,0.0,10,0.0,1.0,21381376.0,0.0,0.0,0.0,0.0,0.0,0.0,0.0,2013,1.0,1.0,625.0,0.0,0.0,16.0,Matt Hasselbeck,Rams,QB
336,0.0,0.0,10,0.0,104976.0,331776.0,16.0,0.0,1.0,0.0,0.0,0.0,0.0,2013,1.0,81.0,6561.0,0.0,0.0,256.0,Jake Locker,Jaguars,QB
337,0.0,0.0,11,0.0,20736.0,18141126721.0,2313441.0,0.0,0.0,0.0,0.0,0.0,0.0,2013,0.0,1296.0,4100625.0,256.0,0.0,707281.0,Ben Roethlisberger,Lions,QB
338,0.0,0.0,11,0.0,14776336.0,1908029761.0,1048576.0,0.0,0.0,0.0,0.0,0.0,0.0,2013,0.0,2401.0,614656.0,81.0,0.0,130321.0,Cam Newton,Patriots,QB
339,0.0,1.0,11,0.0,81.0,30821664721.0,614656.0,0.0,0.0,0.0,0.0,0.0,0.0,2013,0.0,81.0,3111696.0,16.0,0.0,810000.0,Carson Palmer,Jaguars,QB
340,0.0,1.0,11,0.0,3748096.0,4857532416.0,531441.0,0.0,1.0,0.0,0.0,1.0,1.0,2013,1.0,10000.0,1500625.0,16.0,0.0,83521.0,Robert Griffin III,Eagles,QB
341,0.0,1.0,11,0.0,331776.0,17172529936.0,456976.0,0.0,0.0,0.0,0.0,0.0,0.0,2013,1.0,81.0,4477456.0,16.0,0.0,130321.0,Matthew Stafford,Steelers,QB
342,0.0,1.0,11,0.0,7311616.0,2798410000.0,456976.0,0.0,0.0,0.0,0.0,0.0,0.0,2013,0.0,625.0,4100625.0,16.0,0.0,194481.0,Alex Smith,Broncos,QB
343,0.0,1.0,11,0.0,81.0,1506138481.0,390625.0,0.0,0.0,0.0,0.0,0.0,0.0,2013,0.0,81.0,1048576.0,81.0,0.0,104976.0,Matt McGloin,Texans,QB
344,0.0,0.0,11,0.0,38416.0,2798410000.0,234256.0,0.0,0.0,0.0,0.0,0.0,0.0,2013,0.0,16.0,104976.0,16.0,0.0,28561.0,Russell Wilson,Min,QB
345,0.0,0.0,11,0.0,6561.0,3603000625.0,194481.0,0.0,0.0,0.0,0.0,0.0,0.0,2013,0.0,2401.0,614656.0,16.0,0.0,160000.0,E.J. Manuel,Jets,QB
346,0.0,0.0,11,0.0,256.0,2847396321.0,194481.0,0.0,0.0,0.0,0.0,0.0,0.0,2013,0.0,1.0,279841.0,16.0,0.0,160000.0,Mike Glennon,Falcons,QB
347,0.0,0.0,11,0.0,4879681.0,7886150416.0,194481.0,0.0,0.0,0.0,1.0,0.0,0.0,2013,0.0,6561.0,456976.0,0.0,0.0,83521.0,Nick Foles,Redskins,QB
348,0.0,1.0,11,0.0,0.0,4162314256.0,104976.0,0.0,0.0,0.0,0.0,0.0,0.0,2013,16.0,0.0,1679616.0,16.0,0.0,130321.0,Matt Ryan,Buccaneers,QB
349,0.0,1.0,11,0.0,923521.0,2897022976.0,104976.0,0.0,0.0,0.0,1.0,0.0,0.0,2013,0.0,6561.0,1679616.0,0.0,0.0,279841.0,Andrew Luck,Titans,QB
350,0.0,0.0,11,0.0,0.0,10884540241.0,83521.0,0.0,1.0,0.0,0.0,0.0,0.0,2013,0.0,1.0,2560000.0,1.0,0.0,331776.0,Peyton Manning,Chiefs,QB
351,0.0,1.0,11,0.0,390625.0,260144641.0,83521.0,0.0,0.0,0.0,0.0,0.0,0.0,2013,1.0,81.0,923521.0,16.0,0.0,83521.0,Colin Kaepernick,Saints,QB
352,0.0,0.0,11,0.0,0.0,74805201.0,83521.0,0.0,0.0,0.0,0.0,0.0,0.0,2013,16.0,256.0,531441.0,81.0,0.0,28561.0,Andy Dalton,Browns,QB
353,0.0,0.0,11,0.0,194481.0,5158686976.0,65536.0,0.0,0.0,0.0,0.0,0.0,0.0,2013,1.0,256.0,1500625.0,1.0,0.0,234256.0,Ryan Tannehill,Chargers,QB
354,0.0,0.0,11,0.0,456976.0,2428912656.0,65536.0,0.0,0.0,0.0,0.0,0.0,0.0,2013,0.0,256.0,614656.0,1.0,0.0,234256.0,Ryan Fitzpatrick,Colts,QB
355,0.0,0.0,11,0.0,1.0,8653650625.0,65536.0,0.0,0.0,0.0,0.0,0.0,0.0,2013,1.0,1.0,3418801.0,1.0,0.0,810000.0,Drew Brees,49ers,QB
356,0.0,1.0,11,0.0,1296.0,7886150416.0,50625.0,0.0,0.0,0.0,0.0,0.0,0.0,2013,1.0,16.0,1336336.0,1.0,0.0,234256.0,Philip Rivers,Dolphins,QB
357,0.0,0.0,11,0.0,81.0,6059221281.0,50625.0,0.0,0.0,0.0,0.0,0.0,0.0,2013,1.0,1.0,1500625.0,1.0,0.0,390625.0,Eli Manning,Packers,QB
358,0.0,1.0,11,0.0,81.0,7676563456.0,50625.0,0.0,0.0,0.0,0.0,0.0,0.0,2013,1.0,1.0,2560000.0,1.0,0.0,707281.0,Tom Brady,Panthers,QB
359,0.0,0.0,11,0.0,1.0,2176782336.0,38416.0,0.0,0.0,0.0,0.0,0.0,0.0,2013,0.0,16.0,923521.0,1.0,0.0,130321.0,Josh McCown,Ravens,QB
360,0.0,0.0,11,0.0,0.0,4228250625.0,20736.0,0.0,0.0,0.0,0.0,0.0,0.0,2013,16.0,0.0,3111696.0,1.0,0.0,531441.0,Chad Henne,Cardinals,QB
361,0.0,0.0,11,0.0,0.0,835210000.0,10000.0,0.0,0.0,0.0,0.0,0.0,0.0,2013,1.0,0.0,331776.0,1.0,0.0,28561.0,Case Keenum,Raiders,QB
362,0.0,1.0,11,0.0,160000.0,688747536.0,10000.0,0.0,0.0,0.0,0.0,0.0,0.0,2013,16.0,256.0,923521.0,1.0,0.0,83521.0,Joe Flacco,Bears,QB
363,0.0,1.0,11,0.0,0.0,3782742016.0,6561.0,0.0,0.0,0.0,0.0,0.0,0.0,2013,81.0,0.0,9834496.0,1.0,0.0,531441.0,Jason Campbell,Bengals,QB
364,0.0,1.0,11,0.0,14641.0,13206836241.0,4096.0,0.0,0.0,0.0,0.0,0.0,0.0,2013,81.0,16.0,1336336.0,0.0,0.0,331776.0,Scott Tolzien,Giants,QB
365,0.0,1.0,11,0.0,0.0,12960000.0,4096.0,0.0,0.0,0.0,0.0,0.0,0.0,2013,0.0,0.0,1296.0,1.0,0.0,256.0,Matt Simms,Bills,QB
366,0.0,1.0,11,0.0,0.0,37015056.0,2401.0,0.0,0.0,0.0,0.0,0.0,0.0,2013,1.0,0.0,28561.0,1.0,0.0,625.0,Matt Cassel,Seahawks,QB
367,0.0,0.0,11,0.0,0.0,577200625.0,1296.0,0.0,0.0,0.0,0.0,0.0,0.0,2013,0.0,0.0,390625.0,0.0,0.0,20736.0,Matt Schaub,Raiders,QB
368,0.0,1.0,11,0.0,0.0,276922881.0,1296.0,0.0,1.0,0.0,0.0,0.0,0.0,2013,16.0,625.0,234256.0,1.0,0.0,28561.0,Christian Ponder,Seahawks,QB
369,0.0,1.0,11,0.0,0.0,1336336.0,81.0,0.0,0.0,0.0,0.0,1.0,0.0,2013,0.0,0.0,2401.0,0.0,0.0,625.0,Dominique Davis,Buccaneers,QB
370,6561.0,1.0,11,0.0,0.0,0.0,0.0,0.0,0.0,16.0,0.0,0.0,0.0,2013,0.0,0.0,0.0,0.0,0.0,0.0,Joe Webb,Seahawks,QB
371,0.0,0.0,11,0.0,1.0,1296.0,0.0,0.0,0.0,0.0,0.0,0.0,0.0,2013,0.0,1.0,81.0,0.0,0.0,1.0,Tarvaris Jackson,Min,QB
372,0.0,1.0,11,0.0,0.0,0.0,0.0,0.0,0.0,0.0,0.0,0.0,0.0,2013,0.0,1.0,0.0,0.0,0.0,0.0,Armanti Edwards,Bengals,QB
373,0.0,1.0,11,0.0,0.0,112550881.0,81.0,0.0,1.0,0.0,0.0,0.0,0.0,2013,81.0,1.0,279841.0,0.0,0.0,4096.0,Geno Smith,Bills,QB
374,0.0,1.0,12,0.0,1.0,23612624896.0,1185921.0,0.0,0.0,0.0,0.0,0.0,0.0,2013,0.0,1.0,2313441.0,81.0,0.0,531441.0,Philip Rivers,Chiefs,QB
375,0.0,0.0,12,0.0,0.0,14003408896.0,810000.0,0.0,1.0,0.0,0.0,0.0,0.0,2013,0.0,16.0,6250000.0,81.0,0.0,1336336.0,Tom Brady,Broncos,QB
376,0.0,1.0,12,0.0,160000.0,3049800625.0,707281.0,0.0,0.0,0.0,0.0,0.0,0.0,2013,0.0,6561.0,331776.0,81.0,0.0,50625.0,Colin Kaepernick,Redskins,QB
377,0.0,0.0,12,0.0,81.0,7471182096.0,531441.0,0.0,0.0,0.0,0.0,0.0,0.0,2013,1.0,16.0,2085136.0,81.0,0.0,456976.0,Alex Smith,Chargers,QB
378,0.0,1.0,12,0.0,456976.0,10485760000.0,456976.0,0.0,0.0,0.0,0.0,0.0,0.0,2013,0.0,625.0,3111696.0,16.0,0.0,810000.0,Ryan Fitzpatrick,Raiders,QB
379,0.0,0.0,12,0.0,0.0,9721171216.0,331776.0,0.0,0.0,0.0,0.0,0.0,0.0,2013,0.0,0.0,1874161.0,16.0,0.0,456976.0,Carson Palmer,Colts,QB
380,0.0,1.0,12,0.0,256.0,15352201216.0,279841.0,0.0,1.0,0.0,0.0,0.0,0.0,2013,1.0,16.0,4879681.0,16.0,0.0,1679616.0,Josh McCown,Rams,QB
381,0.0,1.0,12,0.0,1296.0,5972816656.0,279841.0,0.0,0.0,0.0,0.0,0.0,0.0,2013,0.0,256.0,1185921.0,16.0,0.0,279841.0,Drew Brees,Falcons,QB
382,0.0,0.0,12,0.0,1296.0,7780827681.0,194481.0,0.0,0.0,0.0,0.0,0.0,0.0,2013,256.0,16.0,4477456.0,81.0,0.0,456976.0,Matthew Stafford,Buccaneers,QB
383,0.0,1.0,12,0.0,6765201.0,916636176.0,194481.0,0.0,0.0,0.0,1.0,0.0,0.0,2013,1.0,2401.0,2085136.0,1.0,0.0,130321.0,Cam Newton,Dolphins,QB
384,0.0,1.0,12,0.0,83521.0,3722098081.0,194481.0,0.0,0.0,0.0,0.0,0.0,0.0,2013,0.0,256.0,194481.0,16.0,0.0,38416.0,Mike Glennon,Lions,QB
385,0.0,1.0,12,0.0,81.0,2217373921.0,160000.0,0.0,0.0,0.0,0.0,0.0,0.0,2013,0.0,16.0,1336336.0,16.0,0.0,234256.0,Ben Roethlisberger,Browns,QB
386,0.0,0.0,12,0.0,1679616.0,9235210000.0,130321.0,0.0,0.0,0.0,0.0,0.0,0.0,2013,1.0,256.0,3111696.0,1.0,0.0,614656.0,Ryan Tannehill,Panthers,QB
387,0.0,1.0,12,0.0,1.0,2998219536.0,130321.0,0.0,0.0,0.0,0.0,0.0,0.0,2013,1.0,81.0,2085136.0,16.0,0.0,279841.0,Tony Romo,Giants,QB
388,0.0,0.0,12,0.0,0.0,916636176.0,104976.0,0.0,0.0,0.0,0.0,0.0,0.0,2013,0.0,0.0,810000.0,16.0,0.0,65536.0,Eli Manning,Cowboys,QB
389,0.0,1.0,12,0.0,0.0,506250000.0,65536.0,0.0,0.0,0.0,0.0,0.0,0.0,2013,1.0,1.0,1679616.0,16.0,0.0,130321.0,Peyton Manning,Patriots,QB
390,0.0,0.0,12,0.0,331776.0,2258530576.0,65536.0,0.0,0.0,0.0,0.0,0.0,0.0,2013,0.0,256.0,1679616.0,1.0,0.0,194481.0,Matt Flynn,Min,QB
391,0.0,1.0,12,0.0,625.0,2947295521.0,50625.0,0.0,0.0,0.0,0.0,0.0,0.0,2013,0.0,81.0,810000.0,1.0,0.0,194481.0,Christian Ponder,Packers,QB
392,0.0,1.0,12,0.0,923521.0,705911761.0,50625.0,0.0,0.0,0.0,0.0,1.0,0.0,2013,1.0,16.0,2313441.0,1.0,0.0,160000.0,Andrew Luck,Cardinals,QB
393,0.0,0.0,12,0.0,1296.0,4569760000.0,38416.0,0.0,0.0,0.0,0.0,0.0,0.0,2013,1.0,16.0,1048576.0,1.0,0.0,130321.0,Matt McGloin,Titans,QB
394,0.0,0.0,12,0.0,0.0,5554571841.0,38416.0,0.0,0.0,0.0,0.0,0.0,0.0,2013,1.0,0.0,456976.0,1.0,0.0,83521.0,Joe Flacco,Jets,QB
395,0.0,0.0,12,0.0,81.0,777796321.0,38416.0,0.0,0.0,0.0,0.0,1.0,0.0,2013,0.0,81.0,234256.0,1.0,0.0,10000.0,Kellen Clemens,Bears,QB
396,0.0,0.0,12,0.0,16.0,1908029761.0,28561.0,0.0,1.0,0.0,0.0,1.0,0.0,2013,1.0,1.0,810000.0,1.0,0.0,28561.0,Brandon Weeden,Steelers,QB
397,0.0,0.0,12,0.0,10000.0,7269949696.0,20736.0,0.0,0.0,0.0,0.0,0.0,0.0,2013,0.0,16.0,2313441.0,0.0,0.0,810000.0,Matt Ryan,Saints,QB
398,0.0,0.0,12,0.0,390625.0,92236816.0,14641.0,0.0,0.0,0.0,1.0,0.0,0.0,2013,0.0,16.0,83521.0,0.0,0.0,2401.0,Scott Tolzien,Min,QB
399,0.0,1.0,12,0.0,81.0,3262808641.0,6561.0,0.0,0.0,0.0,0.0,0.0,0.0,2013,0.0,81.0,1048576.0,0.0,0.0,279841.0,Chad Henne,Texans,QB
400,0.0,0.0,12,0.0,16.0,815730721.0,256.0,0.0,0.0,0.0,0.0,0.0,0.0,2013,1.0,1.0,1336336.0,0.0,0.0,104976.0,Case Keenum,Jaguars,QB
401,0.0,0.0,12,0.0,531441.0,193877776.0,256.0,0.0,0.0,0.0,0.0,0.0,0.0,2013,1.0,256.0,456976.0,0.0,0.0,65536.0,Robert Griffin III,49ers,QB
402,0.0,0.0,12,0.0,1.0,236421376.0,81.0,0.0,1.0,0.0,0.0,0.0,0.0,2013,0.0,1.0,234256.0,0.0,0.0,38416.0,Jason Campbell,Steelers,QB
403,28561.0,1.0,12,0.0,1296.0,260144641.0,16.0,0.0,0.0,1.0,0.0,0.0,0.0,2013,16.0,81.0,234256.0,0.0,0.0,6561.0,Geno Smith,Ravens,QB
404,1296.0,0.0,12,0.0,2401.0,0.0,0.0,0.0,0.0,1.0,0.0,0.0,0.0,2013,0.0,256.0,1.0,0.0,0.0,0.0,Tyrod Taylor,Jets,QB
405,0.0,1.0,13,0.0,81.0,26376683281.0,3111696.0,0.0,0.0,0.0,0.0,0.0,0.0,2013,16.0,81.0,1500625.0,625.0,0.0,234256.0,Peyton Manning,Chiefs,QB
406,0.0,0.0,13,0.0,4879681.0,9235210000.0,1336336.0,0.0,0.0,0.0,0.0,0.0,0.0,2013,0.0,4096.0,810000.0,81.0,0.0,234256.0,Russell Wilson,Saints,QB
407,0.0,0.0,13,0.0,21381376.0,4784350561.0,810000.0,0.0,0.0,0.0,1.0,0.0,0.0,2013,16.0,625.0,707281.0,16.0,0.0,104976.0,Cam Newton,Buccaneers,QB
408,0.0,0.0,13,0.0,234256.0,3154956561.0,707281.0,0.0,0.0,0.0,0.0,0.0,0.0,2013,0.0,6561.0,1336336.0,81.0,0.0,194481.0,Nick Foles,Cardinals,QB
409,0.0,0.0,13,0.0,625.0,18741610000.0,531441.0,0.0,1.0,0.0,0.0,0.0,0.0,2013,16.0,16.0,2560000.0,81.0,0.0,331776.0,Brandon Weeden,Jaguars,QB
410,0.0,0.0,13,0.0,4096.0,11859210000.0,456976.0,0.0,1.0,0.0,0.0,0.0,0.0,2013,16.0,1.0,1500625.0,81.0,0.0,234256.0,Matthew Stafford,Packers,QB
411,0.0,1.0,13,0.0,0.0,15882300625.0,456976.0,0.0,0.0,0.0,0.0,0.0,0.0,2013,0.0,0.0,1679616.0,16.0,0.0,279841.0,Josh McCown,Min,QB
412,0.0,1.0,13,0.0,234256.0,12003612721.0,390625.0,0.0,0.0,0.0,0.0,0.0,0.0,2013,1.0,81.0,3418801.0,16.0,0.0,614656.0,Ryan Tannehill,Jets,QB
413,0.0,0.0,13,0.0,4477456.0,7370050801.0,390625.0,0.0,0.0,0.0,0.0,0.0,0.0,2013,1.0,256.0,3111696.0,16.0,0.0,456976.0,Alex Smith,Broncos,QB
414,0.0,1.0,13,0.0,1.0,8318169616.0,390625.0,0.0,1.0,0.0,0.0,0.0,0.0,2013,16.0,1.0,2825761.0,81.0,0.0,331776.0,Carson Palmer,Eagles,QB
415,0.0,1.0,13,0.0,0.0,18945044881.0,331776.0,0.0,0.0,0.0,0.0,0.0,0.0,2013,1.0,0.0,2825761.0,16.0,0.0,707281.0,Tom Brady,Texans,QB
416,0.0,1.0,13,0.0,14641.0,4362470401.0,279841.0,0.0,0.0,0.0,0.0,0.0,0.0,2013,0.0,1.0,3748096.0,16.0,0.0,614656.0,Ben Roethlisberger,Ravens,QB
417,0.0,0.0,13,0.0,59969536.0,1836036801.0,234256.0,0.0,0.0,0.0,0.0,0.0,0.0,2013,0.0,20736.0,1048576.0,1.0,0.0,331776.0,Robert Griffin III,Giants,QB
418,0.0,0.0,13,0.0,81.0,1944810000.0,160000.0,0.0,0.0,0.0,1.0,0.0,0.0,2013,0.0,256.0,1048576.0,1.0,0.0,104976.0,E.J. Manuel,Falcons,QB
419,0.0,0.0,13,0.0,194481.0,5719140625.0,130321.0,0.0,0.0,0.0,0.0,0.0,0.0,2013,0.0,256.0,614656.0,1.0,0.0,130321.0,Colin Kaepernick,Rams,QB
420,0.0,1.0,13,0.0,83521.0,9354951841.0,104976.0,0.0,1.0,0.0,0.0,0.0,0.0,2013,0.0,16.0,4879681.0,1.0,0.0,614656.0,Matt Ryan,Bills,QB
421,0.0,1.0,13,0.0,8503056.0,1632240801.0,104976.0,0.0,1.0,0.0,1.0,0.0,0.0,2013,81.0,4096.0,1874161.0,1.0,0.0,194481.0,Ryan Fitzpatrick,Colts,QB
422,0.0,1.0,13,0.0,0.0,1445900625.0,83521.0,0.0,0.0,0.0,0.0,0.0,0.0,2013,1.0,0.0,2560000.0,16.0,0.0,234256.0,Chad Henne,Browns,QB
423,0.0,0.0,13,0.0,2401.0,3969126001.0,65536.0,0.0,0.0,0.0,0.0,0.0,0.0,2013,0.0,256.0,1500625.0,1.0,0.0,331776.0,Joe Flacco,Steelers,QB
424,0.0,0.0,13,0.0,1.0,2562890625.0,50625.0,0.0,0.0,0.0,0.0,0.0,0.0,2013,0.0,1.0,1048576.0,1.0,0.0,279841.0,Tony Romo,Raiders,QB
425,0.0,0.0,13,0.0,256.0,4032758016.0,38416.0,0.0,0.0,0.0,0.0,0.0,0.0,2013,1.0,1.0,1874161.0,1.0,0.0,279841.0,Philip Rivers,Bengals,QB
426,0.0,0.0,13,0.0,1296.0,5473632256.0,38416.0,0.0,0.0,0.0,1.0,0.0,0.0,2013,1.0,81.0,810000.0,0.0,0.0,50625.0,Case Keenum,Patriots,QB
427,0.0,1.0,13,0.0,194481.0,2258530576.0,38416.0,0.0,0.0,0.0,0.0,0.0,0.0,2013,1.0,81.0,1874161.0,1.0,0.0,130321.0,Kellen Clemens,49ers,QB
428,0.0,1.0,13,0.0,0.0,3049800625.0,28561.0,0.0,0.0,0.0,0.0,0.0,0.0,2013,1.0,81.0,614656.0,1.0,0.0,234256.0,Eli Manning,Redskins,QB
429,0.0,0.0,13,0.0,0.0,3486784401.0,28561.0,0.0,0.0,0.0,0.0,0.0,0.0,2013,1.0,1.0,1185921.0,1.0,0.0,160000.0,Matt Cassel,Bears,QB
430,0.0,1.0,13,0.0,6561.0,1303210000.0,14641.0,0.0,0.0,0.0,0.0,0.0,0.0,2013,1.0,81.0,279841.0,1.0,0.0,38416.0,Andy Dalton,Chargers,QB
431,0.0,0.0,13,0.0,3111696.0,1600000000.0,10000.0,0.0,0.0,0.0,0.0,0.0,0.0,2013,1.0,625.0,1048576.0,0.0,0.0,83521.0,Andrew Luck,Titans,QB
432,0.0,1.0,13,0.0,1.0,466948881.0,10000.0,0.0,1.0,0.0,0.0,0.0,0.0,2013,0.0,1.0,2085136.0,1.0,0.0,279841.0,Drew Brees,Seahawks,QB
433,0.0,1.0,13,0.0,1.0,4228250625.0,4096.0,0.0,0.0,0.0,0.0,0.0,0.0,2013,1.0,16.0,810000.0,0.0,0.0,104976.0,Matt McGloin,Cowboys,QB
434,0.0,1.0,13,0.0,81.0,1049760000.0,256.0,0.0,1.0,0.0,0.0,0.0,0.0,2013,1.0,16.0,194481.0,0.0,0.0,38416.0,Mike Glennon,Panthers,QB
435,0.0,0.0,13,0.0,0.0,2560000.0,1.0,0.0,0.0,0.0,0.0,0.0,0.0,2013,0.0,0.0,4096.0,0.0,0.0,81.0,Christian Ponder,Bears,QB
436,0.0,1.0,13,0.0,256.0,373301041.0,1.0,0.0,16.0,0.0,0.0,0.0,0.0,2013,1.0,16.0,160000.0,0.0,0.0,10000.0,Matt Flynn,Lions,QB
437,0.0,0.0,13,0.0,16.0,38950081.0,0.0,0.0,1.0,0.0,0.0,0.0,0.0,2013,1.0,16.0,104976.0,0.0,0.0,6561.0,Matt Simms,Dolphins,QB
438,0.0,0.0,13,0.0,16.0,0.0,0.0,0.0,0.0,0.0,0.0,0.0,0.0,2013,0.0,16.0,0.0,0.0,0.0,0.0,Shaun Hill,Packers,QB
439,0.0,0.0,13,0.0,16.0,0.0,0.0,0.0,0.0,0.0,0.0,0.0,0.0,2013,0.0,1.0,0.0,0.0,0.0,0.0,Derek Anderson,Buccaneers,QB
440,0.0,0.0,13,0.0,16.0,707281.0,1.0,0.0,0.0,0.0,0.0,0.0,0.0,2013,1.0,1.0,10000.0,0.0,0.0,256.0,Geno Smith,Dolphins,QB
441,0.0,0.0,14,0.0,65536.0,14666178816.0,4477456.0,0.0,0.0,0.0,1.0,1.0,0.0,2013,0.0,81.0,1679616.0,256.0,0.0,531441.0,Josh McCown,Cowboys,QB
442,0.0,1.0,14,0.0,1048576.0,11294588176.0,2560000.0,0.0,0.0,0.0,0.0,0.0,0.0,2013,0.0,16.0,4477456.0,256.0,0.0,707281.0,Andrew Luck,Bengals,QB
443,0.0,0.0,14,0.0,1.0,24840596881.0,2313441.0,0.0,0.0,0.0,0.0,0.0,0.0,2013,0.0,81.0,12117361.0,256.0,0.0,2313441.0,Peyton Manning,Titans,QB
444,0.0,0.0,14,0.0,14641.0,5719140625.0,1679616.0,0.0,0.0,0.0,1.0,0.0,0.0,2013,0.0,625.0,1500625.0,81.0,0.0,331776.0,Andy Dalton,Colts,QB
445,0.0,0.0,14,0.0,81.0,9597924961.0,1679616.0,0.0,0.0,0.0,0.0,0.0,0.0,2013,0.0,81.0,3111696.0,256.0,0.0,810000.0,Drew Brees,Panthers,QB
446,0.0,1.0,14,0.0,531441.0,23372600161.0,1500625.0,0.0,0.0,0.0,0.0,0.0,0.0,2013,0.0,16.0,3748096.0,81.0,0.0,707281.0,Jason Campbell,Patriots,QB
447,625.0,0.0,14,0.0,4096.0,14835483601.0,810000.0,0.0,1.0,0.0,0.0,0.0,0.0,2013,0.0,1.0,2313441.0,81.0,0.0,279841.0,Ben Roethlisberger,Dolphins,QB
448,0.0,1.0,14,0.0,9834496.0,1600000000.0,707281.0,0.0,0.0,0.0,0.0,0.0,0.0,2013,1.0,81.0,1185921.0,81.0,0.0,160000.0,Ryan Tannehill,Steelers,QB
449,0.0,0.0,14,0.0,1.0,30528476176.0,531441.0,0.0,1.0,0.0,0.0,1.0,0.0,2013,1.0,16.0,7311616.0,16.0,0.0,1048576.0,Tom Brady,Browns,QB
450,0.0,0.0,14,0.0,0.0,3844124001.0,456976.0,0.0,1.0,0.0,0.0,0.0,0.0,2013,0.0,0.0,614656.0,81.0,0.0,194481.0,Philip Rivers,Giants,QB
451,0.0,0.0,14,0.0,234256.0,3603000625.0,390625.0,0.0,0.0,0.0,0.0,1.0,0.0,2013,81.0,1.0,6250000.0,81.0,0.0,614656.0,Joe Flacco,Min,QB
452,0.0,0.0,14,0.0,6250000.0,2300257521.0,279841.0,0.0,0.0,0.0,1.0,0.0,0.0,2013,1.0,625.0,390625.0,1.0,0.0,65536.0,Geno Smith,Raiders,QB
453,0.0,1.0,14,0.0,1.0,116985856.0,234256.0,0.0,0.0,0.0,0.0,0.0,0.0,2013,0.0,1.0,160000.0,81.0,0.0,14641.0,Tony Romo,Bears,QB
454,0.0,1.0,14,0.0,1296.0,4931550625.0,234256.0,0.0,0.0,0.0,0.0,0.0,0.0,2013,0.0,16.0,2085136.0,16.0,0.0,83521.0,Matt Cassel,Ravens,QB
455,0.0,1.0,14,0.0,160000.0,3603000625.0,194481.0,0.0,0.0,0.0,0.0,0.0,0.0,2013,1.0,16.0,923521.0,16.0,0.0,104976.0,Matt McGloin,Jets,QB
456,0.0,0.0,14,0.0,279841.0,1026625681.0,194481.0,0.0,0.0,0.0,1.0,1.0,0.0,2013,1.0,1296.0,234256.0,1.0,0.0,14641.0,Nick Foles,Lions,QB
457,0.0,0.0,14,0.0,1185921.0,187388721.0,130321.0,0.0,0.0,0.0,0.0,0.0,0.0,2013,0.0,256.0,531441.0,16.0,0.0,20736.0,Chad Henne,Texans,QB
458,0.0,1.0,14,0.0,2401.0,352275361.0,83521.0,0.0,0.0,0.0,0.0,0.0,0.0,2013,0.0,16.0,160000.0,16.0,0.0,38416.0,Alex Smith,Redskins,QB
459,0.0,1.0,14,0.0,0.0,1800814096.0,83521.0,0.0,1.0,0.0,0.0,0.0,0.0,2013,1.0,0.0,1500625.0,16.0,0.0,160000.0,Matt Ryan,Packers,QB
460,0.0,0.0,14,0.0,1.0,5236114321.0,65536.0,0.0,0.0,0.0,0.0,0.0,0.0,2013,0.0,1.0,1048576.0,1.0,0.0,531441.0,Carson Palmer,Rams,QB
461,0.0,1.0,14,0.0,5308416.0,655360000.0,65536.0,0.0,0.0,0.0,0.0,0.0,0.0,2013,0.0,1296.0,1336336.0,1.0,0.0,234256.0,Cam Newton,Saints,QB
462,0.0,0.0,14,0.0,614656.0,4430766096.0,50625.0,0.0,1.0,0.0,0.0,0.0,0.0,2013,1.0,1296.0,1048576.0,1.0,0.0,331776.0,Matt Flynn,Falcons,QB
463,0.0,0.0,14,0.0,923521.0,937890625.0,38416.0,0.0,0.0,0.0,0.0,0.0,0.0,2013,1.0,6561.0,707281.0,1.0,0.0,50625.0,Colin Kaepernick,Seahawks,QB
464,0.0,1.0,14,0.0,0.0,4499860561.0,20736.0,0.0,0.0,0.0,0.0,0.0,0.0,2013,16.0,0.0,1048576.0,1.0,0.0,160000.0,Eli Manning,Chargers,QB
465,0.0,0.0,14,0.0,707281.0,723394816.0,20736.0,0.0,0.0,0.0,0.0,0.0,0.0,2013,1.0,256.0,456976.0,1.0,0.0,20736.0,Robert Griffin III,Chiefs,QB
466,0.0,1.0,14,0.0,16.0,1568239201.0,14641.0,0.0,0.0,0.0,0.0,0.0,0.0,2013,1.0,1.0,390625.0,1.0,0.0,50625.0,Russell Wilson,49ers,QB
467,0.0,1.0,14,0.0,2401.0,1536953616.0,14641.0,0.0,0.0,0.0,0.0,0.0,0.0,2013,1.0,1.0,707281.0,1.0,0.0,83521.0,Matt Schaub,Jaguars,QB
468,0.0,1.0,14,0.0,28561.0,639128961.0,14641.0,0.0,0.0,0.0,0.0,0.0,0.0,2013,1.0,1.0,707281.0,1.0,0.0,65536.0,Case Keenum,Jaguars,QB
469,0.0,0.0,14,0.0,0.0,65610000.0,14641.0,0.0,0.0,0.0,0.0,0.0,0.0,2013,16.0,1.0,390625.0,16.0,0.0,6561.0,Mike Glennon,Bills,QB
470,0.0,1.0,14,0.0,256.0,875213056.0,10000.0,0.0,0.0,0.0,0.0,0.0,0.0,2013,1.0,1.0,331776.0,1.0,0.0,28561.0,Ryan Fitzpatrick,Broncos,QB
471,0.0,1.0,14,0.0,1.0,519885601.0,2401.0,0.0,1.0,0.0,0.0,1.0,0.0,2013,0.0,1296.0,390625.0,0.0,0.0,10000.0,Matthew Stafford,Eagles,QB
472,0.0,1.0,14,0.0,10000.0,1073283121.0,256.0,0.0,0.0,0.0,0.0,0.0,0.0,2013,16.0,16.0,531441.0,0.0,0.0,65536.0,Kellen Clemens,Cardinals,QB
473,0.0,0.0,14,0.0,0.0,12117361.0,16.0,0.0,0.0,0.0,0.0,0.0,0.0,2013,0.0,0.0,65536.0,0.0,0.0,2401.0,Kirk Cousins,Chiefs,QB
474,0.0,1.0,14,0.0,0.0,2560000.0,1.0,0.0,0.0,0.0,0.0,0.0,0.0,2013,0.0,0.0,625.0,0.0,0.0,81.0,Kyle Orton,Bears,QB
475,0.0,1.0,14,0.0,707281.0,1146228736.0,1.0,0.0,0.0,0.0,0.0,0.0,0.0,2013,256.0,625.0,1185921.0,0.0,0.0,104976.0,E.J. Manuel,Buccaneers,QB
476,0.0,0.0,14,0.0,16.0,0.0,0.0,0.0,0.0,0.0,0.0,0.0,0.0,2013,0.0,81.0,0.0,0.0,0.0,0.0,Charlie Whitehurst,Giants,QB
477,0.0,1.0,14,0.0,256.0,160000.0,0.0,0.0,0.0,0.0,0.0,0.0,0.0,2013,0.0,81.0,625.0,0.0,0.0,16.0,Terrelle Pryor,Jets,QB
478,0.0,1.0,14,0.0,81.0,83521.0,16.0,0.0,0.0,0.0,0.0,0.0,0.0,2013,1.0,81.0,81.0,0.0,0.0,1.0,Chase Daniel,Redskins,QB
479,0.0,1.0,15,0.0,83521.0,6784652161.0,2825761.0,0.0,1.0,0.0,0.0,0.0,0.0,2013,0.0,256.0,160000.0,625.0,0.0,83521.0,Alex Smith,Raiders,QB
480,0.0,1.0,15,0.0,2825761.0,33556377856.0,2313441.0,0.0,0.0,0.0,0.0,1.0,0.0,2013,1.0,625.0,5308416.0,81.0,0.0,810000.0,Nick Foles,Min,QB
481,0.0,0.0,15,0.0,234256.0,26115852816.0,2085136.0,0.0,0.0,0.0,0.0,0.0,0.0,2013,16.0,81.0,11316496.0,256.0,0.0,1679616.0,Ryan Fitzpatrick,Cardinals,QB
482,0.0,1.0,15,0.0,81.0,7992538801.0,1185921.0,0.0,0.0,0.0,0.0,0.0,0.0,2013,1.0,81.0,2313441.0,256.0,0.0,456976.0,Matt Flynn,Cowboys,QB
483,0.0,0.0,15,0.0,130321.0,21293813776.0,1048576.0,0.0,0.0,0.0,1.0,0.0,0.0,2013,1.0,81.0,1500625.0,16.0,0.0,456976.0,Matt Cassel,Eagles,QB
484,0.0,0.0,15,0.0,1.0,9475854336.0,810000.0,0.0,0.0,0.0,0.0,0.0,0.0,2013,0.0,1.0,1874161.0,81.0,0.0,390625.0,Ryan Tannehill,Patriots,QB
485,0.0,1.0,15,0.0,0.0,21071715921.0,614656.0,0.0,1.0,0.0,0.0,0.0,0.0,2013,16.0,0.0,4100625.0,81.0,0.0,707281.0,Kirk Cousins,Falcons,QB
486,0.0,1.0,15,0.0,1874161.0,1387488001.0,390625.0,0.0,1.0,0.0,1.0,0.0,0.0,2013,1.0,10000.0,331776.0,16.0,0.0,83521.0,E.J. Manuel,Jaguars,QB
487,0.0,1.0,15,0.0,14641.0,4931550625.0,390625.0,0.0,0.0,0.0,0.0,0.0,0.0,2013,16.0,81.0,923521.0,81.0,0.0,234256.0,Jay Cutler,Browns,QB
488,0.0,1.0,15,0.0,3111696.0,1698181681.0,331776.0,0.0,0.0,0.0,0.0,0.0,0.0,2013,0.0,256.0,707281.0,16.0,0.0,130321.0,Colin Kaepernick,Buccaneers,QB
489,0.0,1.0,15,0.0,0.0,17555190016.0,331776.0,0.0,0.0,0.0,0.0,0.0,0.0,2013,1.0,0.0,9150625.0,16.0,0.0,1336336.0,Tom Brady,Dolphins,QB
490,0.0,1.0,15,0.0,160000.0,2798410000.0,279841.0,0.0,0.0,0.0,0.0,0.0,0.0,2013,0.0,256.0,3748096.0,16.0,0.0,390625.0,Andy Dalton,Steelers,QB
491,0.0,0.0,15,0.0,0.0,16426010896.0,234256.0,0.0,0.0,0.0,0.0,0.0,0.0,2013,16.0,0.0,5308416.0,16.0,0.0,707281.0,Tony Romo,Packers,QB
492,0.0,1.0,15,0.0,4096.0,23854493601.0,234256.0,0.0,1.0,0.0,1.0,0.0,0.0,2013,16.0,16.0,9834496.0,1.0,0.0,2313441.0,Drew Brees,Rams,QB
493,0.0,0.0,15,0.0,0.0,6975757441.0,194481.0,0.0,0.0,0.0,0.0,0.0,0.0,2013,1.0,0.0,2825761.0,16.0,0.0,531441.0,Peyton Manning,Chargers,QB
494,0.0,0.0,15,0.0,707281.0,1049760000.0,130321.0,0.0,0.0,0.0,0.0,0.0,0.0,2013,1.0,625.0,1048576.0,16.0,0.0,130321.0,Andrew Luck,Texans,QB
495,0.0,0.0,15,0.0,234256.0,3154956561.0,130321.0,0.0,0.0,0.0,0.0,0.0,0.0,2013,16.0,256.0,1679616.0,16.0,0.0,194481.0,Chad Henne,Bills,QB
496,0.0,1.0,15,0.0,6561.0,759333136.0,104976.0,0.0,0.0,0.0,0.0,0.0,0.0,2013,0.0,81.0,160000.0,16.0,0.0,20736.0,Philip Rivers,Broncos,QB
497,0.0,0.0,15,0.0,625.0,623201296.0,104976.0,0.0,0.0,0.0,0.0,0.0,0.0,2013,0.0,81.0,160000.0,16.0,0.0,38416.0,Kellen Clemens,Saints,QB
498,0.0,1.0,15,0.0,6250000.0,1800814096.0,83521.0,0.0,0.0,0.0,0.0,0.0,0.0,2013,1.0,4096.0,531441.0,1.0,0.0,104976.0,Russell Wilson,Giants,QB
499,0.0,0.0,15,0.0,20736.0,5554571841.0,83521.0,0.0,0.0,0.0,0.0,0.0,0.0,2013,0.0,2401.0,331776.0,1.0,0.0,65536.0,Cam Newton,Jets,QB
500,0.0,0.0,15,0.0,0.0,1026625681.0,83521.0,0.0,0.0,0.0,0.0,0.0,0.0,2013,1.0,0.0,1336336.0,16.0,0.0,104976.0,Mike Glennon,49ers,QB
501,0.0,1.0,15,0.0,1.0,2847396321.0,50625.0,0.0,0.0,0.0,0.0,0.0,0.0,2013,0.0,16.0,810000.0,1.0,0.0,160000.0,Carson Palmer,Titans,QB
502,0.0,1.0,15,0.0,3748096.0,777796321.0,38416.0,0.0,0.0,0.0,0.0,0.0,0.0,2013,1.0,1296.0,614656.0,1.0,0.0,50625.0,Geno Smith,Panthers,QB
503,0.0,0.0,15,0.0,0.0,7780827681.0,38416.0,0.0,1.0,0.0,0.0,0.0,0.0,2013,256.0,1.0,1500625.0,16.0,0.0,104976.0,Matt McGloin,Chiefs,QB
504,0.0,0.0,15,0.0,83521.0,5554571841.0,28561.0,0.0,0.0,0.0,0.0,0.0,0.0,2013,16.0,1.0,2313441.0,1.0,0.0,279841.0,Jason Campbell,Bears,QB
505,0.0,0.0,15,0.0,1.0,1944810000.0,14641.0,0.0,1.0,0.0,0.0,0.0,0.0,2013,1.0,1.0,2085136.0,1.0,0.0,707281.0,Matt Ryan,Redskins,QB
506,0.0,0.0,15,0.0,0.0,1330863361.0,14641.0,0.0,0.0,0.0,0.0,0.0,0.0,2013,1.0,0.0,390625.0,1.0,0.0,160000.0,Ben Roethlisberger,Bengals,QB
507,0.0,0.0,15,0.0,6561.0,3049800625.0,6561.0,0.0,0.0,0.0,0.0,0.0,0.0,2013,81.0,16.0,1336336.0,1.0,0.0,104976.0,Matthew Stafford,Ravens,QB
508,0.0,1.0,15,0.0,28561.0,2428912656.0,6561.0,0.0,0.0,0.0,0.0,0.0,0.0,2013,0.0,16.0,2085136.0,0.0,0.0,160000.0,Joe Flacco,Lions,QB
509,0.0,1.0,15,0.0,16.0,796594176.0,16.0,0.0,0.0,0.0,0.0,0.0,0.0,2013,16.0,1.0,1336336.0,0.0,0.0,104976.0,Case Keenum,Colts,QB
510,0.0,0.0,15,0.0,0.0,810000.0,1.0,0.0,0.0,0.0,0.0,0.0,0.0,2013,0.0,0.0,256.0,0.0,0.0,256.0,Curtis Painter,Seahawks,QB
511,0.0,1.0,15,0.0,1.0,923521.0,1.0,0.0,0.0,0.0,0.0,0.0,0.0,2013,0.0,1.0,625.0,0.0,0.0,81.0,Chase Daniel,Raiders,QB
512,0.0,1.0,15,0.0,81.0,0.0,0.0,0.0,0.0,0.0,0.0,0.0,0.0,2013,0.0,81.0,0.0,0.0,0.0,0.0,Colt McCoy,Buccaneers,QB
513,0.0,1.0,15,0.0,0.0,65536.0,0.0,0.0,0.0,0.0,0.0,0.0,0.0,2013,0.0,0.0,16.0,0.0,0.0,16.0,Tarvaris Jackson,Giants,QB
514,0.0,0.0,15,0.0,130321.0,20736.0,1.0,0.0,0.0,0.0,0.0,0.0,0.0,2013,1.0,81.0,625.0,0.0,0.0,1.0,Terrelle Pryor,Chiefs,QB
515,0.0,0.0,15,0.0,0.0,592240896.0,256.0,0.0,0.0,0.0,0.0,0.0,0.0,2013,625.0,0.0,923521.0,0.0,0.0,104976.0,Eli Manning,Seahawks,QB
516,0.0,1.0,16,0.0,0.0,25600000000.0,2560000.0,0.0,0.0,0.0,0.0,0.0,0.0,2013,0.0,0.0,6765201.0,256.0,0.0,1048576.0,Peyton Manning,Texans,QB
517,0.0,0.0,16,0.0,10000.0,17363069361.0,2313441.0,0.0,0.0,0.0,0.0,0.0,0.0,2013,0.0,1.0,2085136.0,256.0,0.0,531441.0,Andy Dalton,Min,QB
518,0.0,0.0,16,0.0,5308416.0,2097273616.0,810000.0,0.0,0.0,0.0,1.0,0.0,0.0,2013,0.0,10000.0,1679616.0,16.0,0.0,160000.0,Geno Smith,Browns,QB
519,0.0,0.0,16,0.0,6765201.0,1506138481.0,331776.0,0.0,0.0,0.0,1.0,0.0,0.0,2013,0.0,1296.0,194481.0,1.0,0.0,28561.0,Colin Kaepernick,Falcons,QB
520,0.0,1.0,16,0.0,28561.0,777796321.0,279841.0,0.0,0.0,0.0,1.0,0.0,0.0,2013,1.0,1.0,614656.0,16.0,0.0,65536.0,Ben Roethlisberger,Packers,QB
521,0.0,0.0,16,0.0,83521.0,2798410000.0,234256.0,0.0,0.0,0.0,0.0,0.0,0.0,2013,0.0,16.0,390625.0,16.0,0.0,194481.0,Nick Foles,Bears,QB
522,0.0,1.0,16,0.0,0.0,14666178816.0,194481.0,0.0,0.0,0.0,0.0,0.0,0.0,2013,16.0,0.0,5308416.0,16.0,0.0,1874161.0,Matt Ryan,49ers,QB
523,0.0,1.0,16,0.0,1.0,2608757776.0,130321.0,0.0,0.0,0.0,0.0,0.0,0.0,2013,1.0,1.0,531441.0,16.0,0.0,83521.0,Tony Romo,Redskins,QB
524,0.0,0.0,16,0.0,1.0,3154956561.0,130321.0,0.0,0.0,0.0,0.0,0.0,0.0,2013,1.0,1.0,1336336.0,16.0,0.0,331776.0,Chad Henne,Titans,QB
525,0.0,1.0,16,0.0,625.0,3373402561.0,50625.0,0.0,0.0,0.0,0.0,0.0,0.0,2013,0.0,1296.0,1874161.0,1.0,0.0,456976.0,Andrew Luck,Chiefs,QB
526,0.0,1.0,16,0.0,50625.0,2428912656.0,50625.0,0.0,0.0,0.0,0.0,1.0,0.0,2013,1.0,16.0,1500625.0,1.0,0.0,160000.0,Jay Cutler,Eagles,QB
527,0.0,1.0,16,0.0,16.0,4294967296.0,38416.0,0.0,0.0,0.0,0.0,0.0,0.0,2013,1.0,16.0,3111696.0,1.0,0.0,279841.0,Eli Manning,Lions,QB
528,0.0,1.0,16,0.0,6561.0,6234839521.0,28561.0,0.0,0.0,0.0,0.0,0.0,0.0,2013,16.0,1.0,3748096.0,1.0,0.0,810000.0,Drew Brees,Panthers,QB
529,0.0,0.0,16,0.0,4096.0,2897022976.0,20736.0,0.0,1.0,0.0,0.0,0.0,0.0,2013,1.0,16.0,2313441.0,1.0,0.0,194481.0,Matt Flynn,Steelers,QB
530,0.0,0.0,16,0.0,0.0,4569760000.0,20736.0,0.0,0.0,0.0,1.0,0.0,0.0,2013,16.0,16.0,2085136.0,0.0,0.0,234256.0,Joe Flacco,Patriots,QB
531,0.0,0.0,16,0.0,10000.0,1506138481.0,20736.0,0.0,0.0,0.0,0.0,0.0,0.0,2013,1.0,16.0,1679616.0,1.0,0.0,194481.0,Kirk Cousins,Cowboys,QB
532,0.0,1.0,16,0.0,0.0,875213056.0,20736.0,0.0,0.0,0.0,0.0,0.0,0.0,2013,0.0,0.0,456976.0,1.0,0.0,38416.0,Tom Brady,Ravens,QB
533,0.0,0.0,16,0.0,1048576.0,136048896.0,14641.0,0.0,0.0,0.0,0.0,0.0,0.0,2013,1.0,16.0,531441.0,1.0,0.0,14641.0,Russell Wilson,Cardinals,QB
534,0.0,0.0,16,0.0,81.0,1632240801.0,14641.0,0.0,1.0,0.0,0.0,0.0,0.0,2013,1.0,256.0,707281.0,1.0,0.0,130321.0,Philip Rivers,Raiders,QB
535,0.0,0.0,16,0.0,1296.0,1073283121.0,14641.0,0.0,0.0,0.0,0.0,0.0,0.0,2013,1.0,256.0,234256.0,1.0,0.0,28561.0,Cam Newton,Saints,QB
536,0.0,1.0,16,0.0,1.0,1073283121.0,14641.0,0.0,0.0,0.0,0.0,0.0,0.0,2013,1.0,81.0,456976.0,1.0,0.0,83521.0,Ryan Fitzpatrick,Jaguars,QB
537,0.0,0.0,16,0.0,625.0,959512576.0,6561.0,0.0,0.0,0.0,0.0,0.0,0.0,2013,16.0,1.0,1874161.0,1.0,0.0,104976.0,Matt Schaub,Broncos,QB
538,0.0,0.0,16,0.0,1.0,2428912656.0,1296.0,0.0,0.0,0.0,0.0,1.0,0.0,2013,16.0,1.0,3111696.0,0.0,0.0,390625.0,Matthew Stafford,Giants,QB
539,0.0,0.0,16,0.0,4879681.0,547981281.0,1296.0,0.0,16.0,0.0,0.0,0.0,0.0,2013,1.0,1296.0,614656.0,0.0,0.0,65536.0,Alex Smith,Colts,QB
540,0.0,1.0,16,0.0,625.0,1800814096.0,1296.0,0.0,0.0,0.0,0.0,0.0,0.0,2013,1.0,1.0,1679616.0,0.0,0.0,160000.0,Matt McGloin,Chargers,QB
541,0.0,0.0,16,0.0,28561.0,1387488001.0,1296.0,0.0,0.0,0.0,0.0,0.0,0.0,2013,1.0,4096.0,390625.0,0.0,0.0,50625.0,Thaddeus Lewis,Dolphins,QB
542,0.0,1.0,16,0.0,81.0,1003875856.0,625.0,0.0,0.0,0.0,0.0,0.0,0.0,2013,256.0,625.0,390625.0,1.0,0.0,28561.0,Carson Palmer,Seahawks,QB
543,0.0,1.0,16,0.0,81.0,623201296.0,625.0,0.0,1.0,0.0,0.0,0.0,0.0,2013,0.0,16.0,456976.0,0.0,0.0,65536.0,Mike Glennon,Rams,QB
544,0.0,0.0,16,0.0,0.0,623201296.0,625.0,0.0,1.0,0.0,0.0,0.0,0.0,2013,0.0,256.0,160000.0,0.0,0.0,65536.0,Kellen Clemens,Buccaneers,QB
545,0.0,1.0,16,0.0,194481.0,1003875856.0,625.0,0.0,0.0,0.0,0.0,0.0,0.0,2013,16.0,16.0,2560000.0,0.0,0.0,104976.0,Jason Campbell,Jets,QB
546,0.0,1.0,16,0.0,65536.0,168896016.0,256.0,0.0,1.0,0.0,0.0,0.0,0.0,2013,81.0,81.0,531441.0,1.0,0.0,28561.0,Matt Cassel,Bengals,QB
547,0.0,1.0,16,0.0,0.0,45212176.0,81.0,0.0,0.0,0.0,0.0,0.0,0.0,2013,0.0,0.0,531441.0,0.0,0.0,10000.0,Ryan Tannehill,Bills,QB
548,0.0,0.0,16,0.0,2313441.0,16.0,1.0,0.0,0.0,0.0,0.0,0.0,0.0,2013,1.0,81.0,256.0,0.0,0.0,1.0,Tyrod Taylor,Patriots,QB
549,0.0,0.0,16,0.0,16.0,0.0,0.0,0.0,0.0,0.0,0.0,0.0,0.0,2013,0.0,16.0,0.0,0.0,0.0,0.0,Michael Vick,Bears,QB
550,0.0,1.0,16,0.0,0.0,0.0,0.0,0.0,0.0,0.0,0.0,0.0,0.0,2013,0.0,0.0,1.0,0.0,0.0,0.0,Luke McCown,Panthers,QB
551,0.0,1.0,16,0.0,81.0,160000.0,0.0,0.0,0.0,0.0,0.0,0.0,0.0,2013,0.0,1.0,256.0,0.0,0.0,16.0,Josh McCown,Eagles,QB
552,0.0,0.0,16,0.0,81.0,0.0,0.0,0.0,0.0,0.0,0.0,0.0,0.0,2013,0.0,256.0,0.0,0.0,0.0,0.0,Josh Johnson,Min,QB
553,0.0,1.0,16,0.0,0.0,7890481.0,16.0,0.0,0.0,0.0,0.0,0.0,0.0,2013,16.0,0.0,1296.0,0.0,0.0,16.0,Matt Moore,Bills,QB
554,0.0,0.0,17,0.0,4096.0,21071715921.0,4100625.0,0.0,0.0,0.0,1.0,0.0,0.0,2013,0.0,16.0,923521.0,256.0,0.0,331776.0,Drew Brees,Buccaneers,QB
555,0.0,1.0,17,0.0,0.0,5006411536.0,1336336.0,0.0,0.0,0.0,0.0,0.0,0.0,2013,0.0,0.0,614656.0,256.0,0.0,390625.0,Peyton Manning,Raiders,QB
556,0.0,0.0,17,0.0,1.0,27439591201.0,456976.0,0.0,0.0,0.0,0.0,0.0,0.0,2013,1.0,1.0,5764801.0,16.0,0.0,614656.0,Carson Palmer,49ers,QB
557,0.0,1.0,17,0.0,331776.0,9235210000.0,456976.0,0.0,0.0,0.0,0.0,0.0,0.0,2013,0.0,256.0,1336336.0,16.0,0.0,194481.0,Colin Kaepernick,Cardinals,QB
558,0.0,0.0,17,0.0,16.0,2750058481.0,390625.0,0.0,0.0,0.0,0.0,0.0,0.0,2013,1.0,81.0,1185921.0,81.0,0.0,234256.0,Philip Rivers,Chiefs,QB
559,0.0,0.0,17,0.0,5764801.0,1836036801.0,279841.0,0.0,1.0,0.0,0.0,0.0,0.0,2013,0.0,6561.0,2085136.0,16.0,0.0,194481.0,Terrelle Pryor,Broncos,QB
560,0.0,0.0,17,0.0,279841.0,6234839521.0,279841.0,0.0,0.0,0.0,1.0,0.0,0.0,2013,256.0,1296.0,1679616.0,16.0,0.0,194481.0,Andy Dalton,Ravens,QB
561,0.0,0.0,17,0.0,4096.0,16426010896.0,234256.0,0.0,0.0,0.0,0.0,0.0,0.0,2013,16.0,1.0,4477456.0,16.0,0.0,810000.0,Kyle Orton,Eagles,QB
562,0.0,1.0,17,0.0,26873856.0,492884401.0,234256.0,0.0,0.0,0.0,0.0,0.0,0.0,2013,1.0,20736.0,531441.0,16.0,0.0,50625.0,Cam Newton,Falcons,QB
563,0.0,0.0,17,0.0,1.0,6146560000.0,194481.0,0.0,0.0,0.0,0.0,0.0,0.0,2013,1.0,16.0,2560000.0,16.0,0.0,614656.0,Matt Ryan,Panthers,QB
564,0.0,1.0,17,0.0,625.0,4784350561.0,194481.0,0.0,1.0,0.0,0.0,0.0,0.0,2013,0.0,625.0,456976.0,16.0,0.0,83521.0,Nick Foles,Cowboys,QB
565,0.0,1.0,17,0.0,625.0,10226063376.0,160000.0,0.0,0.0,0.0,0.0,0.0,0.0,2013,16.0,1.0,2313441.0,16.0,0.0,390625.0,Aaron Rodgers,Bears,QB
566,0.0,1.0,17,0.0,12117361.0,1600000000.0,130321.0,0.0,0.0,0.0,0.0,0.0,0.0,2013,0.0,2401.0,810000.0,1.0,0.0,194481.0,Chase Daniel,Chargers,QB
567,0.0,0.0,17,0.0,0.0,2608757776.0,130321.0,0.0,0.0,0.0,0.0,0.0,0.0,2013,1.0,0.0,331776.0,16.0,0.0,50625.0,Jay Cutler,Packers,QB
568,0.0,1.0,17,0.0,0.0,2300257521.0,104976.0,0.0,0.0,0.0,0.0,0.0,0.0,2013,1.0,0.0,2825761.0,16.0,0.0,234256.0,Mike Glennon,Saints,QB
569,0.0,1.0,17,0.0,3748096.0,1303210000.0,83521.0,0.0,0.0,0.0,1.0,0.0,0.0,2013,0.0,10000.0,531441.0,0.0,0.0,83521.0,Geno Smith,Dolphins,QB
570,0.0,0.0,17,0.0,2401.0,6324066576.0,83521.0,0.0,0.0,0.0,0.0,0.0,0.0,2013,0.0,16.0,1874161.0,1.0,0.0,456976.0,Andrew Luck,Jaguars,QB
571,0.0,1.0,17,0.0,0.0,12003612721.0,83521.0,0.0,0.0,0.0,0.0,0.0,0.0,2013,1.0,1.0,6765201.0,1.0,0.0,810000.0,Chad Henne,Colts,QB
572,0.0,1.0,17,0.0,256.0,3722098081.0,50625.0,0.0,0.0,0.0,0.0,0.0,0.0,2013,0.0,16.0,707281.0,1.0,0.0,65536.0,Thaddeus Lewis,Patriots,QB
573,0.0,1.0,17,0.0,0.0,2217373921.0,38416.0,0.0,0.0,0.0,0.0,0.0,0.0,2013,0.0,0.0,1185921.0,1.0,0.0,234256.0,Matthew Stafford,Min,QB
574,0.0,0.0,17,0.0,1.0,875213056.0,20736.0,0.0,0.0,0.0,0.0,0.0,0.0,2013,0.0,625.0,279841.0,1.0,0.0,50625.0,Russell Wilson,Rams,QB
575,0.0,1.0,17,0.0,1296.0,3317760000.0,20736.0,0.0,1.0,0.0,0.0,0.0,0.0,2013,1.0,1.0,2825761.0,1.0,0.0,279841.0,Jason Campbell,Steelers,QB
576,0.0,0.0,17,0.0,625.0,1275989841.0,14641.0,0.0,0.0,0.0,0.0,0.0,0.0,2013,1.0,256.0,1185921.0,1.0,0.0,160000.0,Matt Cassel,Lions,QB
577,0.0,0.0,17,0.0,0.0,533794816.0,10000.0,0.0,0.0,0.0,0.0,0.0,0.0,2013,1.0,0.0,331776.0,1.0,0.0,10000.0,Eli Manning,Redskins,QB
578,0.0,0.0,17,0.0,81.0,221533456.0,10000.0,0.0,0.0,0.0,0.0,1.0,0.0,2013,1.0,256.0,331776.0,1.0,0.0,38416.0,Tom Brady,Bills,QB
579,0.0,0.0,17,0.0,130321.0,1731891456.0,6561.0,0.0,0.0,0.0,0.0,0.0,0.0,2013,81.0,16.0,2560000.0,1.0,0.0,160000.0,Ryan Tannehill,Jets,QB
580,0.0,0.0,17,0.0,6561.0,1026625681.0,6561.0,0.0,0.0,0.0,0.0,0.0,0.0,2013,16.0,256.0,923521.0,1.0,0.0,130321.0,Ben Roethlisberger,Browns,QB
581,0.0,1.0,17,0.0,16.0,607573201.0,4096.0,0.0,0.0,0.0,0.0,0.0,0.0,2013,16.0,16.0,810000.0,1.0,0.0,194481.0,Kellen Clemens,Seahawks,QB
582,0.0,1.0,17,0.0,1.0,1358954496.0,2401.0,0.0,0.0,0.0,0.0,0.0,0.0,2013,81.0,1.0,6250000.0,1.0,0.0,810000.0,Joe Flacco,Bengals,QB
583,0.0,1.0,17,0.0,2401.0,2750058481.0,256.0,0.0,1.0,0.0,0.0,0.0,0.0,2013,16.0,16.0,1336336.0,0.0,0.0,234256.0,Matt Schaub,Titans,QB
584,0.0,0.0,17,0.0,16.0,759333136.0,256.0,0.0,0.0,0.0,0.0,0.0,0.0,2013,1.0,16.0,331776.0,0.0,0.0,50625.0,Ryan Fitzpatrick,Texans,QB
585,0.0,1.0,17,0.0,1.0,52200625.0,81.0,0.0,0.0,0.0,0.0,0.0,0.0,2013,0.0,1.0,28561.0,0.0,0.0,6561.0,Brock Osweiler,Raiders,QB
586,0.0,0.0,17,0.0,1.0,390625.0,1.0,0.0,0.0,0.0,0.0,0.0,0.0,2013,0.0,1.0,256.0,0.0,0.0,81.0,Matt Hasselbeck,Jaguars,QB
587,0.0,1.0,17,0.0,81.0,815730721.0,1.0,0.0,1.0,0.0,0.0,0.0,0.0,2013,16.0,1.0,5764801.0,0.0,0.0,130321.0,Kirk Cousins,Giants,QB
588,0.0,0.0,17,0.0,16.0,0.0,0.0,0.0,0.0,0.0,0.0,0.0,0.0,2013,0.0,1.0,0.0,0.0,0.0,0.0,Luke McCown,Buccaneers,QB
589,0.0,0.0,17,0.0,16.0,14641.0,16.0,0.0,0.0,0.0,0.0,0.0,0.0,2013,1.0,81.0,4096.0,0.0,0.0,16.0,Curtis Painter,Redskins,QB
