,Year,Week,Name,Opponent,Position,Receiving TD,Rush TD,Pass Completions,Pass Interceptions,Receiving 2PT,Fumble TD,Pass TD,Receiving Yards,Rush Yards,Rush 2PT,Away Games,Points,Pass 2PT,Receptions,Rush Attempts,Pass Yards,Fumbles Lost,Pass Attempts
3230,2016,8,Aaron Rodgers,Falcons,QB,-0.034569186867618625,0.03463085025694644,3.3258558593182626,-0.027069937203717854,0.0,0.0,1.687098384189005,-0.02733270261275,0.06639915534838055,2.0585199408030443,-0.1340297142200458,2.6484101472829304,-0.0460822802564566,-0.027418381429957474,-0.005789052170582898,0.3093108251802392,-0.041142232298786705,2.6097063622793906
3252,2016,8,Alex Smith,Colts,QB,-0.034569186867618625,-0.020070745416639033,1.4158440955901281,-0.03097765536942645,0.0,0.0,-0.09107023602647722,-0.02733270261275,-0.02887507678470704,-0.06750077715157911,0.15169571726482545,0.19266860753525997,-0.0460822802564566,-0.027418381429957474,-0.06042998948112629,0.4926435096797999,2.722210947210216,1.4635179695185878
3239,2016,8,Andrew Luck,Chiefs,QB,-0.034569186867618625,-0.026908444875837215,1.0207185732759485,-0.03090514888002366,0.0,0.0,0.7361710574207418,-0.02733270261275,0.08886859116827796,-0.06750077715157911,0.008833001522389805,2.762771023820646,0.0031622789257619334,-0.027418381429957474,0.5935823442179984,1.2822985807552634,-0.04943229183731371,1.1243005926395568
3241,2016,8,Andy Dalton,Redskins,QB,-0.034569186867618625,0.02095545133855007,0.9317702621763309,-0.030958574714320453,0.0,0.0,-0.09911812498508593,-0.02733270261275,-0.022419087643296934,-0.06750077715157911,0.008833001522389805,0.05175281894666864,-0.0460822802564566,-0.027418381429957474,0.03251982416475184,1.132426543607834,-0.08811923635043975,1.6063539684330768
3232,2016,8,Blake Bortles,Titans,QB,-0.034569186867618625,-0.020070745416639026,1.4497280376792234,0.0436048093089025,0.0,0.0,0.02064288715471769,-0.02733270261275,-0.022919638231792223,2.0585199408030443,-0.1340297142200458,0.7341857413024696,-0.0460822802564566,-0.027418381429957474,0.05510090861098877,0.689541467442292,-0.06324905773485871,2.768298967776763
3253,2016,8,Brock Osweiler,Lions,QB,-0.034569186867618625,-0.0747723410902245,0.25908225327231443,-0.02406664209003361,0.0,0.0,-0.09348907021784336,-0.02733270261275,-0.028865014063362428,-0.06750077715157911,-0.24117675102687255,-0.08128888373441309,-0.0460822802564566,-0.027418381429957474,-0.06290506940829205,0.04624419702206555,-0.08811923635043975,0.7553291687495726
3251,2016,8,Cam Newton,Cardinals,QB,-0.034569186867618625,0.11668324376732465,0.23781855937501048,0.04696300460755834,0.0,0.0,0.8729064565551895,-0.02733270261275,0.03954389357700493,2.412856727128815,0.008833001522389805,1.4951440033866596,0.019577131986501448,-0.027418381429957474,3.1993741370915516,0.63927481498557,-0.08167141226491874,0.8325930638089797
3235,2016,8,Carson Palmer,Panthers,QB,-0.034569186867618625,-0.0747723410902245,1.7617212533847935,0.4692102698412741,0.0,0.0,0.1191832563227735,-0.02733270261275,-0.028880969119112854,-0.06750077715157911,-0.4197551457049172,0.3024717746615367,-0.0460822802564566,-0.027418381429957474,-0.06499775534565844,1.0391469798651862,-0.06324905773485871,2.1391251809179437
3250,2016,8,Carson Wentz,Cowboys,QB,-0.034569186867618625,-0.0747723410902245,0.7627243467995118,-0.027100466251887452,0.0,0.0,-0.09101917884037979,-0.02733270261275,-0.02887679252975491,2.0585199408030443,0.15169571726482545,-0.0030115842959470246,-0.0460822802564566,-0.027418381429957474,-0.01862991265541834,0.1216570673163839,-0.08535588317093075,0.3805787167442362
3233,2016,8,Dak Prescott,Eagles,QB,-0.034569186867618625,0.1440340416041174,0.13219300037107143,-0.030977655369426454,0.0,0.0,0.014056510148148165,-0.02733270261275,-0.022365251110522823,-0.06750077715157911,-0.1340297142200458,0.22983953380391495,-0.0460822802564566,-0.027418381429957474,0.161471276796974,0.20273340314673455,-0.06324905773485871,0.46796042624677986
3229,2016,8,Derek Carr,Buccaneers,QB,-0.034569186867618625,-0.0747723410902245,3.8232753077052744,-0.030958574714320453,0.0,0.0,1.4567347426656259,-0.02733270261275,-0.028869033754832567,-0.06750077715157911,0.25884275407165214,3.1627651450462837,6.306465854249735,-0.027418381429957474,-0.06289048713833716,4.929368227156212,-0.06877576409387673,3.0483027906553057
3242,2016,8,Drew Brees,Seahawks,QB,-0.034569186867618625,-0.020070745416639033,4.948644029461309,-0.02703940815554826,0.0,0.0,1.7922251303636305,-0.02733270261275,-0.028880876271528626,-0.06750077715157911,-0.1340297142200458,3.384404138654265,-0.0460822802564566,-0.027418381429957474,-0.06313265697865952,5.060336838384422,-0.08535588317093075,3.378103212555776
3256,2016,8,E.J. Manuel,Patriots,QB,-0.034569186867618625,-0.0747723410902245,-0.1509507315303227,-0.031038713465765654,0.0,0.0,-0.11077830986008837,-0.02733270261275,-0.028879503418836622,-0.06750077715157911,-0.9912060086746596,-0.11183058329944473,0.08523654422945949,-0.027418381429957474,-0.06459600512847848,-0.11538826781699907,-0.10746270860700276,-0.16214366898183405
3240,2016,8,Jameis Winston,Raiders,QB,-0.034569186867618625,-0.020070745416639026,1.6465767639382112,0.4731485170551523,0.0,0.0,0.9557041933432018,-0.02733270261275,-0.028839470818487707,-0.06750077715157911,0.1516957172648254,0.756410830995866,0.06647671216004292,-0.027418381429957474,-0.048158358319887316,1.0637137021801746,-0.06324905773485871,3.50279750476525
3247,2016,8,Jay Cutler,Min,QB,-0.034569186867618625,-0.0747723410902245,-0.08124150770298873,-0.030896244574307525,0.0,0.0,-0.11054004299163367,-0.02733270261275,-0.02887821464815891,-0.06750077715157911,-0.32451333520996,-0.10418737177067983,-0.0460822802564566,-0.027418381429957474,-0.06526010600600768,0.00022682642326346536,-0.05588011592283471,-0.04895491220352121
3258,2016,8,Jimmy Garoppolo,Bills,QB,-0.034569186867618625,-0.0747723410902245,0.020609690196832925,-0.03103871346576565,0.0,0.0,0.08471965570700268,-0.02732810055920873,-0.028878921119994613,-0.06750077715157911,0.5088525066209144,0.07387219628062003,-0.0460822802564566,0.167914271308294,-0.061536842360180366,0.007177800099188083,-0.06877576409387673,-0.06695858824941187
3237,2016,8,Josh McCown,Jets,QB,-0.034569186867618625,-0.0747723410902245,0.33637153623499816,-0.0036846863058054642,0.0,0.0,-0.0650310711167837,-0.02733270261275,-0.028879857241278405,-0.06750077715157911,-0.9912060086746596,0.06813594896721749,0.15089595647241755,-0.027418381429957474,-0.064244359764462,1.088203559192439,-0.10746270860700276,2.5471560503482267
3257,2016,8,Kevin Hogan,Jets,QB,-0.034569186867618625,0.11668324376732464,-0.1485857741644565,-0.017361699885785557,0.0,0.0,-0.11077830986008838,-0.02733270261275,15.535254379027792,-0.06750077715157911,0.008833001522389805,-0.10253802389172113,-0.0460822802564566,-0.027418381429957474,0.3099859024392545,-0.11519310942965999,-0.10746270860700276,-0.14490530887840664
3236,2016,8,Kirk Cousins,Bengals,QB,-0.034569186867618625,-0.026908444875837215,3.0354771466042423,-0.027485895485028635,0.0,0.0,0.0042152375278669205,-0.02733270261275,-0.02883801831115029,-0.06750077715157911,0.008833001522389805,0.1266785950464291,-0.0460822802564566,-0.027418381429957474,-0.06452244820946121,2.8563472558852157,-0.08811923635043975,2.5571850455589793
3238,2016,8,Marcus Mariota,Jaguars,QB,-0.034569186867618625,-0.026908444875837215,0.13742640402407244,-0.027512608402177036,0.0,0.0,0.10750392500298452,-0.02733270261275,0.184078924205342,-0.06750077715157911,-0.24117675102687255,1.002431630292279,-0.0460822802564566,-0.027418381429957474,0.1266038324458495,0.1177937775238627,-0.04943229183731371,0.22921598200146567
3259,2016,8,Matt Cassel,Jaguars,QB,-0.034569186867618625,-0.0747723410902245,-0.1509507315523232,-0.03103871346576565,0.0,0.0,-0.11077830986008838,-0.02733270261275,-0.02888103997263272,-0.06750077715157911,0.008833001522389805,-0.11183063379508534,-0.0460822802564566,-0.027418381429957474,-0.06529838446463927,-0.11538835155543997,-0.10746270860700276,-0.16214366962203586
3234,2016,8,Matt Ryan,Packers,QB,-0.034569186867618625,-0.0747723410902245,0.8371492735699766,-0.030931861797172056,0.0,0.0,0.9258165930314142,-0.02733270261275,-0.028776747736769498,1.7927673510587165,0.008833001522389805,3.024975596856629,0.0031622789257619334,-0.027418381429957474,-0.053770302597406214,5.268815437638424,-0.08811923635043975,0.4650140184397116
3248,2016,8,Matthew Stafford,Texans,QB,-0.034569186867618625,-0.0747723410902245,0.8766247937006049,-0.02756603423647383,0.0,0.0,0.9144244583834231,-0.02733270261275,-0.02702779157557963,-0.06750077715157911,0.008833001522389805,1.046053026536089,0.0031622789257619334,-0.027418381429957474,-0.024434648863613236,0.9243005309269223,-0.08811923635043975,0.6081748430006806
3243,2016,8,Nick Foles,Colts,QB,-0.034569186867618625,-0.0747723410902245,-0.1155165071014202,-0.03103871346576565,0.0,0.0,-0.0650310711167837,-0.02733270261275,-0.02888103998789015,-0.06750077715157911,1.0088720117194392,-0.02320939982287724,-0.0460822802564566,-0.027418381429957474,-0.06529838446463927,-0.008301140558466568,-0.10746270860700276,-0.14339346454158927
3245,2016,8,Philip Rivers,Broncos,QB,-0.034569186867618625,-0.0747723410902245,0.5452360959291216,0.030855115567073967,0.0,0.0,1.3647041647249933,-0.02733270261275,-0.02888060287507862,-0.06750077715157911,0.25884275407165214,0.6698853299596392,-0.0460822802564566,-0.027418381429957474,-0.06528425789062046,1.1809329996006308,-0.04943229183731371,1.11295518929083
3254,2016,8,Russell Wilson,Saints,QB,-0.034569186867618625,-0.0747723410902245,0.40939615209828556,-0.03097765536942645,0.0,0.0,0.000985870507203965,-0.027332703815193933,-0.02886772281739967,-0.06750077715157911,0.15169571726482545,0.10759916142056827,-0.0460822802564566,0.0842002772776148,-0.006090202084919265,0.25470806135934587,-0.08535588317093075,0.49968889514165943
3246,2016,8,Ryan Fitzpatrick,Browns,QB,-0.034569186867618625,-0.0747723410902245,0.12642567381422548,7.505343037026198,0.0,0.0,-0.10483652982799901,-0.02733270261275,-0.028746978183334528,-0.06750077715157911,0.25884275407165214,-0.08012549568555964,-0.0460822802564566,-0.027418381429957474,-0.0524018477013265,0.4851172422454293,-0.10746270860700276,0.6134762086512787
3249,2016,8,Sam Bradford,Bears,QB,-0.034569186867618625,-0.0747723410902245,0.32478820447762863,-0.03100309624290112,0.0,0.0,-0.09529096341053211,-0.02733270261275,-0.028881029047565034,-0.06750077715157911,0.008833001522389786,-0.03816065619652339,-0.0460822802564566,-0.027418381429957474,-0.06277139860037217,0.15353049469359492,3.1938232231797525,0.37773797335817233
3231,2016,8,Tom Brady,Bills,QB,-0.034569186867618625,-0.0747723410902245,0.9753970650235524,-0.03103871346576565,0.0,0.0,1.7553873705943288,-0.02733270261275,-0.028860991163722316,-0.06750077715157911,0.5088525066209144,3.4138181303423725,-0.0460822802564566,-0.027418381429957474,-0.04744011642518928,3.023269032497453,-0.10746270860700276,0.36185002748091644
3255,2016,8,Trevor Siemian,Chargers,QB,-0.034569186867618625,-0.0747723410902245,0.4103796509391983,-0.027069937203717857,0.0,0.0,0.7259468559047297,-0.02733270261275,-0.02883775479755581,-0.06750077715157911,-0.1340297142200458,0.6656281879630914,0.01019721595179315,-0.027418381429957474,-0.05455763125098655,0.18923921836100382,-0.08535588317093075,0.9297175555501689
3244,2016,8,Tyrod Taylor,Patriots,QB,-0.034569186867618625,0.06881934755293735,0.057818230991203756,-0.030985287631468853,0.0,0.0,-0.0015478423528814192,-0.02733270261275,0.6231877314446703,-0.06750077715157911,0.008833001522389805,0.14385286169093686,0.0031622789257619334,-0.027418381429957474,0.8479486258721542,0.030002180532237542,-0.08811923635043975,0.12455248692015823
13422,2016,8,Aaron Ripkowski,Falcons,RB,-0.029224726000253918,-0.06014164175485232,-0.03320445500854596,-0.014152045525279,-0.044793085914529115,0.0,-0.02831259801595088,-0.02747603186883481,-0.03285305015679041,-0.06733531265686163,-0.5028053397765788,-0.025413807609698736,0.0,-0.05084710819197197,-0.06331397857984122,-0.0100294118713246,-0.07088421258695851,-0.055589021985328856
13418,2016,8,Alfred Blue,Lions,RB,-0.029224726000253918,-0.06014164175485232,-0.03320445500854596,-0.014152045525279,-0.044793085914529115,0.0,-0.02831259801595088,-0.027476079199201107,-0.03187877016428413,-0.06733531265686163,-0.25280435741454826,-0.025411628560932358,0.0,-0.05084947755195468,-0.06142121423098321,-0.0100294118713246,0.011287504604144273,-0.055589021985328856
13441,2016,8,Alfred Morris,Eagles,RB,-0.029224726000253918,-0.05645762985792543,-0.03320445500854596,-0.014152045525279001,-0.04479308591452912,0.0,-0.028312598015950877,-0.027476079383141977,-0.0328349459053018,-0.06733531265686164,-0.14566107925939234,-0.025383968747617947,0.0,-0.050849409855955166,-0.06317073011629135,-0.0100294118713246,-0.07088421258695853,-0.05558902198532885
13436,2016,8,Andre Ellington,Panthers,RB,-0.029224726000253918,-0.06014164175485232,-0.03320445500854596,-0.014152045525279001,-0.04479308591452912,0.0,-0.028312598015950877,-0.02747251485772032,-0.0328759387485295,-0.06733531265686164,-0.4313764876731416,-0.02541390738627919,0.0,-0.05077900601646875,-0.06332618032290341,-0.0100294118713246,-0.07088421258695853,-0.05558902198532885
13428,2016,8,Antone Smith,Raiders,RB,-0.029224726000253918,-0.06014164175485232,-0.03320445500854596,-0.014152045525279,-0.044793085914529115,0.0,-0.02831259801595088,-0.01865115490780033,-0.03287755777391732,-0.06733531265686163,-0.0028033750525177092,-0.02541236400523244,0.0,-0.05060543347373493,-0.06335322131803361,-0.0100294118713246,-0.07088421258695851,-0.055589021985328856
13393,2016,8,Bilal Powell,Browns,RB,-0.029224726000253918,-0.058529886549946814,-0.03320445500854596,-0.014152045525279,-0.044793085914529115,0.0,-0.02831259801595088,-0.007895961876624757,-0.029400218101375594,-0.06733531265686163,0.24719760730951287,-0.0239046301648923,0.0,0.3482095036650023,-0.06332974444531057,-0.0100294118713246,0.011287504604144273,-0.055589021985328856
13401,2016,8,C.J. Prosise,Saints,RB,-0.029224726000253918,-0.06014164175485232,-0.03320445500854596,-0.014152045525278998,-0.04479308591452911,0.0,-0.028312598015950884,0.6060460380457812,-0.03287568581199212,-0.06733531265686163,0.3305312680968564,-0.024784518982607206,0.0,-0.02998315601350301,-0.06335493931446837,-0.0100294118713246,-0.07088421258695851,-0.055589021985328856
13415,2016,8,Charcandrick West,Colts,RB,-0.029224726000253918,-0.06014164175485232,-0.03320445500854596,-0.014152045525279001,-0.04479308591452912,0.0,-0.028312598015950877,-0.027406741918232832,-0.0315770223230113,-0.06733531265686164,-0.0028033750525177092,-0.025402638800727757,0.0,0.12748577209646425,-0.05227247149131884,-0.0100294118713246,-0.07088421258695853,-0.055589021985328856
13443,2016,8,Chris Ivory,Titans,RB,-0.02922472600025392,-0.0575628334270035,-0.03320445500854596,-0.014152045525279,-0.044793085914529115,0.0,-0.02831259801595088,-0.027475987541358902,-0.032638793009021984,-0.06733531265686163,-0.20280416094214213,-0.02523266562047858,0.0,-0.0506543370637782,-0.056121380918702855,-0.0100294118713246,-0.07088421258695851,-0.055589021985328856
13421,2016,8,Chris Thompson,Bengals,RB,-0.014072288121800006,-0.058529886549946814,-0.03320445500854596,-0.014152045525279,-0.044793085914529115,0.0,-0.02831259801595088,-0.0026722596326235384,-0.03026938069106626,-0.06733531265686163,-0.0028033750525176815,-0.024724064658666327,0.0,0.3863836839625304,-0.060075819637710005,-0.0100294118713246,-0.07088421258695851,-0.055589021985328856
13402,2016,8,Christine Michael,Saints,RB,-0.011907654139163736,0.41325388700025245,-0.03320445500854596,-0.014152045525279001,-0.04479308591452912,0.0,-0.028312598015950877,-0.02691569178081726,0.01159956395509523,-0.06733531265686164,0.14005432915435692,0.069124998849471,0.0,-0.004847541135528178,0.2030337543999746,-0.0100294118713246,0.023026321345730374,-0.05558902198532885
13429,2016,8,Daniel Lasco,Seahawks,RB,-0.029224726000253918,-0.06014164175485232,-0.03320445500854596,-0.014152045525278998,-0.04479308591452911,0.0,-0.028312598015950884,-0.027476054012278272,-0.03287768019348219,-0.06733531265686163,-0.3361380182018918,-0.0254139107670122,0.0,-0.050847424106636334,-0.06333852779777223,-0.0100294118713246,-0.07088421258695851,-0.055589021985328856
13407,2016,8,Darren Sproles,Cowboys,RB,-0.011907654139163735,-0.06014164175485232,-0.03320445500854596,-0.014152045525279001,-0.04479308591452912,0.0,-0.028312598015950877,7.260789466192485,-0.023432688781227305,-0.06733531265686164,0.14005432915435692,-0.008762415600612174,0.0,0.15214598053524037,-0.04476443567185416,-0.0100294118713246,-0.07088421258695853,-0.05558902198532885
13404,2016,8,David Johnson,Panthers,RB,-0.029224726000253918,3.878988079034221,-0.03320445500854596,-0.014152045525279,-0.044793085914529115,0.0,-0.02831259801595088,1.3209367620216987,0.6436756216359135,-0.06733531265686163,-0.25280435741454826,1.112913656427976,0.0,1.352858889328317,4.4346740098149215,-0.0100294118713246,0.011287504604144273,-0.055589021985328856
13440,2016,8,De'Anthony Thomas,Colts,RB,-0.029224726000253918,-0.06014164175485232,-0.03320445500854596,-0.014152045525278998,-0.04479308591452911,0.0,-0.028312598015950884,-0.02747181264540226,-0.03287780913951186,-0.06733531265686163,0.3305312680968564,-0.0254139107670122,0.0,-0.050526454807644394,-0.06335834909119258,-0.0100294118713246,-0.07088421258695851,-0.055589021985328856
13419,2016,8,DeAndre Washington,Buccaneers,RB,-0.029224726000253918,-0.06014164175485232,-0.03320445500854596,-0.014152045525279,-0.044793085914529115,0.0,-0.02831259801595088,-0.027277511394800707,-0.032146077905894396,-0.06733531265686163,0.24719760730951287,-0.02541080059603997,0.0,-0.012790448149586506,-0.062084354012387,-0.0100294118713246,0.011287504604144273,-0.055589021985328856
13386,2016,8,DeMarco Murray,Jaguars,RB,1.910287322441846,0.15261004529267533,-0.03320445500854596,-0.014152045525279,-0.044793085914529115,0.0,-0.02831259801595088,-0.004907034496883473,0.2794825790141597,-0.06733531265686163,-0.25280435741454826,0.1446139885049426,0.0,0.451565250959046,2.031566768868595,-0.0100294118713246,0.011287504604144273,-0.055589021985328856
13416,2016,8,Derek Watt,Broncos,RB,-0.029224726000253918,-0.06014164175485232,-0.03320445500854596,-0.014152045525279,-0.044793085914529115,0.0,-0.02831259801595088,-0.0008617636332162587,-0.03287780913953182,-0.06733531265686163,0.49719858967154346,-0.02541022305040381,0.0,-0.05084710819197197,-0.06335837577922851,-0.0100294118713246,-0.07088421258695851,-0.055589021985328856
13388,2016,8,Derrick Henry,Jaguars,RB,-0.029224726000253918,-0.058529886549946814,-0.03320445500854596,-0.014152045525279,-0.044793085914529115,0.0,-0.02831259801595088,-0.02417995986289743,-0.0317843328036225,-0.06733531265686163,-0.25280435741454826,-0.02137824809637061,0.0,-0.04296424752947561,-0.041012592852030794,-0.0100294118713246,-0.07088421258695851,-0.055589021985328856
13387,2016,8,Devonta Freeman,Packers,RB,0.0010801497566539035,-0.05530637614013578,-0.03320445500854596,-0.014152045525279,-0.044793085914529115,0.0,-0.02831259801595088,-0.006836350720872681,0.43016579908112373,-0.06733531265686163,-0.0028033750525177092,0.1842121462020631,0.0,0.040853757347091416,0.2692452042146318,-0.0100294118713246,-0.07088421258695851,-0.055589021985328856
13395,2016,8,Devontae Booker,Chargers,RB,-0.029224726000253918,-0.0569181313450413,-0.03320445500854596,-0.014152045525279,-0.044793085914529115,0.0,-0.02831259801595088,-0.026335967787338006,-0.02600893849513622,-0.06733531265686163,-0.25280435741454826,-0.021442249664540988,0.0,-0.006002705671101519,0.03968629802679654,-0.0100294118713246,0.09345922179524706,-0.055589021985328856
13442,2016,8,Dexter McCluster,Broncos,RB,-0.029224726000253918,-0.06014164175485232,-0.03320445500854596,-0.014152045525279001,-0.04479308591452912,0.0,-0.028312598015950877,-0.027473354207192772,-0.032877809139551774,-0.06733531265686164,0.3305312680968564,-0.02541391086142097,0.0,-0.05060669713239238,-0.06335837562193164,-0.0100294118713246,-0.07088421258695853,-0.055589021985328856
13432,2016,8,Don Jackson,Falcons,RB,-0.029224726000253918,-0.06014164175485232,-0.03320445500854596,-0.014152045525279,-0.044793085914529115,0.0,-0.02831259801595088,-0.027476079384799103,-0.0328777995233839,-0.06733531265686163,-0.0028033750525177092,-0.025413910798481792,0.0,-0.050849951423951226,-0.06335318136462816,-0.0100294118713246,-0.07088421258695851,-0.055589021985328856
13403,2016,8,Duke Johnson,Jets,RB,-0.029224726000253918,-0.058529886549946814,-0.03320445500854596,-0.014152045525279,-0.044793085914529115,0.0,-0.02831259801595088,0.42355182335579794,-0.03104422032357132,-0.06733531265686163,0.24719760730951287,-0.02430389857980531,0.0,0.2758677308007188,-0.062380727587601645,-0.0100294118713246,0.011287504604144273,-0.055589021985328856
13392,2016,8,Ezekiel Elliott,Eagles,RB,-0.029224726000253918,0.18116113749385868,-0.03320445500854596,-0.014152045525279001,-0.04479308591452912,0.0,-0.028312598015950877,-0.012903894589785645,1.366922779005688,-0.06733531265686164,-0.14566107925939234,0.3926132393134977,0.0,-0.040583446922843,3.937740113067109,-0.0100294118713246,0.023026321345730374,-0.05558902198532885
13438,2016,8,Fozzy Whittaker,Cardinals,RB,-0.029224726000253918,-0.06014164175485232,-0.03320445500854596,-0.014152045525279001,-0.04479308591452912,0.0,-0.028312598015950877,0.4239976198566858,-0.0060505533456584205,-0.06733531265686164,-0.14566107925939234,-0.02438826833720898,0.0,2.5829495602430903,-0.03921589394985032,-0.0100294118713246,0.023026321345730374,-0.05558902198532885
13399,2016,8,Frank Gore,Chiefs,RB,0.016232587635107813,-0.0569181313450413,-0.03320445500854596,-0.014152045525279,-0.044793085914529115,0.0,-0.02831259801595088,-0.027239935991375967,0.014223323340747359,-0.06733531265686163,-0.0028033750525177092,-0.01676799529537298,0.0,0.03205490211527703,0.3497487511755503,-0.0100294118713246,-0.07088421258695851,-0.055589021985328856
13397,2016,8,Giovani Bernard,Redskins,RB,-0.014072288121800006,-0.0569181313450413,-0.03320445500854596,-0.014152045525279,-0.044793085914529115,0.0,-0.02831259801595088,1.1154349308033356,-0.027390036955354722,-0.06733531265686163,-0.0028033750525177092,-0.015582054589283417,0.0,2.3942020791719596,-0.014934332349856506,-0.0100294118713246,0.011287504604144273,-0.055589021985328856
13400,2016,8,Isaiah Crowell,Jets,RB,-0.029224726000253918,-0.05208286573032475,-0.03320445500854596,-0.014152045525279,-0.044793085914529115,0.0,-0.02831259801595088,-0.02682338639619947,0.22931150823825433,-0.06733531265686163,0.24719760730951287,0.038449186096994326,0.0,-0.04859432072040554,0.031821735993796126,-0.0100294118713246,-0.07088421258695851,-0.055589021985328856
13396,2016,8,Jacquizz Rodgers,Raiders,RB,-0.029224726000253918,-0.057992634814978315,-0.03320445500854596,-0.014152045525279001,-0.04479308591452912,0.0,-0.028312598015950877,-0.027272105737402037,0.6434084741802832,-0.06733531265686164,-0.0028033750525177092,-0.017781803901969727,0.0,-0.0014857578000516101,3.1660554739949887,-0.0100294118713246,-0.07088421258695853,-0.055589021985328856
13423,2016,8,Jalen Richard,Buccaneers,RB,-0.029224726000253918,-0.058529886549946814,-0.03320445500854596,-0.014152045525279,-0.044793085914529115,0.0,-0.02831259801595088,0.03432104233386429,-0.025954857504726085,-0.06733531265686163,0.24719760730951287,-0.021268260300698973,0.0,0.0819877421350285,-0.0631417900198494,-0.0100294118713246,-0.07088421258695851,-0.055589021985328856
13425,2016,8,James White,Bills,RB,1.9254397603203,-0.06014164175485232,-0.03320445500854596,-0.014152045525279,-0.044793085914529115,0.0,-0.02831259801595088,0.03398024862177236,-0.032875456032107876,-0.06733531265686163,-0.0028033750525176815,-0.015559632979007827,0.0,1.0249205128405519,-0.06328470185685796,-0.0100294118713246,-0.07088421258695851,-0.055589021985328856
13412,2016,8,Jamize Olawale,Buccaneers,RB,-0.029224726000253918,-0.05645762985792543,-0.03320445500854596,-0.014152045525279001,-0.04479308591452912,0.0,-0.028312598015950877,0.06910124356730481,-0.03287712769500004,-0.06733531265686164,0.4257697375681061,-0.025342181484928082,0.0,-0.050710768448966534,-0.06333301716402708,-0.0100294118713246,-0.07088421258695853,-0.05558902198532885
13394,2016,8,Jeremy Hill,Redskins,RB,-0.029224726000253918,0.15099829008776983,-0.03320445500854596,-0.014152045525279,-0.044793085914529115,0.0,-0.02831259801595088,-0.026348735264972663,0.874923931198411,-0.06733531265686163,-0.0028033750525177092,0.12696172934647362,0.0,-0.0497519900079606,0.21845825653492174,-0.0100294118713246,-0.07088421258695851,-0.055589021985328856
13430,2016,8,Jeremy Langford,Min,RB,-0.029224726000253918,-0.05369462093523027,-0.03320445500854596,-0.014152045525279,-0.044793085914529115,0.0,-0.02831259801595088,-0.027471754207967096,-0.031944290763842434,-0.06733531265686163,-0.0028033750525177092,-0.024454382709536527,0.0,-0.050605433473734925,0.0042522287895623255,-0.0100294118713246,0.09345922179524704,-0.055589021985328856
13427,2016,8,Jerome Felton,Patriots,RB,-0.029224726000253918,-0.06014164175485232,-0.03320445500854596,-0.014152045525279,-0.044793085914529115,0.0,-0.02831259801595088,-0.02729410888029362,-0.032877809008600906,-0.06733531265686163,0.4971985896715435,-0.025413904850729432,0.0,-0.05072769244884308,-0.06335837546463476,-0.0100294118713246,-0.07088421258695851,-0.055589021985328856
13431,2016,8,John Kuhn,Seahawks,RB,-0.009021475495648705,0.2170802534888958,-0.03320445500854596,-0.014152045525279001,-0.04479308591452912,0.0,-0.028312598015950877,-0.027475494066854973,-0.03287780910871892,-0.06733531265686164,-0.0028033750525177092,-0.0061387884710446565,0.0,-0.0506073289617211,-0.06335813286042602,-0.0100294118713246,-0.07088421258695853,-0.055589021985328856
13434,2016,8,Jonathan Grimes,Lions,RB,-0.029224726000253918,-0.06014164175485232,-0.03320445500854596,-0.014152045525278998,-0.04479308591452911,0.0,-0.028312598015950884,-0.0274690225559239,-0.032877795668892595,-0.06733531265686163,-0.3361380182018918,-0.025413910704073023,0.0,-0.030144904321656427,-0.06335789020378499,-0.0100294118713246,-0.07088421258695851,-0.055589021985328856
13383,2016,8,Jonathan Stewart,Cardinals,RB,-0.029224726000253918,0.7650770231567701,-0.03320445500854596,-0.014152045525279,-0.044793085914529115,0.0,-0.02831259801595088,-0.027337779443808233,0.01683562384432504,-0.06733531265686163,-0.0028033750525177092,0.1527655417718573,0.0,-0.05072769244884307,1.0641967018478042,-0.0100294118713246,0.09345922179524707,-0.055589021985328856
13408,2016,8,Jonathan Williams,Patriots,RB,-0.029224726000253918,-0.055843627875104294,-0.03320445500854596,-0.014152045525278998,-0.04479308591452911,0.0,-0.028312598015950884,-0.027476079384799106,-0.032876663593614554,-0.06733531265686163,-1.00280730450064,-0.02536207771012096,0.0,-0.05084995142395123,-0.0633251470772036,-0.0100294118713246,0.14824036658931558,-0.055589021985328856
13382,2016,8,Jordan Howard,Min,RB,-0.011907654139163736,-0.05645762985792543,-0.03320445500854596,-0.014152045525279001,-0.04479308591452912,0.0,-0.028312598015950877,-0.007275702792244811,0.6324117589577877,-0.06733531265686164,-0.14566107925939234,0.18968252231688462,0.0,-0.030596391507696257,1.0046010194817359,-0.0100294118713246,-0.07088421258695853,-0.05558902198532885
13411,2016,8,Juwan Thompson,Chargers,RB,-0.029224726000253918,-0.04724760011560822,-0.03320445500854596,-0.014152045525279,-0.044793085914529115,0.0,-0.02831259801595088,-0.027476079384799103,-0.03287780913958981,-0.06733531265686163,-1.00280730450064,-0.0253610540673228,0.0,-0.050849951423951226,-0.06335837530733789,-0.0100294118713246,-0.07088421258695851,-0.055589021985328856
13445,2016,8,Ka'Deem Carey,Min,RB,-0.029224726000253918,-0.06014164175485232,-0.03320445500854596,-0.014152045525279001,-0.04479308591452912,0.0,-0.028312598015950877,-0.02747342644917368,-0.03245115169416093,-0.06733531265686164,-0.0028033750525177092,-0.02541093670201335,0.0,-0.05084805593596506,-0.06180813902751834,-0.0100294118713246,-0.07088421258695853,-0.055589021985328856
13447,2016,8,Kapri Bibbs,Chargers,RB,-0.029224726000253918,-0.06014164175485232,-0.03320445500854596,-0.014152045525279,-0.044793085914529115,0.0,-0.02831259801595088,-0.027476073042567585,-0.032877759443024,-0.06733531265686163,-0.5028053397765788,-0.025413910845686172,0.0,-0.050849003679958135,-0.06335801163697008,-0.0100294118713246,-0.07088421258695851,-0.055589021985328856
13448,2016,8,Kenjon Barner,Cowboys,RB,-0.02922472600025392,-0.0575628334270035,-0.03320445500854596,-0.014152045525279,-0.044793085914529115,0.0,-0.02831259801595088,-0.02747607796879877,-0.032705283670548216,-0.06733531265686163,0.19719741083710676,-0.025035657104947817,0.0,-0.050849193228756764,-0.06309210643438078,-0.0100294118713246,-0.07088421258695851,-0.055589021985328856
13435,2016,8,Kenneth Farrow,Broncos,RB,-0.029224726000253918,-0.06014164175485232,-0.03320445500854596,-0.014152045525279,-0.044793085914529115,0.0,-0.02831259801595088,-0.027476079384799103,-0.032877733646761144,-0.06733531265686163,-0.0028033750525177092,-0.025413910751277406,0.0,-0.050849951423951226,-0.06335541450831834,-0.0100294118713246,-0.07088421258695851,-0.055589021985328856
13444,2016,8,Knile Davis,Falcons,RB,-0.029224726000253918,-0.06014164175485232,-0.03320445500854596,-0.014152045525278998,-0.04479308591452911,0.0,-0.028312598015950884,-0.027472894557987054,-0.03287780912945345,-0.06733531265686163,0.3305312680968564,-0.02541391082995138,0.0,-0.050526454807644394,-0.06335789020378498,-0.0100294118713246,-0.07088421258695851,-0.055589021985328856
13398,2016,8,Lamar Miller,Lions,RB,-0.014072288121800006,-0.0569181313450413,-0.03320445500854596,-0.014152045525279,-0.044793085914529115,0.0,-0.02831259801595088,-0.02706976590219342,0.40179683435382757,-0.06733531265686163,-0.25280435741454826,0.2945601997597343,0.0,-0.03209125456879158,2.0845145885390934,-0.0100294118713246,-0.07088421258695851,-0.055589021985328856
13413,2016,8,Latavius Murray,Buccaneers,RB,-0.029224726000253918,0.22137826736864386,-0.03320445500854596,-0.014152045525279001,-0.04479308591452912,0.0,-0.028312598015950877,-0.022601330526856228,-0.030503334838439967,-0.06733531265686164,0.6638659112462305,-0.0058369072158597655,0.0,0.17554650181520567,0.015427958085351133,-0.0100294118713246,-0.07088421258695853,-0.055589021985328856
13406,2016,8,LeGarrette Blount,Bills,RB,-0.029224726000253918,0.36052646672548644,-0.03320445500854596,-0.014152045525279,-0.044793085914529115,0.0,-0.02831259801595088,-0.027461570026664855,0.22676044822054847,-0.06733531265686163,-0.0028033750525176815,0.15883638227957436,0.0,-0.049752463879957146,2.317102811949278,-0.0100294118713246,0.011287504604144273,-0.055589021985328856
13451,2016,8,Mark Ingram,Seahawks,RB,0.005409417721926449,-0.058299635806388875,-0.03320445500854596,-0.014152045525279001,-0.04479308591452912,0.0,-0.028312598015950877,-0.018167204872983272,-0.026349946251909524,1.976874726299776,-0.14566107925939234,-0.0025738411724761556,0.0,0.127512218666938,0.05893475412580892,-0.0100294118713246,0.11693685527841928,-0.05558902198532885
13410,2016,8,Matt Asiata,Bears,RB,-0.029224726000253918,-0.05645762985792543,-0.03320445500854596,-0.014152045525279001,-0.04479308591452912,0.0,-0.028312598015950877,-0.020739598774745453,-0.03200230941342317,-0.06733531265686164,0.14005432915435692,-0.020738515364486933,0.0,0.10207856086847064,-0.0411107550772461,-0.0100294118713246,-0.07088421258695853,-0.05558902198532885
13384,2016,8,Matt Forte,Browns,RB,-0.014072288121800006,3.6726834128063155,-0.03320445500854596,-0.014152045525279,-0.044793085914529115,0.0,-0.02831259801595088,0.015888864907836024,0.03872072629340191,-0.06733531265686163,0.24719760730951287,0.5276232323643706,0.0,-0.005761030952864479,4.077856235010764,-0.0100294118713246,0.011287504604144273,-0.055589021985328856
13389,2016,8,Melvin Gordon,Broncos,RB,0.0010801497566539035,0.5619958673386756,-0.03320445500854596,-0.014152045525279,-0.044793085914529115,0.0,-0.02831259801595088,-0.00437997417685223,0.06150737434835792,-0.06733531265686163,0.24719760730951287,0.42201275523693255,0.0,0.23102238053585525,1.7048286685020904,-0.0100294118713246,0.09345922179524706,-0.055589021985328856
13391,2016,8,Mike Gillislee,Patriots,RB,-0.014072288121800006,-0.05530637614013578,-0.03320445500854596,-0.014152045525279,-0.044793085914529115,0.0,-0.02831259801595088,-0.027468379343374934,-0.024640165830192465,-0.06733531265686163,-0.0028033750525177092,-0.02205377466834017,0.0,-0.04981217175152159,-0.060489900742963086,-0.0100294118713246,-0.07088421258695851,-0.055589021985328856
13439,2016,8,Mike Tolbert,Cardinals,RB,-0.029224726000253918,-0.06014164175485232,-0.03320445500854596,-0.014152045525279001,-0.04479308591452912,0.0,-0.028312598015950877,-0.027474714672778684,-0.03287616819868499,-0.06733531265686164,-0.14566107925939234,-0.02541390738627919,0.0,-0.050779547584464804,-0.06292823262973181,-0.0100294118713246,-0.07088421258695853,-0.05558902198532885
13449,2016,8,Peyton Barber,Raiders,RB,-0.029224726000253918,-0.05584362787510428,-0.03320445500854596,-0.014152045525278998,-0.04479308591452911,0.0,-0.028312598015950884,-0.027476079384799106,-0.014475294342191568,-0.06733531265686163,0.3305312680968564,-0.018779271554596185,0.0,-0.05084995142395123,-0.05584294196579485,-0.0100294118713246,-0.07088421258695851,-0.055589021985328856
13424,2016,8,Reggie Bush,Patriots,RB,-0.02922472600025392,-0.0575628334270035,-0.03320445500854596,-0.014152045525279,4.429140335228642,0.0,-0.02831259801595088,-0.026522966637738003,-0.03287780982485815,-0.06733531265686163,0.19719741083710676,-0.025233206620480786,0.0,-0.050752144243864705,-0.06335806826384396,-0.0100294118713246,-0.07088421258695851,-0.055589021985328856
13390,2016,8,Rob Kelley,Bengals,RB,-0.009021475495648704,-0.057992634814978315,-0.03320445500854596,-0.014152045525279001,-0.04479308591452912,0.0,-0.028312598015950877,-0.027476079384783997,-0.0203383349075795,-0.06733531265686164,0.3305312680968564,-0.022068216070700735,0.0,-0.0508493195946225,0.1255238779169621,-0.0100294118713246,-0.07088421258695853,-0.055589021985328856
13426,2016,8,Robert Turbin,Chiefs,RB,-0.029224726000253918,-0.05645762985792543,-0.03320445500854596,-0.014152045525279001,-0.04479308591452912,0.0,-0.028312598015950877,-0.02735098448657144,-0.03287780390522976,-0.06733531265686164,0.14005432915435692,-0.025384138764321544,0.0,-0.040653309194333374,-0.06335648693591989,-0.0100294118713246,-0.07088421258695853,-0.05558902198532885
13433,2016,8,Ronnie Hillman,Bears,RB,-0.029224726000253918,-0.06014164175485232,-0.03320445500854596,-0.014152045525279,-0.044793085914529115,0.0,-0.02831259801595088,-0.02747586265305644,-0.03287764957368295,-0.06733531265686163,0.9972005543956046,-0.025413910798481792,0.0,-0.05060543347373493,-0.06335322131803361,-0.0100294118713246,-0.07088421258695851,-0.055589021985328856
13409,2016,8,Ryan Mathews,Cowboys,RB,-0.011907654139163736,0.17931913154539525,-0.03320445500854596,-0.014152045525279001,-0.04479308591452912,0.0,-0.028312598015950877,-0.026788905932778755,-0.027307994455208425,-0.06733531265686164,0.14005432915435692,-0.018108746166834666,0.0,-0.008538327028604745,0.172932177226811,-0.0100294118713246,0.11693685527841928,-0.05558902198532885
13420,2016,8,Spencer Ware,Colts,RB,-0.011907654139163736,-0.05645762985792543,-0.03320445500854596,-0.014152045525279001,-0.04479308591452912,0.0,-0.028312598015950877,7.694224666796656,0.16131288132652857,-0.06733531265686164,0.14005432915435692,0.2231392878443305,0.0,0.39543294669651813,0.5091904924233923,-0.0100294118713246,0.2108473892111082,-0.05558902198532885
13414,2016,8,T.J. Yeldon,Titans,RB,-0.029224726000253918,-0.058299635806388875,-0.03320445500854596,-0.014152045525279001,-0.04479308591452912,0.0,-0.028312598015950877,-0.020535814729523632,-0.030404540914642026,-0.06733531265686164,-0.14566107925939226,-0.023919563737017396,0.0,1.1115900086083177,0.10815521940291886,-0.0100294118713246,-0.07088421258695853,-0.05558902198532885
13417,2016,8,Terron Ward,Packers,RB,-0.029224726000253918,-0.06014164175485232,-0.03320445500854596,-0.014152045525279,-0.044793085914529115,0.0,-0.02831259801595088,-0.02747431337899556,-0.0320624513107064,-0.06733531265686163,-1.00280730450064,-0.02539915952294356,0.0,-0.050846160447978885,-0.06318224370800997,-0.0100294118713246,-0.07088421258695851,-0.055589021985328856
13385,2016,8,Theo Riddick,Texans,RB,2.5971978395984228,-0.0579926348149783,-0.03320445500854596,-0.014152045525279001,-0.04479308591452912,0.0,-0.028312598015950877,0.2774934883961334,-0.03197310773209691,-0.06733531265686164,0.3305312680968564,0.10048358251943619,0.0,2.0414680345504057,-0.054049313524769764,-0.0100294118713246,-0.07088421258695853,-0.055589021985328856
13405,2016,8,Tim Hightower,Seahawks,RB,-0.029224726000253918,-0.06014164175485232,-0.03320445500854596,-0.014152045525279001,-0.04479308591452912,0.0,-0.028312598015950877,-0.02747607820478372,0.002982612660544915,-0.06733531265686164,-0.0028033750525177092,-0.025099146113757253,0.0,-0.05084805593596506,0.7789061223446176,-0.0100294118713246,-0.07088421258695853,-0.055589021985328856
13446,2016,8,Travaris Cadet,Seahawks,RB,-0.009021475495648704,-0.06014164175485232,-0.03320445500854596,-0.014152045525279001,-0.04479308591452912,0.0,-0.028312598015950877,-0.026791301760833334,-0.03287780913890944,-0.06733531265686164,-0.33613801820189176,-0.02538792144940671,0.0,0.1379179061430309,-0.06335837572679621,-0.0100294118713246,-0.07088421258695853,-0.055589021985328856
13450,2016,8,Wendell Smallwood,Cowboys,RB,-0.029224726000253918,-0.0579926348149783,-0.03320445500854596,-0.014152045525279001,-0.04479308591452912,0.0,-0.028312598015950877,-0.027474487218857074,-0.02688970552339709,-0.06733531265686164,-0.0028033750525177092,-0.023439240775781498,0.0,-0.0508493195946225,-0.020324932983143192,-0.0100294118713246,0.038678077001178535,-0.055589021985328856
13437,2016,8,Zach Zenner,Texans,RB,-0.02922472600025392,-0.0575628334270035,-0.03320445500854596,-0.014152045525279,-0.044793085914529115,0.0,-0.02831259801595088,-0.027352955174992442,-0.03204516957834249,-0.06733531265686163,-0.20280416094214213,-0.025324056290891246,0.0,-0.050654337063778185,-0.04938734453630474,-0.0100294118713246,-0.07088421258695851,-0.055589021985328856
30442,2016,8,Antonio Gates,Broncos,TE,-0.03618483659928103,-0.03719040016528009,0.0,0.0,-0.02206048014198861,0.0,0.0,-0.03562961899217349,-0.013167253977463983,0.0,0.3340240207226978,-0.04287429517809643,0.0,-0.03409481995482939,-0.014647145865235843,0.0,0.3159985534623935,0.0
30452,2016,8,Austin Hooper,Packers,TE,-0.043022767221892314,-0.03719040016528009,0.0,0.0,-0.02206048014198861,0.0,0.0,0.022917648488611126,-0.013167253977463983,0.0,-0.19930943979442584,-0.035169968124112896,0.0,-0.03728004360158841,-0.014647145865235845,0.0,-0.05951716702471836,0.0
30480,2016,8,Ben Braunecker,Min,TE,-0.047581387636966496,-0.03719040016528009,0.0,0.0,-0.02206048014198861,0.0,0.0,-0.03592547857503218,-0.013167253977463982,0.0,-0.9993096305701114,-0.05156640082497727,0.0,-0.053421725953455734,-0.014647145865235843,0.0,-0.05951716702471836,0.0
30451,2016,8,Ben Koyack,Titans,TE,-0.047581387636966496,-0.03719040016528009,0.0,0.0,-0.02206048014198861,0.0,0.0,-0.03401132999552057,-0.013167253977463982,0.0,1.0006908463691024,-0.05145551697198116,0.0,0.025089841227299,-0.014647145865235843,0.0,-0.05951716702471836,0.0
30481,2016,8,Brandon Bostick,Browns,TE,-0.047581387636966496,-0.03719040016528009,0.0,0.0,-0.02206048014198861,0.0,0.0,-0.035925475601628495,-0.013167253977463982,0.0,1.0006908463691024,-0.05156640082497727,0.0,-0.053421725953455734,-0.014647145865235843,0.0,-0.05951716702471836,0.0
30440,2016,8,C.J. Fiedorowicz,Lions,TE,-0.03781291531895038,-0.03719040016528009,0.0,0.0,-0.02206048014198861,0.0,0.0,0.014795435683399336,-0.013167253977463985,0.0,-0.4278809228731931,0.06995996136219186,0.0,0.013903334057091155,-0.014647145865235843,0.0,-0.05951716702471837,0.0
30446,2016,8,Cameron Brate,Raiders,TE,0.3724629220377263,-0.03719040016528009,0.0,0.0,-0.02206048014198861,0.0,0.0,-0.02658432331723561,-0.013167253977463985,0.0,0.14354778482372504,0.2102677721346087,0.0,-0.029734509856907596,-0.014647145865235843,0.0,-0.05951716702471837,0.0
30478,2016,8,Charles Clay,Patriots,TE,-0.0475813876369665,-0.03719040016528009,0.0,0.0,-0.02206048014198861,0.0,0.0,-0.017990139604796247,-0.013167253977463985,0.0,0.14354778482372504,-0.050662712118882125,0.0,-0.008503274691335817,-0.014647145865235843,0.0,-0.05951716702471837,0.0
30454,2016,8,Clive Walford,Buccaneers,TE,-0.044325230197627796,-0.03719040016528009,0.0,0.0,-0.02206048014198861,0.0,0.0,-0.034753314935311974,-0.013167253977463985,0.0,0.42926213867218416,-0.032723000643673894,0.0,-0.012550252329921898,-0.014647145865235843,0.0,-0.05951716702471837,0.0
30462,2016,8,Coby Fleener,Seahawks,TE,-0.04106907275828909,3.809359559786546,0.0,0.0,-0.02206048014198861,0.0,0.0,0.23839315174055314,-0.013166614612997217,0.0,-0.142166569024734,1.0722056910656619,0.0,0.10770222323896553,-0.011170534568971355,0.0,-0.05951716702471837,0.0
30448,2016,8,Delanie Walker,Jaguars,TE,-0.03781291531895038,-0.03719040016528009,0.0,0.0,-0.02206048014198861,0.0,0.0,0.07041123205584074,-0.013156329836145094,0.0,-0.14216656902473404,0.18772516352049953,0.0,0.11889992854517716,-0.011170534568971355,0.0,-0.05951716702471837,0.0
30469,2016,8,Demetrius Harris,Colts,TE,-0.0475813876369665,-0.03719040016528009,0.0,0.0,-0.02206048014198861,0.0,0.0,-0.035923019944452385,-0.013167253977463983,0.0,0.0006906078994955434,-0.051566250805115954,0.0,-0.05301304184460092,-0.014647145865235843,0.0,-0.05951716702471837,0.0
30449,2016,8,Eric Ebron,Texans,TE,-0.043022767221892314,-0.03719040016528009,0.0,0.0,-0.02206048014198861,0.0,0.0,0.020080693370247094,-0.013167253977463983,0.0,0.6006907509812597,-0.03640922241623436,0.0,0.15009411660011626,-0.014647145865235845,0.0,-0.05951716702471836,0.0
30455,2016,8,Erik Swoope,Chiefs,TE,-0.04758138763696649,-0.03719040016528009,0.0,0.0,-0.02206048014198861,0.0,0.0,-0.03215844443088118,-0.013167253977463982,0.0,0.3340240207226978,-0.05134826066691021,0.0,-0.05329409591618225,-0.014647145865235843,0.0,-0.059517167024718355,0.0
30453,2016,8,Gary Barnidge,Jets,TE,-0.0475813876369665,-0.03719040016528009,0.0,0.0,0.14695314549610403,0.0,0.0,0.006652911997667389,-0.013167253977463985,0.0,0.14354778482372504,-0.04830291097980227,0.0,0.13041146879118615,-0.014647145865235843,0.0,-0.05951716702471837,0.0
30473,2016,8,Geoff Swaim,Eagles,TE,-0.04758138763696649,-0.03719040016528009,0.0,0.0,-0.02206048014198861,0.0,0.0,-0.035863077306238084,-0.013167253977463982,0.0,-0.33264280492370674,-0.05156582330490959,0.0,-0.053379182607697896,-0.014647145865235843,0.0,-0.059517167024718355,0.0
30467,2016,8,Greg Olsen,Cardinals,TE,-0.04106907275828909,-0.03719040016528009,0.0,0.0,0.14695314549610403,0.0,0.0,9.598246150978598,-0.013167253977463985,0.0,-0.142166569024734,1.3031428104719143,0.0,0.8832648800743905,-0.014647145865235843,0.0,-0.05951716702471837,0.0
30468,2016,8,Hunter Henry,Broncos,TE,-0.03781291531895038,-0.03719040016528009,0.0,0.0,-0.02206048014198861,0.0,0.0,0.03773640656519706,-0.013167253977463985,0.0,0.42926213867218416,0.14593182518056036,0.0,0.0006674244323508058,-0.014647145865235843,0.0,0.2623534505356632,0.0
30463,2016,8,Jack Doyle,Chiefs,TE,0.3228065210878111,-0.03719040016528009,0.0,0.0,-0.02206048014198861,0.0,0.0,-0.006586836875678942,-0.013167253977463982,0.0,0.0006906078994955434,0.16278663527715653,0.0,0.5870033150843661,-0.014647145865235843,0.0,-0.05951716702471836,0.0
30466,2016,8,Jacob Tamme,Packers,TE,-0.03903397435870239,-0.03719040016528009,0.0,0.0,-0.02206048014198861,0.0,0.0,-0.018404889918677093,-0.013167253977463982,0.0,0.0006906078994955434,0.002517099494606656,0.0,-0.00811984620759202,-0.014647145865235843,0.0,-0.05951716702471836,0.0
30447,2016,8,Jason Witten,Eagles,TE,-0.044325230197627796,-0.03719040016528009,0.0,0.0,-0.02206048014198861,0.0,0.0,-0.025580262155948996,-0.013167253977463985,0.0,-0.142166569024734,-0.05037634466817564,0.0,0.7544978012989593,-0.014647145865235843,0.0,-0.05951716702471837,0.0
30460,2016,8,Jermaine Gresham,Panthers,TE,-0.047581387636966496,-0.03719040016528009,0.0,0.0,-0.02206048014198861,0.0,0.0,-0.035474580355700565,-0.013167253977463983,0.0,-0.1993094397944258,-0.051541261105718286,0.0,-0.049663976068628046,-0.014647145865235845,0.0,-0.05951716702471836,0.0
30461,2016,8,Jimmy Graham,Saints,TE,-0.044325230197627796,-0.03719040016528009,0.0,0.0,-0.02206048014198861,0.0,0.0,0.4989625488718688,-0.013167253977463985,0.0,0.14354778482372513,0.13458751985541845,0.0,0.0789891975644266,-0.014647145865235843,0.0,0.2623534505356633,0.0
30439,2016,8,Jordan Reed,Bengals,TE,0.4424703069835085,-0.03719040016528009,0.0,0.0,-0.02206048014198861,0.0,0.0,0.16030196720558526,-0.013167253977463983,0.0,0.0006906078994955619,1.150838098792667,0.0,2.053836616071641,-0.014647145865235843,0.0,-0.05951716702471837,0.0
30477,2016,8,Josh Hill,Seahawks,TE,-0.039983686945176185,-0.03719040016528009,0.0,0.0,-0.02206048014198861,0.0,0.0,-0.035914343331007535,-0.013167253977463982,0.0,-0.33264280492370674,-0.04683535643047652,0.0,-0.053379182607697896,-0.014647145865235843,0.0,-0.059517167024718355,0.0
30444,2016,8,Julius Thomas,Titans,TE,-0.03618483659928103,-0.03719040016528009,0.0,0.0,-0.02206048014198861,0.0,0.0,-0.0137758528962775,-0.013167253977463983,0.0,0.0006906078994955434,-0.0054891156282517685,0.0,-0.03681759408333098,-0.014647145865235843,0.0,-0.05951716702471837,0.0
30457,2016,8,Kyle Rudolph,Bears,TE,-0.03781291531895038,-0.03719040016528009,0.0,0.0,-0.02206048014198861,0.0,0.0,-0.013126254888452798,-0.013167253977463985,0.0,0.14354778482372507,0.03291418797127899,0.0,0.10114269972599953,-0.014647145865235843,0.0,-0.05951716702471837,0.0
30475,2016,8,Logan Paulsen,Min,TE,-0.047581387636966496,-0.03719040016528009,0.0,0.0,-0.02206048014198861,0.0,0.0,-0.03592544966005985,-0.013167253977463982,0.0,-0.9993096305701114,-0.051566397441070624,0.0,-0.05335791093481899,-0.014647145865235843,0.0,-0.05951716702471836,0.0
30474,2016,8,Luke Stocker,Raiders,TE,-0.047581387636966496,-0.03719040016528009,0.0,0.0,-0.02206048014198861,0.0,0.0,-0.03592547857503218,-0.013167253977463982,0.0,-0.9993096305701114,-0.05156640082497727,0.0,-0.05329409591618224,-0.014647145865235843,0.0,-0.05951716702471836,0.0
30465,2016,8,Marcedes Lewis,Titans,TE,-0.043782537291071344,-0.03719040016528009,0.0,0.0,-0.02206048014198861,0.0,0.0,-0.034955381811699486,-0.013167253977463983,0.0,-0.33264280492370674,-0.050618698289683316,0.0,-0.05026899604322042,-0.014647145865235843,0.0,-0.05951716702471837,0.0
30464,2016,8,Martellus Bennett,Bills,TE,6.186332029976983,-0.03719040016528009,0.0,0.0,-0.02206048014198861,0.0,0.0,0.5043338592723063,-0.011943750149748474,0.0,0.0006906078994955434,4.184093802887456,0.0,0.013534172429313672,-0.011605110981004418,0.0,-0.05951716702471836,0.0
30441,2016,8,Mychal Rivera,Buccaneers,TE,-0.04188311211812376,-0.03719040016528009,0.0,0.0,-0.02206048014198861,0.0,0.0,-0.03573213217165687,-0.013167253977463982,0.0,0.500690727134299,-0.0434738371462562,0.0,-0.052872514808810264,-0.014647145865235843,0.0,-0.05951716702471836,0.0
30458,2016,8,Nick O'Leary,Patriots,TE,-0.047581387636966496,-0.03719040016528009,0.0,0.0,0.21455859575134104,0.0,0.0,-0.03586252980192324,-0.013167253977463983,0.0,-0.19930943979442584,-0.051562920815381906,0.0,-0.05337067393854633,-0.014647145865235845,0.0,-0.05951716702471836,0.0
30472,2016,8,Nick Vannett,Saints,TE,-0.047581387636966496,-0.03719040016528009,0.0,0.0,-0.02206048014198861,0.0,0.0,-0.03592549109287358,-0.013167253977463982,0.0,1.0006908463691024,-0.05156640082497727,0.0,-0.053421725953455734,-0.014647145865235843,0.0,-0.05951716702471836,0.0
30456,2016,8,Phillip Supernaw,Jaguars,TE,-0.04758138763696649,-0.03719040016528009,0.0,0.0,-0.02206048014198861,0.0,0.0,-0.03583384930598063,-0.013167253977463982,0.0,-0.33264280492370674,-0.05156117832905268,0.0,-0.053379182607697896,-0.014647145865235843,0.0,-0.059517167024718355,0.0
30437,2016,8,Rob Gronkowski,Bills,TE,-0.033905526391743934,-0.03719040016528009,0.0,0.0,-0.02206048014198861,0.0,0.0,6.557139123876873,-0.013167253977463983,0.0,0.20069065559341692,3.9328520009826824,0.0,0.14680126163845963,-0.014647145865235845,0.0,-0.05951716702471836,0.0
30459,2016,8,Ryan Griffin,Lions,TE,-0.047581387636966496,-0.03719040016528009,0.0,0.0,-0.02206048014198861,0.0,0.0,-0.03291854035188927,-0.013167253977463982,0.0,-0.24930945171790617,-0.051430514977722684,0.0,0.210894302714678,-0.014647145865235843,0.0,-0.05951716702471836,0.0
30471,2016,8,Stephen Anderson,Lions,TE,-0.04758138763696649,-0.03719040016528009,0.0,0.0,-0.02206048014198861,0.0,0.0,-0.03590359864431759,-0.013167253977463982,0.0,-0.9993096305701114,-0.051566107553067904,0.0,-0.05260435773574612,-0.014647145865235843,0.0,-0.059517167024718355,0.0
30436,2016,8,Travis Kelce,Colts,TE,-0.03781291531895038,-0.03719040016528009,0.0,0.0,-0.02206048014198861,0.0,0.0,0.19391161101293866,-0.013167253977463985,0.0,0.14354778482372513,0.312710334644486,0.0,0.16795293261206634,-0.014647145865235843,0.0,-0.05951716702471837,0.0
30479,2016,8,Trey Burton,Cowboys,TE,-0.043022767221892314,-0.03719040016528009,0.0,0.0,-0.02206048014198861,0.0,0.0,-0.034590537988383706,-0.013167253977463983,0.0,0.6006907509812597,-0.03803077288497523,0.0,-0.03769388650985009,-0.014647145865235845,0.0,-0.05951716702471836,0.0
30438,2016,8,Tyler Eifert,Redskins,TE,-0.036184836599281026,-0.03719040016528009,0.0,0.0,-0.02206048014198861,0.0,0.0,0.5285752852248378,-0.013167253977463982,0.0,-0.9993096305701114,0.8567941229191676,0.0,2.3499262430151076,-0.014647145865235843,0.0,-0.05951716702471836,0.0
30476,2016,8,Tyler Kroft,Redskins,TE,-0.047581387636966496,-0.03719040016528009,0.0,0.0,-0.02206048014198861,0.0,0.0,-0.03576335944019392,-0.013167253977463983,0.0,0.20069065559341687,-0.05156326597385985,0.0,-0.05251746211456829,-0.014647145865235845,0.0,-0.05951716702471836,0.0
30443,2016,8,Vernon Davis,Bengals,TE,-0.044325230197627796,-0.03719040016528009,0.0,0.0,-0.02206048014198861,0.0,0.0,0.07788185442782834,-0.013167253977463985,0.0,-0.142166569024734,-0.027229405132878904,0.0,0.009531323342703903,-0.014647145865235843,0.0,-0.05951716702471837,0.0
30450,2016,8,Virgil Green,Chargers,TE,-0.047581387636966496,-0.03719040016528009,0.0,0.0,-0.02206048014198861,0.0,0.0,-0.031076179817263978,-0.013167253977463982,0.0,-0.4993095113353079,-0.051406062868294286,0.0,-0.04409116626002328,-0.014647145865235843,0.0,-0.05951716702471836,0.0
30470,2016,8,Zach Ertz,Cowboys,TE,-0.047581387636966496,-0.03719040016528009,0.0,0.0,-0.02206048014198861,0.0,0.0,-0.03139172616152724,-0.013167253977463983,0.0,0.20069065559341687,-0.05145751753759065,0.0,0.006575245143067775,-0.014647145865235845,0.0,-0.05951716702471836,0.0
30445,2016,8,Zach Miller,Min,TE,0.31995738332838974,-0.03719040016528009,0.0,0.0,-0.02206048014198861,0.0,0.0,0.04982072463089528,-0.013167253977463982,0.0,0.0006906078994955434,0.7111629104624544,0.0,0.4547181731934874,-0.014647145865235843,0.0,-0.05951716702471836,0.0
18402,2016,8,A.J. Green,Redskins,WR,-0.05126386718400329,-0.01455117907917386,-0.00909327926901158,-0.017806114244894058,-0.08534814816129521,-0.008901998767625182,-0.03672717231242844,0.9393975100007305,-0.009212017112773349,-0.008901998767625182,0.0020602262423818907,1.3136936858367974,0.0,3.6040328276519435,-0.014141911401828997,-0.012032881866237235,-0.0376657222030361,-0.009166768192301236
18433,2016,8,Adam Humphries,Raiders,WR,-0.060795593004582635,-0.01455117907917386,-0.009093279269011581,-0.017806114244894058,1.4231863473506736,-0.008901998767625182,-0.03672717231242844,-0.009219620812513851,-0.009212011066617938,-0.008901998767625182,0.14491767228007227,-0.03699082165333865,0.0,0.31794552409226867,-0.014141846496128608,-0.012032881866237233,-0.0376657222030361,-0.009166768192301236
18439,2016,8,Adam Thielen,Bears,WR,-0.057164459358647654,-0.01455117907917386,-0.009093279269011581,-0.017806114244894058,-0.08534814816129521,-0.008901998767625182,-0.03672717231242844,0.021640497965983274,-0.009212017112773349,-0.008901998767625182,0.14491767228007227,0.05141160324526121,0.0,-0.00239848221358321,-0.014141911401828995,-0.012032881866237233,-0.0376657222030361,-0.009166768192301236
18391,2016,8,Allen Hurns,Titans,WR,-0.053533325712712666,-0.01455117907917386,-0.009093279269011581,-0.017806114244894058,-0.08534814816129521,-0.008901998767625182,-0.03672717231242844,-0.008538374287160486,-0.009212017112773349,-0.008901998767625182,-0.1407972197953085,-0.011667887853050488,0.0,0.010405627663923405,-0.014141911401828995,-0.012032881866237233,-0.0376657222030361,-0.009166768192301236
18419,2016,8,Allen Robinson,Titans,WR,0.40762064732103054,-0.01455117907917386,-0.009093279269011581,-0.017806114244894058,-0.08534814816129521,-0.008901998767625182,-0.03672717231242844,-0.015326742776325716,-0.009212017112773349,-0.008901998767625182,-0.1407972197953085,0.024857425551437985,0.0,0.04368304712639449,-0.014141911401828995,-0.012032881866237233,-0.0376657222030361,-0.009166768192301236
18401,2016,8,Alshon Jeffery,Min,WR,-0.05761835106438952,-0.01455117907917386,-0.00909327926901158,-0.017806114244894058,-0.08534814816129521,-0.008901998767625182,-0.03672717231242844,0.0022140237371494043,-0.009212017112773349,-0.008901998767625182,0.0020602262423818907,-0.03118079090251232,0.0,0.005006573517058029,-0.014141911401828997,-0.012032881866237235,-0.0376657222030361,-0.009166768192301236
18385,2016,8,Amari Cooper,Buccaneers,WR,-0.054441109124196405,-0.01455117907917386,-0.00909327926901158,-0.017806114244894058,2.5545872189846497,-0.008901998767625182,-0.03672717231242844,0.4319208242834219,-0.009212017112773349,-0.008901998767625182,0.25206075680834006,0.6570532543140161,0.0,3.0359746132146106,-0.014141911401828997,-0.012032881866237235,-0.0376657222030361,-0.009166768192301236
18479,2016,8,Andre Holmes,Buccaneers,WR,-0.05232294783073433,-0.01455117907917386,-0.00909327926901158,-0.017806114244894058,-0.08534814816129521,-0.008901998767625182,-0.03672717231242844,-0.01704275414873625,-0.009212017112773349,-0.008901998767625182,0.0020602262423818907,-0.03832336869870669,0.0,-0.06794043287568746,-0.014141911401828995,-0.012032881866237235,-0.0376657222030361,-0.009166768192301236
18394,2016,8,Andrew Hawkins,Jets,WR,0.3490686172803289,-0.01455117907917386,-0.00909327926901158,-0.017806114244894058,-0.08534814816129521,-0.008901998767625182,-0.03672717231242844,-0.016893013595100936,-0.009212017112773349,-0.008901998767625182,0.25206075680834006,-0.014054182132992006,0.0,-0.061211602733669906,-0.014141854609341156,-0.012032881866237235,-0.0376657222030361,-0.009166768192301236
18482,2016,8,Anquan Boldin,Texans,WR,-0.04808662524381018,-0.01455117907917386,-0.00909327926901158,-0.017806114244894058,-0.08534814816129521,-0.008901998767625182,-0.03672717231242844,-0.016784846488227805,-0.009212017112773349,-0.008901998767625182,0.0020602262423818907,-0.03208228834760894,0.0,0.09400223672526156,-0.014141911401828997,-0.012032881866237235,-0.0376657222030361,-0.009166768192301236
18407,2016,8,Brandin Cooks,Seahawks,WR,0.4148829146129005,-0.01455117907917386,-0.009093279269011581,-0.017806114244894058,-0.08534814816129521,-0.008901998767625182,-0.03672717231242844,0.4068956096920622,-0.009211908804618066,-0.008901998767625182,-0.1407972197953085,2.0017724190019286,0.0,0.142930053542686,-0.014141814043278411,-0.012032881866237233,-0.0376657222030361,-0.009166768192301236
18443,2016,8,Brandon Coleman,Seahawks,WR,-0.056559270417658486,-0.01455117907917386,-0.00909327926901158,-0.017806114244894058,-0.08534814816129521,-0.008901998767625182,-0.03672717231242844,-0.015535764800379251,-0.009212017112773349,-0.008901998767625182,0.0020602262423818907,-0.03822743692209194,0.0,0.005240598150403117,-0.014141911401828995,-0.012032881866237235,-0.0376657222030361,-0.009166768192301236
18475,2016,8,Brandon LaFell,Redskins,WR,0.352245859220522,-0.01455117907917386,-0.00909327926901158,-0.017806114244894058,-0.08534814816129521,-0.008901998767625182,-0.03672717231242844,-0.011605305900917455,-0.009212017113387018,-0.008901998767625182,0.0020602262423818907,0.0544135128276209,0.0,0.07521982746356384,-0.014141883005585077,-0.012032881866237235,-0.0376657222030361,-0.009166768192301236
18427,2016,8,Brandon Marshall,Browns,WR,-0.054441109124196405,-0.01455117907917386,-0.00909327926901158,-0.017806114244894058,-0.08534814816129521,-0.008901998767625182,-0.03672717231242844,0.009297153225188853,-0.009212017112773349,-0.008901998767625182,0.25206075680834006,0.029179585703310286,0.0,0.09320187514464998,-0.014141911401828997,-0.012032881866237235,-0.0376657222030361,-0.009166768192301236
18455,2016,8,Brandon Tate,Patriots,WR,-0.06079559300458263,-0.01455117907917386,-0.00909327926901158,-0.017806114244894058,-0.08534814816129521,-0.008901998767625182,-0.03672717231242844,-0.01703805580398272,-0.00921066921869901,-0.008901998767625182,0.33539426699699276,-0.03851161180348878,0.0,-0.06791804327523075,-0.014141759955194755,-0.012032881866237235,-0.0376657222030361,-0.009166768192301236
18465,2016,8,Braxton Miller,Lions,WR,-0.06079559300458263,-0.01455117907917386,-0.00909327926901158,-0.017806114244894058,-0.08534814816129521,-0.008901998767625182,-0.03672717231242844,-0.017042689387132,-0.009212017113755218,-0.008901998767625182,-0.5979410471159177,-0.03851240434833107,0.0,-0.067716394714927,-0.014141865967838724,-0.012032881866237235,-0.0376657222030361,-0.009166768192301236
18471,2016,8,Brice Butler,Eagles,WR,-0.05062841879596467,-0.01455117907917386,-0.00909327926901158,-0.017806114244894058,-0.08534814816129521,-0.008901998767625182,-0.03672717231242844,-0.017022693327183022,-0.009212017112773349,-0.008901998767625182,-0.19794019821038464,-0.03602555425045602,0.0,-0.059620101955491965,-0.014141911401828997,-0.012032881866237235,-0.0376657222030361,-0.009166768192301236
18459,2016,8,Brittan Golden,Panthers,WR,-0.06079559300458263,-0.01455117907917386,-0.00909327926901158,-0.017806114244894058,-0.08534814816129521,-0.008901998767625182,-0.03672717231242844,-0.01703404061387185,-0.009212017112773349,-0.008901998767625182,1.0020623485062146,-0.0385122733995853,0.0,-0.06789529828429061,-0.014141911401828997,-0.012032881866237235,-0.0376657222030361,-0.009166768192301236
18417,2016,8,Bryan Walters,Titans,WR,-0.035377657483037735,-0.01455117907917386,-0.00909327926901158,-0.017806114244894058,-0.08534814816129521,-0.008901998767625182,-0.03672717231242844,-0.01704270799287566,-0.009212017112773349,-0.008901998767625182,1.0020623485062146,-0.03766592205340994,0.0,-0.06789529828429061,-0.014141911401828997,-0.012032881866237235,-0.0376657222030361,-0.009166768192301236
18456,2016,8,Cameron Meredith,Min,WR,-0.056559270417658486,-0.01455117907917386,-0.00909327926901158,-0.017806114244894058,-0.08534814816129521,-0.008901998767625182,-0.03672717231242844,0.05565263286415634,-0.009212015323318373,-0.008901998767625182,0.0020602262423818907,0.06970488927224221,0.0,2.0898478932915716,-0.014141873540170435,-0.012032881866237235,0.16088958865841566,-0.009166768192301236
18464,2016,8,Charone Peake,Browns,WR,-0.06079559300458263,-0.01455117907917386,-0.00909327926901158,-0.017806114244894058,-0.08534814816129521,22.459742890718328,-0.03672717231242844,-0.017013059858608414,-0.009212017112773349,-0.008901998767625182,0.20206065069514842,-0.0375257968224497,0.0,-0.0594005772538712,-0.014141911401828997,-0.012032881866237235,-0.0376657222030361,-0.009166768192301236
18436,2016,8,Chris Conley,Colts,WR,-0.060795593004582635,-0.01455117907917386,-0.009093279269011581,-0.017806114244894058,-0.08534814816129521,-0.008901998767625182,-0.03672717231242844,-0.016223725146333506,-0.009212017112773349,-0.008901998767625182,0.14491767228007227,-0.03837515796343489,0.0,-0.04487810361886418,-0.014141911401828995,-0.012032881866237233,-0.0376657222030361,-0.009166768192301236
18392,2016,8,Chris Hogan,Bills,WR,-0.053533325712712666,-0.01455117907917386,-0.009093279269011581,-0.017806114244894058,-0.08534814816129521,-0.008901998767625182,-0.03672717231242844,0.005153352193811953,-0.009212017112072016,-0.008901998767625182,0.14491767228007227,-0.005289385605895587,0.0,-0.06404390623021916,-0.014141878948978804,-0.012032881866237233,0.04742941102330037,-0.009166768192301236
18437,2016,8,Cole Beasley,Eagles,WR,0.40762064732103054,-0.01455117907917386,-0.009093279269011581,-0.017806114244894058,-0.08534814816129521,-0.008901998767625182,-0.03672717231242844,-0.014203696243047128,-0.009212012600436487,-0.008901998767625182,-0.1407972197953085,0.02493722939977173,0.0,0.18439247122925867,-0.014141878948978804,-0.012032881866237233,-0.0376657222030361,-0.008961420608896589
18446,2016,8,Cordarrelle Patterson,Bears,WR,-0.053533325712712666,-0.01455117907917386,-0.009093279269011581,-0.017806114244894058,-0.08534814816129521,-0.008901998767625182,-0.03672717231242844,-0.0165812142365332,-0.00921200110977204,-0.008901998767625182,0.14491767228007227,-0.032548033045425376,0.0,0.0021175154295551717,-0.014141781590428218,-0.012032881866237233,-0.0376657222030361,-0.009166768192301236
18415,2016,8,Danny Amendola,Bills,WR,0.48569002070863276,-0.01455117907917386,-0.00909327926901158,-0.017806114244894058,-0.08534814816129521,-0.008901998767625182,-0.03672717231242844,-0.01694024583133899,-0.009212017112773349,-0.008901998767625182,0.0020602262423818907,-0.008880158725007432,0.0,-0.06608511685689007,-0.014141911401828995,-0.012032881866237235,0.061611933227689784,-0.009166768192301236
18424,2016,8,Davante Adams,Falcons,WR,0.4148829146129005,-0.01455117907917386,-0.009093279269011581,-0.017806114244894058,-0.08534814816129521,-0.008901998767625182,-0.03672717231242844,0.03664046738713942,-0.009212017112773349,-0.008901998767625182,-0.1407972197953085,0.8764753170753677,0.0,7.445733545069593,-0.014141911401828995,-0.012032881866237233,0.04742941102330037,-0.009166768192301236
18442,2016,8,DeAndre Hopkins,Lions,WR,-0.05126386718400329,-0.01455117907917386,-0.00909327926901158,-0.017806114244894058,-0.08534814816129521,-0.008901998767625182,-0.03672717231242844,-0.0012729944654030646,-0.009212017112773349,-0.008901998767625182,-0.24794030432357628,0.01933441599033895,0.0,0.3234317377551976,-0.014141911401828997,-0.012032881866237235,-0.0376657222030361,-0.009166768192301236
18441,2016,8,DeSean Jackson,Bengals,WR,-0.05761835106438952,-0.01455117907917386,-0.00909327926901158,-0.017806114244894058,-0.08534814816129521,-0.008901998767625182,-0.03672717231242844,-0.004883320439442618,-0.009212017112773349,-0.008901998767625182,0.0020602262423818907,-0.015260440299549781,0.0,-0.03736894386160962,-0.014141911401828997,-0.012032881866237235,-0.0376657222030361,-0.009166768192301236
18418,2016,8,Demaryius Thomas,Chargers,WR,-0.04808662524381018,-0.01455117907917386,-0.00909327926901158,-0.017806114244894058,1.2346195354116771,-0.008901998767625182,-0.03672717231242844,-0.002294937767831233,-0.009212017112773349,-0.008901998767625182,-0.24794030432357628,0.010573585405619569,0.0,0.009913094531427656,-0.014141911401828997,-0.012032881866237235,0.11125076094305272,-0.009166768192301236
18450,2016,8,Devin Funchess,Cardinals,WR,-0.05062841879596467,-0.01455117907917386,-0.00909327926901158,-0.017806114244894058,2.0266001455554608,-0.008901998767625182,-0.03672717231242844,-0.01685511112209696,-0.009212017112773349,-0.008901998767625182,0.20206065069514842,-0.03627088826744916,0.0,-0.0676893139600889,-0.014141911401828997,-0.012032881866237235,-0.0376657222030361,-0.009166768192301236
18387,2016,8,Dez Bryant,Eagles,WR,-0.04808662524381018,-0.01455117907917386,-0.00909327926901158,-0.017806114244894058,-0.08534814816129521,-0.008901998767625182,-0.03672717231242844,0.027229868520234318,-0.009212017112773349,-0.008901998767625182,-0.49794083488953444,0.0720690500742949,0.0,0.04426633810359866,-0.014141911401828997,-0.012032881866237235,-0.0376657222030361,-0.009166768192301236
18404,2016,8,Donte Moncrief,Chiefs,WR,-0.04385030265688603,-0.01455117907917386,-0.00909327926901158,-0.017806114244894058,-0.08534814816129521,-0.008901998767625182,-0.03672717231242844,-0.01626879737180752,-0.009212017112786134,-0.008901998767625182,-0.331273814512229,-0.022809585042951094,0.0,-0.015308701535431138,-0.014141835678511877,-0.012032881866237235,-0.0376657222030361,-0.009166768192301236
18420,2016,8,Dontrelle Inman,Broncos,WR,-0.05761835106438952,-0.01455117907917386,-0.00909327926901158,-0.017806114244894058,-0.08534814816129521,-0.008901998767625182,-0.03672717231242844,0.006376266095615976,-0.009212017112773349,-0.008901998767625182,0.25206075680834006,0.04026291306733818,0.0,-0.011702665359493724,-0.014141911401828997,-0.012032881866237235,-0.0376657222030361,-0.009166768192301236
18434,2016,8,Dorial Green-Beckham,Cowboys,WR,-0.05716445935864765,-0.01455117907917386,-0.009093279269011581,-0.017806114244894058,-0.08534814816129521,-0.008901998767625182,-0.03672717231242844,-0.016909801926461496,-0.009212017112773349,-0.008901998767625182,0.14491767228007227,-0.03845708257061058,0.0,-0.06165149365080613,-0.014141911401828995,-0.012032881866237233,-0.0376657222030361,-0.009166768192301236
18438,2016,8,Doug Baldwin,Saints,WR,-0.053533325712712666,-0.01455117907917386,-0.009093279269011581,-0.017806114244894058,-0.08534814816129521,-0.008901998767625182,-0.03672717231242844,0.2181353864977266,-0.009212017202544165,-0.008901998767625182,0.14491767228007227,0.3529030233429376,0.0,0.4812210761819707,-0.0141418789489788,-0.012032881866237233,-0.0376657222030361,-0.009166768192301236
18426,2016,8,Emmanuel Sanders,Chargers,WR,0.34906861728032884,-0.01455117907917386,-0.00909327926901158,-0.017806114244894058,-0.08534814816129521,-0.008901998767625182,-0.03672717231242844,0.008516466683982472,-0.009212017112773349,-0.008901998767625182,-0.24794030432357628,0.41306909173383544,0.0,0.45400255676145723,-0.014141911401828997,-0.012032881866237235,-0.0376657222030361,-0.009166768192301236
18416,2016,8,Geronimo Allison,Falcons,WR,-0.035377657483037735,-0.01455117907917386,-0.00909327926901158,-0.017806114244894058,-0.08534814816129521,-0.008901998767625182,-0.03672717231242844,-0.017041850744772866,-0.009212017112773349,-0.008901998767625182,1.0020623485062146,-0.036356836487017465,0.0,-0.06789529828429061,-0.014141911401828997,-0.012032881866237235,-0.0376657222030361,-0.009166768192301236
18440,2016,8,Golden Tate,Texans,WR,-0.05761835106438952,-0.01455117907917386,-0.00909327926901158,-0.017806114244894058,1.2346195354116771,-0.008901998767625182,-0.03672717231242844,0.1972131672221956,-0.009212025813914754,-0.008901998767625182,0.0020602262423818907,0.28258855697621366,0.0,0.2014362689952879,-0.014079723627643419,-0.012032881866237235,-0.0376657222030361,-0.009166768192301236
18386,2016,8,J.J. Nelson,Panthers,WR,0.5899035563469668,-0.01455117907917386,-0.00909327926901158,-0.017806114244894058,-0.08534814816129521,-0.008901998767625182,-0.03672717231242844,-0.01211690507137319,-0.009185899095111815,-0.008901998767625182,-0.5979410471159177,0.14567331843781234,0.0,0.15587585760594005,-0.014136050417083837,-0.012032881866237235,-0.0376657222030361,-0.009166768192301236
18388,2016,8,Jamison Crowder,Bengals,WR,-0.04808662524381018,-0.01455117907917386,-0.00909327926901158,-0.017806114244894058,-0.08534814816129521,-0.008901998767625182,-0.03672717231242844,0.005262446020868949,-0.009212040043660271,-0.008901998767625182,0.0020602262423818907,0.008452166515491133,0.0,0.34432963108147585,-0.014141883005585077,-0.012032881866237235,-0.0376657222030361,-0.009166768192301236
18411,2016,8,Jeff Janis,Falcons,WR,-0.05232294783073433,-0.01455117907917386,-0.00909327926901158,-0.017806114244894058,-0.08534814816129521,-0.008901998767625182,-0.03672717231242844,-0.017039057256985565,-0.009212017112773349,-0.008901998767625182,-0.331273814512229,-0.036873671520298246,0.0,-0.06500668443489206,-0.014141911401828999,-0.012032881866237235,-0.0376657222030361,-0.009166768192301236
18405,2016,8,Jeremy Maclin,Colts,WR,-0.053533325712712666,-0.01455117907917386,-0.009093279269011581,-0.017806114244894058,-0.08534814816129521,-0.008901998767625182,-0.03672717231242844,-0.014919036361336827,-0.009212017112778829,-0.008901998767625182,0.14491767228007227,-0.03161546139174055,0.0,-0.03191719038305703,-0.0141418789489788,-0.012032881866237233,-0.0376657222030361,-0.008961420608896589
18432,2016,8,Jermaine Kearse,Saints,WR,-0.060795593004582635,-0.01455117907917386,-0.009093279269011581,-0.017806114244894058,-0.08534814816129521,-0.008901998767625182,-0.03672717231242844,-0.016690682801343663,-0.009212017112773349,-0.008901998767625182,0.14491767228007227,-0.03847764995210955,0.0,-0.06024704123032116,-0.014141911401828995,-0.012032881866237233,-0.0376657222030361,-0.009166768192301236
18408,2016,8,John Brown,Panthers,WR,-0.05716445935864765,-0.01455117907917386,-0.009093279269011581,-0.017806114244894058,-0.08534814816129521,-0.008901998767625182,-0.03672717231242844,0.07642408447773139,-0.009212017112773349,-0.008901998767625182,-0.1407972197953085,-0.02143309777737857,0.0,0.7221036289159358,-0.014141911401828995,-0.012032881866237233,-0.0376657222030361,-0.009166768192301236
18478,2016,8,Johnny Holton,Buccaneers,WR,-0.06079559300458263,-0.01455117907917386,-0.00909327926901158,-0.017806114244894058,-0.08534814816129521,-0.008901998767625182,-0.03672717231242844,-0.01704276128257625,-0.009152482435618824,-0.008901998767625182,0.5020612873742982,-0.03851237181671566,0.0,-0.06796339998567975,-0.014134471585921867,-0.012032881866237235,-0.0376657222030361,-0.009166768192301236
18400,2016,8,Jordan Matthews,Cowboys,WR,-0.04990219206677767,-0.01455117907917386,-0.009093279269011581,-0.017806114244894058,-0.08534814816129521,-0.008901998767625182,-0.03672717231242844,0.0033580309360121555,-0.009212017112773349,-0.008901998767625182,0.14491767228007227,0.027405567738340703,0.0,1.5017101260592782,-0.014141911401828995,-0.012032881866237233,-0.0376657222030361,-0.009166768192301236
18474,2016,8,Jordan Norwood,Chargers,WR,-0.060795593004582635,-0.01455117907917386,-0.009093279269011581,-0.017806114244894058,-0.08534814816129521,-0.008901998767625182,-0.03672717231242844,-0.017031746486049625,-0.009212017112773349,-0.008901998767625182,-0.1407972197953085,-0.03851202744853218,0.0,-0.0618277165605232,-0.0141418789489788,-0.012032881866237233,-0.0376657222030361,-0.009166768192301236
18473,2016,8,Jordan Payton,Jets,WR,-0.06079559300458263,-0.01455117907917386,-0.00909327926901158,-0.017806114244894058,-0.08534814816129521,-0.008901998767625182,-0.03672717231242844,-0.017042761283541347,-0.009212017112773349,-0.008901998767625182,-0.9979418960214508,-0.03851240496504416,0.0,-0.06796300017138589,-0.014141911401828997,-0.012032881866237235,-0.0376657222030361,-0.009166768192301236
18444,2016,8,Jordan Taylor,Chargers,WR,-0.06079559300458263,-0.01455117907917386,-0.00909327926901158,-0.017806114244894058,-0.08534814816129521,-0.008901998767625182,-0.03672717231242844,-0.01703446722524334,-0.009212017112773349,-0.008901998767625182,0.0020602262423818907,-0.03851181035084141,0.0,-0.06796300017138589,-0.014141911401828997,-0.012032881866237235,0.11125076094305272,-0.009166768192301236
18390,2016,8,Jordy Nelson,Falcons,WR,0.4185140482588355,-0.01455117907917386,-0.009093279269011581,-0.017806114244894058,-0.08534814816129521,-0.008901998767625182,-0.03672717231242844,-0.0033221075100507637,-0.009212017112773349,-0.008901998767625182,-0.1407972197953085,0.3634685048393291,0.0,-0.01093166157131771,-0.014141911401828995,-0.012032881866237233,0.04742941102330037,-0.009166768192301236
18483,2016,8,Josh Bellamy,Min,WR,-0.06079559300458263,-0.01455117907917386,-0.00909327926901158,-0.017806114244894058,-0.08534814816129521,-0.008901998767625182,-0.03672717231242844,-0.01703840532028837,-0.009212009216183842,-0.008901998767625182,0.0020602262423818907,-0.03851184272827855,0.0,-0.06794620797104335,-0.014141854609341156,-0.012032881866237235,-0.0376657222030361,-0.009166768192301236
18477,2016,8,Josh Huff,Cowboys,WR,-0.055712005900273656,-0.01455117907917386,-0.00909327926901158,-0.017806114244894058,-0.08534814816129521,-0.008901998767625182,-0.03672717231242844,-0.017028755951990292,-0.009211940404312405,-0.008901998767625182,0.20206065069514842,-0.03834263248578409,0.0,-0.0642365177182297,-0.014136050417083837,-0.012032881866237235,-0.0376657222030361,-0.00887928157553473
18412,2016,8,Julian Edelman,Bills,WR,-0.05761835106438952,-0.01455117907917386,-0.00909327926901158,-0.017806114244894058,-0.08534814816129521,-0.008901998767625182,-0.03672717231242844,-0.015576948804153584,-0.009210214722290458,-0.008901998767625182,0.0020602262423818907,-0.037673554520288664,0.0,0.36898904392019644,-0.014017621042189603,-0.012032881866237235,0.03679251937000831,-0.009166768192301236
18457,2016,8,Julio Jones,Packers,WR,-0.04808662524381018,-0.01455117907917386,-0.00909327926901158,-0.017806114244894058,-0.08534814816129521,-0.008901998767625182,-0.03672717231242844,14.181780866275089,-0.009212017112773349,-0.008901998767625182,0.0020602262423818907,10.23652406486557,0.0,2.69976057823504,-0.014141911401828997,-0.012032881866237235,-0.0376657222030361,-0.009166768192301236
18469,2016,8,Justin Hardy,Packers,WR,-0.05232294783073433,-0.01455117907917386,-0.00909327926901158,-0.017806114244894058,-0.08534814816129521,-0.008901998767625182,-0.03672717231242844,-0.017040236321796968,-0.009212017112773349,-0.008901998767625182,0.0020602262423818907,-0.0381048131177734,0.0,-0.06774621197648763,-0.014141911401828995,-0.012032881866237235,-0.0376657222030361,-0.009166768192301236
18476,2016,8,Justin Hunter,Patriots,WR,-0.04808662524381018,-0.01455117907917386,-0.00909327926901158,-0.017806114244894058,-0.08534814816129521,-0.008901998767625182,-0.03672717231242844,-0.017039225677484567,-0.009212017112773349,-0.008901998767625182,0.0020602262423818907,-0.03721138883244994,0.0,-0.06794607469961207,-0.014141911401828997,-0.012032881866237235,-0.0376657222030361,-0.009166768192301236
18423,2016,8,Kelvin Benjamin,Cardinals,WR,0.4899263432955569,-0.01455117907917386,-0.00909327926901158,-0.017806114244894058,-0.08534814816129521,-0.008901998767625182,-0.03672717231242844,0.0063196510472853145,-0.009212017112773349,-0.008901998767625182,0.0020602262423818907,0.41952459774388423,0.0,0.22355181896545173,-0.014141911401828995,-0.012032881866237235,-0.0376657222030361,-0.009166768192301236
18389,2016,8,Kendall Wright,Jaguars,WR,-0.05062841879596467,-0.01455117907917386,-0.00909327926901158,-0.017806114244894058,-0.08534814816129521,-0.008901998767625182,-0.03672717231242844,0.06037217352154334,-0.009210706476803932,-0.008901998767625182,-0.19794019821038464,0.18036546666503234,0.0,0.1574030415913775,-0.014141865967838724,-0.012032881866237235,-0.0376657222030361,-0.009166768192301236
18421,2016,8,Larry Fitzgerald,Panthers,WR,0.7557555856250472,-0.01455117907917386,-0.00909327926901158,-0.017806114244894058,-0.08534814816129521,-0.008901998767625182,-0.03672717231242844,-0.011406638800240163,-0.00921201703421909,-0.008901998767625182,-0.24794030432357628,0.2987489496582467,0.0,1.15945208887989,-0.014141854609341156,-0.012032881866237235,-0.0376657222030361,-0.009166768192301236
18462,2016,8,Lucky Whitehead,Eagles,WR,-0.06079559300458263,-0.01455117907917386,-0.00909327926901158,-0.017806114244894058,-0.08534814816129521,-0.008901998767625182,-0.03672717231242844,-0.01703625594146771,-0.009147205895120823,-0.008901998767625182,-0.19794019821038464,-0.03849634452279541,0.0,-0.06796342663996602,-0.014141684231877638,-0.012032881866237235,-0.0376657222030361,-0.009166768192301236
18467,2016,8,Marqise Lee,Titans,WR,-0.060795593004582635,-0.01455117907917386,-0.009093279269011581,-0.017806114244894058,-0.08534814816129521,-0.008901998767625182,-0.03672717231242844,-0.0042302277467708505,-0.009212017112773349,-0.008901998767625182,-0.1407972197953085,-0.03687956602484103,0.0,0.029228808464207896,-0.014141911401828995,-0.012032881866237233,0.04742941102330037,-0.009166768192301236
18449,2016,8,Marvin Jones,Texans,WR,0.352245859220522,-0.01455117907917386,-0.00909327926901158,-0.017806114244894058,-0.08534814816129521,-0.008901998767625182,-0.03672717231242844,0.9714914978419575,-0.00921201710228826,-0.008901998767625182,0.0020602262423818907,4.380305984265312,0.0,0.0990708824357954,-0.014141883005585077,-0.012032881866237235,-0.0376657222030361,-0.009166768192301236
18406,2016,8,Michael Crabtree,Buccaneers,WR,6.8973642560183315,-0.01455117907917386,-0.00909327926901158,-0.017806114244894058,1.2346195354116771,-0.008901998767625182,-0.03672717231242844,0.010795521005459267,-0.009212017112773349,-0.008901998767625182,0.25206075680834006,1.021135910839524,0.0,0.4622729153373001,-0.014141911401828997,-0.012032881866237235,-0.0376657222030361,-0.009166768192301236
18425,2016,8,Michael Thomas,Seahawks,WR,-0.04990219206677767,-0.01455117907917386,-0.009093279269011581,-0.017806114244894058,-0.08534814816129521,-0.008901998767625182,-0.03672717231242844,0.030792298684936326,-0.009212017112773349,-0.008901998767625182,-0.1407972197953085,-0.009338684098650718,0.0,0.8073866832269806,-0.014141911401828995,-0.012032881866237233,-0.0376657222030361,-0.009166768192301236
18422,2016,8,Mike Evans,Raiders,WR,0.4185140482588355,-0.01455117907917386,-0.009093279269011581,-0.017806114244894058,1.4231863473506734,-0.008901998767625182,-0.03672717231242844,0.04957053435030281,-0.009212017112773349,-0.008901998767625182,0.14491767228007227,0.40711909029374127,0.0,0.9090804008115477,-0.014141911401828995,-0.012032881866237233,-0.0376657222030361,-0.009166768192301236
18396,2016,8,Mohamed Sanu,Packers,WR,-0.05126386718400329,-0.01455117907917386,-0.00909327926901158,-0.017806114244894058,1.2346195354116771,-0.008901998767625182,-0.03672717231242844,-0.013801544936429233,-0.009212017112773349,-0.008901998767625182,0.0020602262423818907,0.010805814886196773,0.0,0.2616191152086206,-0.014141911401828997,-0.012032881866237235,0.03679251937000831,-0.009166768192301236
18461,2016,8,Nelson Agholor,Cowboys,WR,-0.057164459358647654,-0.01455117907917386,-0.009093279269011581,-0.017806114244894058,-0.08534814816129521,-0.008901998767625182,-0.03672717231242844,-0.01687980561628567,-0.00921201668471274,-0.008901998767625182,0.14491767228007227,-0.03564819453043124,0.0,-0.0649489334813331,-0.014141878948978804,-0.012032881866237233,-0.0376657222030361,-0.009166768192301236
18445,2016,8,Paul Richardson,Saints,WR,-0.06079559300458263,-0.01455117907917386,-0.00909327926901158,-0.017806114244894058,-0.08534814816129521,-0.008901998767625182,-0.03672717231242844,-0.017030886165519867,-0.009212017112773349,-0.008901998767625182,0.6020614996006814,-0.03851147907312742,0.0,-0.06771639471492703,-0.014141911401828997,-0.012032881866237235,-0.0376657222030361,-0.009166768192301236
18451,2016,8,Phillip Dorsett,Chiefs,WR,-0.057164459358647654,-0.01455117907917386,-0.009093279269011581,-0.017806114244894058,-0.08534814816129521,-0.008901998767625182,-0.03672717231242844,-0.012035737099383697,-0.009212017100790393,-0.008901998767625182,-0.1407972197953085,-0.032547995308457825,0.0,-0.06057999134323518,-0.014141878948978804,-0.012032881866237233,-0.0376657222030361,-0.009166768192301236
18481,2016,8,Philly Brown,Cardinals,WR,-0.057164459358647654,-0.01455117907917386,-0.009093279269011581,-0.017806114244894058,-0.08534814816129521,-0.008901998767625182,-0.03672717231242844,-0.016856080726505313,-0.009212017112773349,-0.008901998767625182,-0.1407972197953085,-0.03703254963559305,0.0,-0.06057999134323518,-0.014141911401828995,-0.012032881866237233,0.04742941102330037,-0.009166768192301236
18428,2016,8,Pierre Garcon,Bengals,WR,-0.05761835106438952,-0.01455117907917386,-0.00909327926901158,-0.017806114244894058,-0.08534814816129521,-0.008901998767625182,-0.03672717231242844,-0.015313261615245563,-0.009212017112773349,-0.008901998767625182,0.0020602262423818907,-0.035846490089145575,0.0,-0.00048167729489211747,-0.014141911401828997,-0.012032881866237235,-0.0376657222030361,-0.009166768192301236
18395,2016,8,Quincy Enunwa,Browns,WR,-0.05126386718400329,-0.01455117907917386,-0.00909327926901158,-0.017806114244894058,-0.08534814816129521,-0.008901998767625182,-0.03672717231242844,-0.008678231207932235,-0.009212017112773349,-0.008901998767625182,0.25206075680834006,-0.005331356749310574,0.0,0.027650855678959356,-0.014141911401828997,-0.012032881866237235,-0.0376657222030361,-0.009166768192301236
18468,2016,8,Rashard Higgins,Jets,WR,-0.06079559300458263,-0.01455117907917386,-0.00909327926901158,-0.017806114244894058,-0.08534814816129521,-0.008901998767625182,-0.03672717231242844,-0.017042591203343893,-0.009212017112773349,-0.008901998767625182,0.33539426699699276,-0.03851240393718902,0.0,-0.06794043287568746,-0.014141911401828999,-0.012032881866237235,-0.0376657222030361,-0.009166768192301236
18447,2016,8,Ricardo Louis,Jets,WR,-0.06079559300458263,-0.01455117907917386,-0.00909327926901158,-0.017806114244894058,-0.08534814816129521,-0.008901998767625182,-0.03672717231242844,-0.016611865775178074,-0.009212017112773349,-0.008901998767625182,0.33539426699699276,-0.038461245873412285,0.0,-0.06061085954522538,-0.014141911401828995,-0.012032881866237235,-0.0376657222030361,-0.009166768192301236
18410,2016,8,Rishard Matthews,Jaguars,WR,-0.05126386718400329,-0.01455117907917386,-0.00909327926901158,-0.017806114244894058,-0.08534814816129521,-0.008901998767625182,-0.03672717231242844,-0.014918572914150949,-0.009212017112773349,-0.008901998767625182,-0.24794030432357628,-0.028949177332298483,0.0,-0.06315076869465386,-0.014141911401828997,-0.012032881866237235,-0.0376657222030361,-0.009166768192301236
18453,2016,8,Robby Anderson,Browns,WR,-0.06079559300458263,-0.01455117907917386,-0.00909327926901158,-0.017806114244894058,-0.08534814816129521,-0.008901998767625182,-0.03672717231242844,-0.0170192176183353,-0.009072215942702067,-0.008901998767625182,0.33539426699699276,-0.0383705529031745,0.0,-0.06609640050473929,-0.014141873540170435,-0.012032881866237235,-0.0376657222030361,-0.009166768192301236
18429,2016,8,Robert Woods,Patriots,WR,-0.05716445935864765,-0.01455117907917386,-0.009093279269011581,-0.017806114244894058,-0.08534814816129521,-0.008901998767625182,-0.03672717231242844,-0.013703345490240873,-0.0092120155789548,-0.008901998767625182,-0.1407972197953085,-0.036713121182569634,0.0,0.02452691621319597,-0.0141418789489788,-0.012032881866237233,-0.0376657222030361,-0.009166768192301236
18413,2016,8,Russell Shepard,Raiders,WR,-0.05062841879596467,-0.01455117907917386,-0.00909327926901158,-0.017806114244894058,-0.08534814816129521,-0.008901998767625182,-0.03672717231242844,-0.015419604969606723,-0.009211980423354275,-0.008901998767625182,0.20206065069514842,-0.025182013826154686,0.0,-0.05960666819521794,-0.014141865967838724,-0.012032881866237235,-0.0376657222030361,-0.009166768192301236
18470,2016,8,Ryan Grant,Bengals,WR,-0.06079559300458263,-0.01455117907917386,-0.00909327926901158,-0.017806114244894058,-0.08534814816129521,-0.008901998767625182,-0.03672717231242844,-0.017042692109444136,-0.009212017112773349,-0.008901998767625182,0.33539426699699276,-0.038512404622425785,0.0,-0.06796300017138589,-0.014141911401828999,-0.012032881866237235,-0.0376657222030361,-0.009166768192301236
18480,2016,8,Seth Devalve,Jets,WR,-0.06079559300458263,-0.01455117907917386,-0.00909327926901158,-0.017806114244894058,-0.08534814816129521,-0.008901998767625182,-0.03672717231242844,-0.01704276124515091,-0.009212017112773349,-0.008901998767625182,-0.9979418960214508,-0.03851240496504416,0.0,-0.06796300017138589,-0.014141911401828997,-0.012032881866237235,-0.0376657222030361,-0.009166768192301236
18398,2016,8,Seth Roberts,Buccaneers,WR,-0.04808662524381018,-0.01455117907917386,-0.00909327926901158,-0.017806114244894058,-0.08534814816129521,-0.008901998767625182,-0.03672717231242844,-0.016555276691543275,-0.009212017112773349,-0.008901998767625182,0.25206075680834006,-0.033425445256426586,0.0,-0.06626325633671426,-0.014141911401828997,-0.012032881866237235,-0.0376657222030361,-0.009166768192301236
18397,2016,8,Stefon Diggs,Bears,WR,-0.05232294783073433,-0.01455117907917386,-0.00909327926901158,-0.017806114244894058,-0.08534814816129521,-0.008901998767625182,-0.03672717231242844,0.5519404051865245,-0.009212017112786134,-0.008901998767625182,0.33539426699699276,0.7596604085169609,0.0,0.624896957342624,-0.014141835678511877,-0.012032881866237235,-0.0376657222030361,-0.009166768192301236
18458,2016,8,T.Y. Hilton,Chiefs,WR,-0.04808662524381018,-0.01455117907917386,-0.00909327926901158,-0.017806114244894058,-0.08534814816129521,-0.008901998767625182,-0.03672717231242844,0.6060898252621018,-0.009212017112773349,-0.008901998767625182,0.0020602262423818907,0.9526456247791087,0.0,0.8677848960732777,-0.014141911401828997,-0.012032881866237235,-0.0376657222030361,-0.009166768192301236
18463,2016,8,Tajae Sharpe,Jaguars,WR,-0.06079559300458263,-0.01455117907917386,-0.00909327926901158,-0.017806114244894058,-0.08534814816129521,-0.008901998767625182,-0.03672717231242844,-0.015920179611306103,-0.009212017112768554,-0.008901998767625182,-0.24794030432357628,-0.03839417053047789,0.0,-0.010739779268424066,-0.014141883005585077,-0.012032881866237235,-0.0376657222030361,-0.009166768192301236
18466,2016,8,Tanner McEvoy,Saints,WR,-0.054441109124196405,-0.01455117907917386,0.003748840737135035,-0.017806114244894058,-0.08534814816129521,-0.008901998767625182,-0.03672717231242844,-0.017013570883146756,-0.009212017112773349,-0.008901998767625182,0.5020612873742982,-0.035942766325716594,0.0,-0.06796313344281718,-0.014141911401828997,9.189607431020065,-0.0376657222030361,-0.008807409921343105
18403,2016,8,Taylor Gabriel,Packers,WR,-0.055712005900273656,-0.01455117907917386,-0.00909327926901158,-0.017806114244894058,-0.08534814816129521,-0.008901998767625182,-0.03672717231242844,-0.016290025553788088,-0.009212017112773349,-0.008901998767625182,0.20206065069514842,-0.031142605441377896,0.0,-0.06746978925846817,-0.014141911401828997,-0.012032881866237235,-0.0376657222030361,-0.009166768192301236
18435,2016,8,Ted Ginn Jr.,Cardinals,WR,-0.060795593004582635,-0.01455117907917386,-0.009093279269011581,-0.017806114244894058,-0.08534814816129521,-0.008901998767625182,-0.03672717231242844,-0.016542067173980088,-0.009205001377832946,-0.008901998767625182,-0.1407972197953085,-0.03844593239797186,0.0,-0.055878099092223264,-0.014133538566478768,-0.012032881866237233,0.13252454424963683,-0.009166768192301236
18454,2016,8,Terrance Williams,Eagles,WR,-0.056559270417658486,-0.01455117907917386,-0.00909327926901158,-0.017806114244894058,-0.08534814816129521,-0.008901998767625182,-0.03672717231242844,-0.011748873161152001,-0.009212017112773349,-0.008901998767625182,-0.331273814512229,-0.03637567501615855,0.0,-0.05644959237462897,-0.014141911401828995,-0.012032881866237235,0.061611933227689784,-0.009166768192301236
18399,2016,8,Terrelle Pryor,Jets,WR,0.34906861728032884,0.091719584797663,14.04660706745846,-0.017806114244894058,1.2346195354116771,-0.008901998767625182,-0.03672717231242844,0.0722032792384511,-0.009203383513269107,-0.008901998767625182,0.25206075680834006,0.5197192590830729,0.0,0.41986381355794733,-0.013672975829728247,1.0769797216196626,-0.0376657222030361,14.421403639537894
18409,2016,8,Travis Benjamin,Broncos,WR,0.34906861728032884,-0.01455117907917386,-0.00909327926901158,-0.017806114244894058,-0.08534814816129521,-0.008901998767625182,-0.03672717231242844,0.02045227095644614,-0.009212017112778144,-0.008901998767625182,0.25206075680834006,0.40285099278969205,0.0,0.0640117000920817,-0.014141883005585077,-0.012032881866237235,0.18570900251609712,-0.00898708905682217
18414,2016,8,Trevor Davis,Falcons,WR,-0.035377657483037735,-0.01455117907917386,-0.00909327926901158,-0.017806114244894058,-0.08534814816129521,-0.008901998767625182,-0.03672717231242844,-0.0170404425951334,-0.009212017112773349,-0.008901998767625182,1.0020623485062146,-0.036356836487017465,0.0,-0.06679767477618684,-0.014141911401828997,-0.012032881866237235,-0.0376657222030361,-0.009166768192301236
18452,2016,8,Tyler Boyd,Redskins,WR,-0.06079559300458263,-0.01455117907917386,-0.00909327926901158,-0.017806114244894058,-0.08534814816129521,-0.008901998767625182,-0.03672717231242844,-0.014708908490602211,-0.00921201710228826,-0.008901998767625182,0.0020602262423818907,-0.03837004921132499,0.0,-0.042711995449169385,-0.014141883005585077,-0.012032881866237235,0.03679251937000831,-0.009166768192301236
18448,2016,8,Tyler Lockett,Saints,WR,-0.06079559300458263,-0.01455117907917386,-0.00909327926901158,-0.017806114244894058,-0.08534814816129521,-0.008901998767625182,-0.03672717231242844,-0.009186110657039037,-0.009212017111955125,-0.008901998767625182,0.33539426699699276,-0.03769264131927513,0.0,-0.06465209358004002,-0.014141873540170437,-0.012032881866237235,-0.0376657222030361,-0.009166768192301236
18393,2016,8,Tyreek Hill,Colts,WR,-0.046271058420842684,-0.01455117907917386,-0.009093279269011581,-0.017806114244894058,-0.08534814816129521,-0.008901998767625182,-0.03672717231242844,-0.010763770177062199,-0.00919335697599598,-0.008901998767625182,0.14491767228007227,-0.010213513199539235,0.0,-0.055878099092223264,-0.014137627625603302,-0.012032881866237233,-0.0376657222030361,-0.009166768192301236
18472,2016,8,Tyrell Williams,Broncos,WR,-0.054441109124196405,-0.01455117907917386,-0.00909327926901158,-0.017806114244894058,-0.08534814816129521,-0.008901998767625182,-0.03672717231242844,0.06979304332036075,-0.009212017112773349,-0.008901998767625182,0.25206075680834006,0.032500048373198975,0.0,0.016279470804147066,-0.014141911401828997,-0.012032881866237235,-0.0376657222030361,-0.009166768192301236
18431,2016,8,Walter Powell,Patriots,WR,-0.06079559300458263,-0.01455117907917386,-0.00909327926901158,-0.017806114244894058,-0.08534814816129521,-0.008901998767625182,-0.03672717231242844,-0.01672577607697919,-0.009212017112773349,-0.008901998767625182,0.0020602262423818907,-0.038492230995102864,0.0,-0.06518002614318981,-0.014141911401828997,-0.012032881866237235,-0.0376657222030361,-0.009166768192301236
18460,2016,8,Will Fuller,Lions,WR,-0.053533325712712666,-0.01455117907917386,-0.009093279269011581,-0.017806114244894058,-0.08534814816129521,-0.008901998767625182,-0.03672717231242844,0.005712865976026084,-0.009212017112773349,-0.008901998767625182,-0.1407972197953085,0.017850972235022806,0.0,0.0033652406468431878,-0.014141911401828995,-0.012032881866237233,-0.0376657222030361,-0.009166768192301236
18430,2016,8,Willie Snead,Seahawks,WR,-0.05232294783073433,-0.01455117907917386,-0.00909327926901158,-0.017806114244894058,-0.08534814816129521,-0.008901998767625182,-0.03672717231242844,0.3616795302769611,-0.009212017112773349,-0.008901998767625182,0.0020602262423818907,0.5484792937410085,0.0,0.815215935577159,-0.014141911401828995,-0.012032881866237235,-0.0376657222030361,-0.009166768192301236
